data,wse,phase
1995-01-01,3.24,High
1995-01-02,3.82,High
1995-01-03,4.13,High
1995-01-04,4.11,High
1995-01-05,4.13,High
1995-01-06,4.09,High
1995-01-07,4.11,High
1995-01-08,4.13,High
1995-01-09,4.11,High
1995-01-10,4.06,High
1995-01-11,3.94,High
1995-01-12,3.83,High
1995-01-13,3.37,High
1995-01-14,3.52,High
1995-01-15,3.47,High
1995-01-16,3.37,High
1995-01-17,3.31,High
1995-01-18,3.26,High
1995-01-19,3.24,High
1995-01-20,3.25,High
1995-01-21,3.28,Falling
1995-01-22,3.31,Falling
1995-01-23,3.34,Falling
1995-01-24,3.31,Falling
1995-01-25,3.3,Falling
1995-01-26,3.25,Falling
1995-01-27,3.19,Falling
1995-01-28,3.22,Falling
1995-01-29,3.21,Falling
1995-01-30,3.16,Falling
1995-01-31,3.08,Falling
1995-02-01,3.01,Falling
1995-02-02,2.99,Falling
1995-02-03,2.95,Falling
1995-02-04,2.94,Falling
1995-02-05,2.96,Rising
1995-02-06,3.05,Rising
1995-02-07,3.16,Rising
1995-02-08,3.16,Rising
1995-02-09,3.11,Rising
1995-02-10,3.07,Rising
1995-02-11,3.01,Rising
1995-02-12,3.02,Rising
1995-02-13,3.14,Rising
1995-02-14,3.14,Rising
1995-02-15,3.15,Rising
1995-02-16,3.05,Rising
1995-02-17,3.04,Rising
1995-02-18,3.14,Rising
1995-02-19,3.33,High
1995-02-20,3.43,High
1995-02-21,3.44,High
1995-02-22,3.42,High
1995-02-23,3.44,High
1995-02-24,3.5,High
1995-02-25,3.53,High
1995-02-26,3.57,High
1995-02-27,3.87,High
1995-02-28,4.24,High
1995-03-01,4.42,High
1995-03-02,4.33,High
1995-03-03,4.43,High
1995-03-04,4.28,High
1995-03-05,4.1,High
1995-03-06,3.93,High
1995-03-07,3.82,High
1995-03-08,3.77,High
1995-03-09,3.76,High
1995-03-10,3.82,High
1995-03-11,3.97,High
1995-03-12,4.1,High
1995-03-13,4.17,High
1995-03-14,4.18,High
1995-03-15,4.2,High
1995-03-16,4.27,High
1995-03-17,4.43,High
1995-03-18,4.45,High
1995-03-19,4.37,High
1995-03-20,4.23,High
1995-03-21,4.13,High
1995-03-22,4.06,High
1995-03-23,4.02,High
1995-03-24,4.03,High
1995-03-25,4.08,High
1995-03-26,4.2,High
1995-03-27,4.37,High
1995-03-28,4.59,High
1995-03-29,4.66,High
1995-03-30,4.62,High
1995-03-31,4.51,High
1995-04-01,4.35,High
1995-04-02,4.18,High
1995-04-03,4.05,High
1995-04-04,3.93,High
1995-04-05,3.86,High
1995-04-06,3.79,High
1995-04-07,3.76,High
1995-04-08,3.72,High
1995-04-09,3.65,High
1995-04-10,3.6,High
1995-04-11,3.52,High
1995-04-12,3.44,High
1995-04-13,3.34,High
1995-04-14,3.24,High
1995-04-15,3.23,Falling
1995-04-16,3.23,Falling
1995-04-17,3.13,Falling
1995-04-18,3.1,Falling
1995-04-19,3.06,Falling
1995-04-20,3.02,Falling
1995-04-21,3.01,Falling
1995-04-22,2.96,Falling
1995-04-23,2.93,Falling
1995-04-24,2.9,Falling
1995-04-25,2.93,Falling
1995-04-26,2.85,Falling
1995-04-27,2.83,Falling
1995-04-28,2.82,Falling
1995-04-29,2.81,Falling
1995-04-30,2.79,Falling
1995-05-01,2.79,Falling
1995-05-02,2.75,Rising
1995-05-03,2.71,Rising
1995-05-04,2.69,Rising
1995-05-05,2.7,Rising
1995-05-06,2.73,Rising
1995-05-07,2.87,Falling
1995-05-08,2.89,Falling
1995-05-09,2.92,Falling
1995-05-10,2.92,Falling
1995-05-11,2.95,Falling
1995-05-12,2.98,Falling
1995-05-13,3.07,Falling
1995-05-14,3.15,Falling
1995-05-15,3.23,Falling
1995-05-16,3.24,Falling
1995-05-17,3.19,Falling
1995-05-18,3.13,Falling
1995-05-19,3.09,Falling
1995-05-20,3.03,Falling
1995-05-21,2.97,Falling
1995-05-22,2.91,Falling
1995-05-23,2.85,Falling
1995-05-24,2.81,Falling
1995-05-25,2.77,Falling
1995-05-26,2.71,Falling
1995-05-27,2.67,Falling
1995-05-28,2.64,Falling
1995-05-29,2.6,Falling
1995-05-30,2.59,Falling
1995-05-31,2.55,Falling
1995-06-01,2.51,Falling
1995-06-02,2.49,Falling
1995-06-03,2.46,Falling
1995-06-04,2.41,Falling
1995-06-05,2.37,Falling
1995-06-06,2.4,Falling
1995-06-07,2.31,Falling
1995-06-08,2.29,Falling
1995-06-09,2.25,Falling
1995-06-10,2.24,Falling
1995-06-11,2.22,Falling
1995-06-12,2.25,Falling
1995-06-13,2.16,Falling
1995-06-14,2.2,Falling
1995-06-15,2.15,Falling
1995-06-16,2.15,Falling
1995-06-17,2.13,Falling
1995-06-18,2.11,Falling
1995-06-19,2.13,Falling
1995-06-20,2.17,Falling
1995-06-21,2.23,Falling
1995-06-22,2.31,Falling
1995-06-23,2.36,Falling
1995-06-24,2.36,Falling
1995-06-25,2.35,Falling
1995-06-26,2.34,Falling
1995-06-27,2.31,Falling
1995-06-28,2.27,Falling
1995-06-29,2.26,Falling
1995-06-30,2.24,Falling
1995-07-01,2.22,Falling
1995-07-02,2.2,Falling
1995-07-03,2.18,Falling
1995-07-04,2.16,Falling
1995-07-05,2.12,Falling
1995-07-06,2.11,Low
1995-07-07,2.19,Low
1995-07-08,2.07,Low
1995-07-09,2.05,Low
1995-07-10,2.05,Low
1995-07-11,2.05,Low
1995-07-12,2.04,Low
1995-07-13,2.02,Low
1995-07-14,2.03,Low
1995-07-15,1.99,Low
1995-07-16,1.96,Low
1995-07-17,1.97,Low
1995-07-18,1.95,Low
1995-07-19,1.95,Low
1995-07-20,1.93,Low
1995-07-21,1.92,Low
1995-07-22,1.94,Low
1995-07-23,1.93,Low
1995-07-24,1.93,Low
1995-07-25,1.93,Low
1995-07-26,1.93,Low
1995-07-27,1.93,Low
1995-07-28,1.93,Low
1995-07-29,1.93,Low
1995-07-30,1.92,Low
1995-07-31,1.89,Low
1995-08-01,1.88,Low
1995-08-02,1.88,Low
1995-08-03,1.87,Low
1995-08-04,1.87,Low
1995-08-05,1.87,Low
1995-08-06,1.86,Low
1995-08-07,1.86,Low
1995-08-08,1.87,Low
1995-08-09,1.87,Low
1995-08-10,1.87,Low
1995-08-11,1.86,Low
1995-08-12,1.86,Low
1995-08-13,1.85,Low
1995-08-14,1.85,Low
1995-08-15,1.84,Low
1995-08-16,1.84,Low
1995-08-17,1.84,Low
1995-08-18,1.84,Low
1995-08-19,1.84,Low
1995-08-20,1.82,Low
1995-08-21,1.82,Low
1995-08-22,1.82,Low
1995-08-23,1.82,Low
1995-08-24,1.82,Low
1995-08-25,1.81,Low
1995-08-26,1.81,Low
1995-08-27,1.8,Low
1995-08-28,1.8,Low
1995-08-29,1.81,Low
1995-08-30,1.81,Low
1995-08-31,1.81,Low
1995-09-01,1.8,Low
1995-09-02,1.78,Low
1995-09-03,1.78,Low
1995-09-04,1.78,Low
1995-09-05,1.78,Low
1995-09-06,1.78,Low
1995-09-07,1.78,Low
1995-09-08,1.78,Low
1995-09-09,1.79,Low
1995-09-10,1.79,Low
1995-09-11,1.76,Low
1995-09-12,1.76,Low
1995-09-13,1.8,Low
1995-09-14,1.81,Low
1995-09-15,1.83,Low
1995-09-16,1.86,Low
1995-09-17,1.86,Low
1995-09-18,1.87,Low
1995-09-19,1.84,Low
1995-09-20,1.8,Low
1995-09-21,1.8,Low
1995-09-22,1.78,Low
1995-09-23,1.79,Low
1995-09-24,1.76,Low
1995-09-25,1.76,Low
1995-09-26,1.77,Low
1995-09-27,1.77,Low
1995-09-28,1.79,Low
1995-09-29,1.78,Low
1995-09-30,1.78,Low
1995-10-01,1.79,Low
1995-10-02,1.8,Low
1995-10-03,1.8,Low
1995-10-04,1.81,Low
1995-10-05,1.78,Low
1995-10-06,1.79,Low
1995-10-07,1.79,Low
1995-10-08,1.76,Low
1995-10-09,1.77,Low
1995-10-10,1.76,Low
1995-10-11,1.81,Low
1995-10-12,1.85,Low
1995-10-13,1.9,Low
1995-10-14,1.87,Low
1995-10-15,1.86,Low
1995-10-16,1.83,Low
1995-10-17,1.84,Low
1995-10-18,1.87,Low
1995-10-19,1.89,Low
1995-10-20,1.9,Low
1995-10-21,1.93,Low
1995-10-22,1.94,Low
1995-10-23,1.95,Low
1995-10-24,1.94,Low
1995-10-25,1.88,Low
1995-10-26,1.86,Low
1995-10-27,1.83,Low
1995-10-28,1.79,Low
1995-10-29,1.77,Low
1995-10-30,1.78,Low
1995-10-31,1.82,Low
1995-11-01,1.86,Low
1995-11-02,1.85,Low
1995-11-03,1.83,Low
1995-11-04,1.8,Low
1995-11-05,1.77,Rising
1995-11-06,1.74,Rising
1995-11-07,1.73,Rising
1995-11-08,1.78,Rising
1995-11-09,1.78,Rising
1995-11-10,1.8,Rising
1995-11-11,1.83,Rising
1995-11-12,1.91,Rising
1995-11-13,2.01,Rising
1995-11-14,2.09,Rising
1995-11-15,2.15,Rising
1995-11-16,2.17,Rising
1995-11-17,2.22,Rising
1995-11-18,2.23,Rising
1995-11-19,2.24,Rising
1995-11-20,2.24,Rising
1995-11-21,2.2,Rising
1995-11-22,2.18,Rising
1995-11-23,2.25,Rising
1995-11-24,2.27,Rising
1995-11-25,2.28,Rising
1995-11-26,2.26,Rising
1995-11-27,2.26,Rising
1995-11-28,2.24,Rising
1995-11-29,2.22,Rising
1995-11-30,2.21,Rising
1995-12-01,2.22,Rising
1995-12-02,2.24,Rising
1995-12-03,2.26,Rising
1995-12-04,2.24,Rising
1995-12-05,2.22,Rising
1995-12-06,2.21,Rising
1995-12-07,2.21,Rising
1995-12-08,2.24,Rising
1995-12-09,2.3,Rising
1995-12-10,2.39,Rising
1995-12-11,2.43,Rising
1995-12-12,2.46,Rising
1995-12-13,2.59,Rising
1995-12-14,2.73,Rising
1995-12-15,3.05,Rising
1995-12-16,3.52,High
1995-12-17,3.7,High
1995-12-18,3.84,High
1995-12-19,3.83,High
1995-12-20,3.75,High
1995-12-21,3.63,High
1995-12-22,3.5,High
1995-12-23,3.39,High
1995-12-24,3.31,High
1995-12-25,3.24,High
1995-12-26,3.19,High
1995-12-27,3.1,High
1995-12-28,3.03,High
1995-12-29,2.96,High
1995-12-30,2.88,High
1995-12-31,2.81,High
1996-01-01,2.74,High
1996-01-02,2.65,Falling
1996-01-03,2.6,Falling
1996-01-04,2.55,Falling
1996-01-05,2.51,Falling
1996-01-06,2.49,Falling
1996-01-07,2.44,Falling
1996-01-08,2.43,Falling
1996-01-09,2.39,Falling
1996-01-10,2.35,Falling
1996-01-11,2.33,Falling
1996-01-12,2.32,Falling
1996-01-13,2.32,Falling
1996-01-14,2.37,Falling
1996-01-15,2.43,Falling
1996-01-16,2.45,Falling
1996-01-17,2.45,Falling
1996-01-18,2.44,Rising
1996-01-19,2.48,Rising
1996-01-20,2.51,Rising
1996-01-21,2.53,Rising
1996-01-22,2.54,Rising
1996-01-23,2.56,Rising
1996-01-24,2.58,Rising
1996-01-25,2.58,Rising
1996-01-26,2.62,Rising
1996-01-27,2.63,Rising
1996-01-28,2.67,Rising
1996-01-29,2.71,Rising
1996-01-30,2.72,Rising
1996-01-31,2.74,Rising
1996-02-01,2.75,Rising
1996-02-02,2.78,Rising
1996-02-03,2.81,Rising
1996-02-04,2.84,Rising
1996-02-05,2.84,Rising
1996-02-06,2.8,Rising
1996-02-07,2.78,Rising
1996-02-08,2.77,Rising
1996-02-09,2.75,Falling
1996-02-10,2.71,Falling
1996-02-11,2.71,Falling
1996-02-12,2.71,Falling
1996-02-13,2.73,Falling
1996-02-14,2.8,Rising
1996-02-15,2.89,Rising
1996-02-16,2.96,Rising
1996-02-17,2.96,Rising
1996-02-18,2.92,Rising
1996-02-19,2.84,Rising
1996-02-20,2.75,Rising
1996-02-21,2.67,Rising
1996-02-22,2.6,Rising
1996-02-23,2.56,Rising
1996-02-24,2.54,High
1996-02-25,2.57,High
1996-02-26,2.58,High
1996-02-27,2.63,High
1996-02-28,2.72,High
1996-02-29,2.85,High
1996-03-01,3.1,High
1996-03-02,3.19,High
1996-03-03,3.22,High
1996-03-04,3.22,High
1996-03-05,3.26,High
1996-03-06,3.24,High
1996-03-07,3.26,High
1996-03-08,3.53,High
1996-03-09,3.9,High
1996-03-10,4.05,High
1996-03-11,4.03,High
1996-03-12,3.95,High
1996-03-13,3.84,High
1996-03-14,3.74,High
1996-03-15,3.71,High
1996-03-16,3.65,High
1996-03-17,3.77,High
1996-03-18,3.84,High
1996-03-19,3.75,High
1996-03-20,3.75,High
1996-03-21,4.03,High
1996-03-22,4.42,High
1996-03-23,4.66,High
1996-03-24,4.83,High
1996-03-25,4.96,High
1996-03-30,4.97,High
1996-03-31,4.7,High
1996-04-01,4.52,High
1996-04-02,4.37,High
1996-04-03,4.22,High
1996-04-04,4.2,High
1996-04-05,4.2,High
1996-04-06,4.2,High
1996-04-07,4.15,High
1996-04-08,4.09,High
1996-04-09,4.0,High
1996-04-10,3.94,High
1996-04-11,3.85,High
1996-04-12,3.81,High
1996-04-13,3.85,High
1996-04-14,3.96,High
1996-04-15,4.09,High
1996-04-16,4.19,High
1996-04-17,4.28,High
1996-04-18,4.3,High
1996-04-19,4.28,High
1996-04-20,4.19,High
1996-04-21,4.09,High
1996-04-22,4.08,High
1996-04-23,4.24,High
1996-04-24,4.32,High
1996-04-25,4.24,High
1996-04-26,4.06,High
1996-04-27,3.83,High
1996-04-28,3.7,High
1996-04-29,3.68,High
1996-04-30,3.58,High
1996-05-01,3.38,High
1996-05-02,3.3,High
1996-05-03,3.23,High
1996-05-04,3.19,High
1996-05-05,3.13,High
1996-05-06,3.1,High
1996-05-07,3.05,High
1996-05-08,3.02,High
1996-05-09,2.96,High
1996-05-10,2.91,High
1996-05-11,2.89,High
1996-05-12,2.84,High
1996-05-13,2.79,High
1996-05-14,2.75,High
1996-05-15,2.72,High
1996-05-16,2.7,Falling
1996-05-17,2.7,Falling
1996-05-18,2.71,Falling
1996-05-19,2.73,Falling
1996-05-20,2.75,Falling
1996-05-21,2.74,Falling
1996-05-22,2.74,Falling
1996-05-23,2.74,Falling
1996-05-24,2.73,Falling
1996-05-25,2.7,Falling
1996-05-26,2.88,Falling
1996-05-27,2.76,Falling
1996-05-28,2.66,Falling
1996-05-29,2.65,Falling
1996-05-30,2.66,Falling
1996-05-31,2.66,Falling
1996-06-01,2.66,Falling
1996-06-02,2.64,Falling
1996-06-03,2.62,Falling
1996-06-04,2.6,Falling
1996-06-05,2.56,Falling
1996-06-06,2.52,Falling
1996-06-07,2.5,Falling
1996-06-08,2.46,Falling
1996-06-09,2.43,Falling
1996-06-10,2.41,Falling
1996-06-11,2.38,Falling
1996-06-12,2.35,Falling
1996-06-13,2.34,Falling
1996-06-14,2.31,Falling
1996-06-15,2.27,Falling
1996-06-16,2.23,Falling
1996-06-17,2.22,Falling
1996-06-18,2.2,Falling
1996-06-19,2.21,Falling
1996-06-20,2.17,Falling
1996-06-21,2.16,Falling
1996-06-22,2.15,Falling
1996-06-23,2.14,Falling
1996-06-24,2.14,Falling
1996-06-25,2.14,Falling
1996-06-26,2.15,Falling
1996-06-27,2.15,Falling
1996-06-28,2.15,Falling
1996-06-29,2.13,Falling
1996-06-30,2.12,Falling
1996-07-01,2.11,Falling
1996-07-02,2.1,Falling
1996-07-03,2.1,Falling
1996-07-04,2.11,Falling
1996-07-05,2.11,Falling
1996-07-06,2.08,Falling
1996-07-07,2.08,Falling
1996-07-08,2.06,Falling
1996-07-09,2.05,Falling
1996-07-10,2.04,Falling
1996-07-11,2.04,Falling
1996-07-12,2.02,Falling
1996-07-13,2.01,Falling
1996-07-14,2.0,Falling
1996-07-15,1.99,Falling
1996-07-16,1.98,Falling
1996-07-17,1.99,Falling
1996-07-18,1.96,Falling
1996-07-19,1.96,Falling
1996-07-20,1.94,Falling
1996-07-21,1.94,Falling
1996-07-22,1.92,Falling
1996-07-23,1.92,Falling
1996-07-24,1.9,Falling
1996-07-25,1.9,Falling
1996-07-26,1.9,Falling
1996-07-27,1.9,Falling
1996-07-28,1.9,Falling
1996-07-29,1.9,Falling
1996-07-30,1.9,Falling
1996-07-31,1.9,Low
1996-08-01,1.9,Low
1996-08-02,1.9,Low
1996-08-03,1.89,Low
1996-08-04,1.88,Low
1996-08-05,1.88,Low
1996-08-06,1.87,Low
1996-08-07,1.86,Low
1996-08-08,1.86,Low
1996-08-09,1.86,Low
1996-08-10,1.85,Low
1996-08-11,1.83,Low
1996-08-12,1.84,Low
1996-08-13,1.83,Low
1996-08-14,1.85,Low
1996-08-15,1.85,Low
1996-08-16,1.84,Low
1996-08-17,1.82,Low
1996-08-18,1.82,Low
1996-08-19,1.87,Low
1996-08-20,1.92,Low
1996-08-21,1.8,Low
1996-08-22,1.94,Low
1996-08-23,1.96,Low
1996-08-24,2.02,Low
1996-08-25,2.02,Low
1996-08-26,2.02,Low
1996-08-27,2.0,Low
1996-08-28,1.95,Low
1996-08-29,1.93,Low
1996-08-30,1.91,Low
1996-08-31,1.88,Low
1996-09-01,1.87,Low
1996-09-02,1.84,Low
1996-09-03,1.84,Low
1996-09-04,1.82,Low
1996-09-05,1.81,Low
1996-09-06,1.81,Low
1996-09-07,1.81,Low
1996-09-08,1.87,Low
1996-09-09,1.89,Low
1996-09-10,1.91,Low
1996-09-11,1.87,Low
1996-09-12,1.85,Low
1996-09-13,1.84,Low
1996-09-14,1.83,Low
1996-09-15,1.83,Low
1996-09-16,1.81,Low
1996-09-17,1.81,Low
1996-09-18,1.78,Low
1996-09-19,1.77,Low
1996-09-20,1.77,Low
1996-09-21,1.85,Low
1996-09-22,1.9,Low
1996-09-23,1.88,Low
1996-09-24,1.9,Low
1996-09-25,1.95,Low
1996-09-26,2.05,Low
1996-09-27,2.1,Low
1996-09-28,2.09,Low
1996-09-29,2.03,Low
1996-09-30,1.96,Low
1996-10-01,1.93,Low
1996-10-02,1.9,Low
1996-10-03,1.88,Low
1996-10-04,1.88,Low
1996-10-05,1.9,Low
1996-10-06,1.88,Low
1996-10-07,1.88,Low
1996-10-08,1.85,Low
1996-10-09,1.83,Low
1996-10-10,1.85,Low
1996-10-11,1.83,Low
1996-10-12,1.81,Low
1996-10-13,1.81,Low
1996-10-14,1.81,Low
1996-10-15,1.78,Low
1996-10-16,1.77,Low
1996-10-17,1.76,Low
1996-10-18,1.75,Low
1996-10-19,1.75,Low
1996-10-20,1.81,Low
1996-10-21,1.77,Low
1996-10-22,1.76,Low
1996-10-23,1.79,Low
1996-10-24,1.81,Low
1996-10-25,1.81,Low
1996-10-26,1.83,Low
1996-10-27,1.86,Low
1996-10-28,1.86,Low
1996-10-29,1.91,Low
1996-10-30,1.96,Low
1996-10-31,1.97,Low
1996-11-01,2.03,Low
1996-11-02,2.05,Rising
1996-11-03,2.04,Rising
1996-11-04,2.0,Rising
1996-11-05,2.04,Rising
1996-11-06,2.13,Rising
1996-11-07,2.19,Rising
1996-11-08,2.27,Rising
1996-11-09,2.31,Rising
1996-11-10,2.34,Rising
1996-11-11,2.34,Rising
1996-11-12,2.34,Rising
1996-11-13,2.36,Rising
1996-11-14,2.39,Rising
1996-11-15,2.42,Rising
1996-11-16,2.44,Rising
1996-11-17,2.51,Rising
1996-11-18,2.55,Rising
1996-11-19,2.62,Rising
1996-11-20,2.7,Rising
1996-11-21,2.75,Rising
1996-11-22,2.88,Rising
1996-11-23,3.12,Rising
1996-11-24,3.6,Rising
1996-11-25,3.94,Rising
1996-11-26,4.08,Rising
1996-11-27,4.11,Rising
1996-11-28,4.03,Rising
1996-11-29,3.92,Rising
1996-11-30,3.75,Rising
1996-12-01,3.61,Rising
1996-12-02,3.4,Rising
1996-12-03,3.26,Rising
1996-12-04,3.13,Rising
1996-12-05,3.01,Falling
1996-12-06,2.92,Falling
1996-12-07,2.84,Falling
1996-12-08,2.77,Falling
1996-12-09,2.72,Falling
1996-12-10,2.68,Falling
1996-12-11,2.64,Falling
1996-12-12,2.6,Falling
1996-12-13,2.56,Falling
1996-12-14,2.53,Falling
1996-12-15,2.51,Falling
1996-12-16,2.51,Falling
1996-12-17,2.54,Falling
1996-12-18,2.56,Falling
1996-12-19,2.57,Falling
1996-12-20,2.61,Falling
1996-12-21,2.63,Falling
1996-12-22,2.65,Falling
1996-12-23,2.65,Falling
1996-12-24,2.79,Falling
1996-12-25,2.78,Falling
1996-12-26,2.61,Rising
1996-12-27,2.47,Rising
1996-12-28,2.43,Rising
1996-12-29,2.45,Rising
1996-12-30,2.47,Rising
1996-12-31,2.44,Rising
1997-01-01,2.47,Rising
1997-01-02,2.87,Rising
1997-01-03,2.85,Rising
1997-01-04,2.8,Rising
1997-01-05,2.73,Rising
1997-01-06,2.67,Rising
1997-01-07,2.65,Rising
1997-01-08,2.65,Rising
1997-01-09,2.68,Rising
1997-01-10,2.71,Rising
1997-01-11,2.73,Rising
1997-01-12,2.89,Rising
1997-01-13,2.92,Rising
1997-01-14,2.9,Rising
1997-01-15,3.03,Rising
1997-01-16,3.09,Rising
1997-01-17,3.06,Rising
1997-01-18,3.07,Falling
1997-01-19,3.11,Rising
1997-01-20,3.18,Rising
1997-01-21,3.25,Rising
1997-01-22,3.26,Rising
1997-01-23,3.23,Rising
1997-01-24,3.19,Rising
1997-01-25,3.15,Rising
1997-01-26,3.09,Rising
1997-01-27,3.03,Rising
1997-01-28,2.95,Rising
1997-01-29,2.89,Rising
1997-01-30,2.84,Rising
1997-01-31,2.83,Rising
1997-02-01,2.86,Rising
1997-02-02,2.96,High
1997-02-03,3.13,High
1997-02-04,3.23,High
1997-02-05,3.3,High
1997-02-06,3.31,High
1997-02-07,3.32,High
1997-02-08,3.36,High
1997-02-09,3.42,High
1997-02-10,3.61,High
1997-02-11,3.97,High
1997-02-12,4.13,High
1997-02-13,4.12,High
1997-02-14,4.03,High
1997-02-15,3.95,High
1997-02-16,3.86,High
1997-02-17,3.81,High
1997-02-18,3.79,High
1997-02-19,3.81,High
1997-02-20,3.84,High
1997-02-21,3.87,High
1997-02-22,3.88,High
1997-02-23,3.92,High
1997-02-24,3.98,High
1997-02-25,4.14,High
1997-02-26,4.3,High
1997-02-27,4.43,High
1997-02-28,4.45,High
1997-03-01,4.43,High
1997-03-02,4.34,High
1997-03-03,4.17,High
1997-03-04,4.08,High
1997-03-05,3.97,High
1997-03-06,3.87,High
1997-03-07,3.81,High
1997-03-08,3.77,High
1997-03-09,3.73,High
1997-03-10,3.66,High
1997-03-11,3.59,High
1997-03-12,3.54,High
1997-03-13,3.48,High
1997-03-14,3.52,High
1997-03-15,3.52,High
1997-03-16,3.52,High
1997-03-17,3.69,High
1997-03-18,4.1,High
1997-03-19,4.47,High
1997-03-20,4.69,High
1997-03-21,4.78,High
1997-03-22,4.74,High
1997-03-23,4.64,High
1997-03-24,4.46,High
1997-03-25,4.27,High
1997-03-26,4.09,High
1997-03-27,3.98,High
1997-03-28,3.91,High
1997-03-29,3.82,High
1997-03-30,3.76,High
1997-03-31,3.77,High
1997-04-01,3.83,High
1997-04-02,3.89,High
1997-04-03,3.93,High
1997-04-04,3.95,High
1997-04-05,3.93,High
1997-04-06,3.88,High
1997-04-07,3.81,High
1997-04-08,3.72,High
1997-04-09,3.65,High
1997-04-10,3.63,High
1997-04-11,3.6,High
1997-04-12,3.56,High
1997-04-13,3.53,High
1997-04-14,3.53,High
1997-04-15,3.57,High
1997-04-16,3.63,High
1997-04-17,3.62,High
1997-04-18,3.57,High
1997-04-19,3.49,High
1997-04-20,3.45,High
1997-04-21,3.44,High
1997-04-22,3.41,High
1997-04-23,3.34,High
1997-04-24,3.28,High
1997-04-25,3.23,High
1997-04-26,3.22,Falling
1997-04-27,3.21,Falling
1997-04-28,3.2,Falling
1997-04-29,3.2,Falling
1997-04-30,3.19,Falling
1997-05-01,3.18,Falling
1997-05-02,3.17,Falling
1997-05-03,3.14,Falling
1997-05-04,3.12,Falling
1997-05-05,3.08,Falling
1997-05-06,3.05,Falling
1997-05-07,3.01,Falling
1997-05-08,2.96,Falling
1997-05-09,2.91,Falling
1997-05-10,2.86,Falling
1997-05-11,2.81,Falling
1997-05-12,2.75,Falling
1997-05-13,2.7,Falling
1997-05-14,2.68,Falling
1997-05-15,2.65,Falling
1997-05-16,2.62,Falling
1997-05-17,2.61,Falling
1997-05-18,2.6,Falling
1997-05-19,2.58,Falling
1997-05-20,2.57,Falling
1997-05-21,2.56,Falling
1997-05-22,2.57,Falling
1997-05-23,2.6,Falling
1997-05-24,2.65,Falling
1997-05-25,2.69,Falling
1997-05-26,2.74,Falling
1997-05-27,2.8,Falling
1997-05-28,2.83,Falling
1997-05-29,2.82,Falling
1997-05-30,2.69,Falling
1997-05-31,2.67,Falling
1997-06-01,2.67,Rising
1997-06-02,2.65,Falling
1997-06-03,2.63,Falling
1997-06-04,2.6,Falling
1997-06-05,2.58,Falling
1997-06-06,2.58,Falling
1997-06-07,2.61,Falling
1997-06-08,2.62,Falling
1997-06-09,2.61,Falling
1997-06-10,2.59,Falling
1997-06-11,2.58,Falling
1997-06-12,2.59,Falling
1997-06-13,2.6,Falling
1997-06-14,2.62,Falling
1997-06-15,2.63,Falling
1997-06-16,2.59,Falling
1997-06-17,2.55,Falling
1997-06-18,2.53,Falling
1997-06-19,2.5,Falling
1997-06-20,2.47,Falling
1997-06-21,2.44,Falling
1997-06-22,2.41,Falling
1997-06-23,2.37,Falling
1997-06-24,2.32,Falling
1997-06-25,2.27,Falling
1997-06-26,2.23,Falling
1997-06-27,2.2,Falling
1997-06-28,2.18,Falling
1997-06-29,2.16,Falling
1997-06-30,2.14,Falling
1997-07-01,2.13,Falling
1997-07-02,2.14,Falling
1997-07-03,2.14,Falling
1997-07-04,2.14,Falling
1997-07-05,2.14,Falling
1997-07-06,2.12,Falling
1997-07-07,2.11,Falling
1997-07-08,2.09,Falling
1997-07-09,2.08,Falling
1997-07-10,2.06,Falling
1997-07-11,2.04,Falling
1997-07-12,2.03,Falling
1997-07-13,2.02,Falling
1997-07-14,2.01,Falling
1997-07-15,2.0,Low
1997-08-22,1.93,Low
1997-08-23,1.96,Low
1997-08-24,2.05,Low
1997-08-25,2.07,Low
1997-08-26,2.06,Low
1997-08-27,2.04,Low
1997-08-28,2.0,Low
1997-08-29,1.95,Low
1997-08-30,1.92,Low
1997-08-31,1.9,Low
1997-09-01,1.87,Falling
1997-09-02,1.86,Falling
1997-09-03,1.85,Falling
1997-09-04,1.84,Falling
1997-09-05,1.84,Low
1997-09-06,1.84,Low
1997-09-07,1.84,Low
1997-09-08,1.83,Low
1997-09-09,1.82,Low
1997-09-10,1.81,Low
1997-09-11,1.81,Low
1997-09-12,1.8,Low
1997-09-13,1.83,Low
1997-09-14,1.85,Low
1997-09-15,1.86,Low
1997-09-16,1.86,Low
1997-09-17,1.84,Low
1997-09-18,1.83,Low
1997-09-19,1.81,Low
1997-09-20,1.83,Low
1997-09-21,1.85,Low
1997-09-22,1.87,Rising
1997-09-23,1.91,Rising
1997-09-24,1.93,Rising
1997-09-25,1.93,Rising
1997-09-26,1.92,Rising
1997-09-27,1.91,Rising
1997-09-28,1.9,Rising
1997-09-29,1.91,Rising
1997-09-30,1.92,Rising
1997-10-01,1.92,Rising
1997-10-02,1.95,Rising
1997-10-03,2.05,Rising
1997-10-04,2.11,Falling
1997-10-05,2.12,Falling
1997-10-06,2.08,Falling
1997-10-07,2.03,Falling
1997-10-08,2.03,Falling
1997-10-09,2.1,Falling
1997-10-10,2.16,Falling
1997-10-11,2.17,Falling
1997-10-12,2.14,Falling
1997-10-13,2.1,Falling
1997-10-14,2.02,Falling
1997-10-15,1.94,Falling
1997-10-16,1.91,Falling
1997-10-17,1.87,Falling
1997-10-18,1.83,Falling
1997-10-19,1.8,Falling
1997-10-20,1.81,Falling
1997-10-21,1.81,Falling
1997-10-22,1.8,Falling
1997-10-23,1.81,Low
1997-10-24,1.87,Low
1997-10-25,1.89,Low
1997-10-26,1.89,Low
1997-10-27,1.85,Low
1997-10-28,1.83,Low
1997-10-29,1.81,Low
1997-10-30,1.78,Low
1997-10-31,1.76,Low
1997-11-01,1.76,Low
1997-11-02,1.75,Low
1997-11-03,1.77,Low
1997-11-04,1.8,Low
1997-11-05,1.79,Low
1997-11-06,1.78,Low
1997-11-07,1.77,Low
1997-11-08,1.77,Low
1997-11-09,1.76,Low
1997-11-10,1.76,Low
1997-11-11,1.75,Low
1997-11-12,1.74,Low
1997-11-13,1.72,Low
1997-11-14,1.73,Low
1997-11-15,1.75,Low
1997-11-16,1.77,Low
1997-11-17,1.79,Rising
1997-11-18,1.82,Rising
1997-11-19,1.89,Rising
1997-11-20,1.93,Rising
1997-11-21,1.97,Rising
1997-11-22,2.03,Rising
1997-11-23,2.04,Rising
1997-11-24,2.01,Rising
1997-11-25,1.97,Rising
1997-11-26,1.97,Rising
1997-11-27,2.07,Rising
1997-11-28,2.15,Rising
1997-11-29,2.23,Rising
1997-11-30,2.29,Rising
1997-12-01,2.36,Rising
1997-12-02,2.41,Rising
1997-12-03,2.45,Rising
1997-12-04,2.49,Rising
1997-12-05,2.53,Rising
1997-12-06,2.56,Rising
1997-12-07,2.58,Rising
1997-12-08,2.56,Rising
1997-12-09,2.49,Rising
1997-12-10,2.4,Rising
1997-12-11,2.34,Rising
1997-12-12,2.27,Rising
1997-12-13,2.24,Rising
1997-12-14,2.22,Falling
1997-12-15,2.25,Falling
1997-12-16,2.32,Falling
1997-12-17,2.29,Falling
1997-12-18,2.25,Falling
1997-12-19,2.22,Falling
1997-12-20,2.2,Falling
1997-12-21,2.18,Falling
1997-12-22,2.14,Falling
1997-12-23,2.12,Falling
1997-12-24,2.11,Falling
1997-12-25,2.12,Falling
1997-12-26,2.12,Falling
1997-12-27,2.12,Falling
1997-12-28,2.09,Falling
1997-12-29,2.06,Falling
1997-12-30,2.05,Falling
1997-12-31,2.03,Falling
1998-01-01,1.99,Falling
1998-01-02,2.03,Falling
1998-01-03,2.08,Falling
1998-01-04,2.13,Falling
1998-01-05,2.08,Falling
1998-01-06,2.02,Falling
1998-01-07,2.02,Rising
1998-01-08,2.01,Rising
1998-01-09,1.96,Rising
1998-01-10,1.91,Rising
1998-01-11,1.91,Rising
1998-01-12,1.92,Rising
1998-01-13,1.95,Rising
1998-01-14,1.96,Rising
1998-01-15,1.97,Rising
1998-01-16,1.98,Rising
1998-01-17,2.03,Rising
1998-01-18,2.12,Rising
1998-01-19,2.16,Rising
1998-01-20,2.16,Rising
1998-01-21,2.18,Rising
1998-01-22,2.22,Rising
1998-01-23,2.25,Rising
1998-01-24,2.29,Rising
1998-01-25,2.31,Rising
1998-01-26,2.34,Rising
1998-01-27,2.39,Rising
1998-01-28,2.43,Rising
1998-01-29,2.5,Rising
1998-01-30,2.58,Rising
1998-01-31,2.65,Rising
1998-02-01,2.67,Rising
1998-02-02,2.68,Rising
1998-02-03,2.7,High
1998-02-04,2.72,High
1998-02-05,2.75,High
1998-02-06,2.81,High
1998-02-07,2.88,High
1998-02-08,3.04,High
1998-02-09,3.18,High
1998-02-10,3.28,High
1998-02-11,3.35,High
1998-02-12,3.32,High
1998-02-13,3.27,High
1998-02-14,3.35,High
1998-02-15,3.57,High
1998-02-16,3.72,High
1998-02-17,3.75,High
1998-02-18,3.65,High
1998-02-19,3.57,High
1998-02-20,3.45,High
1998-02-21,3.38,High
1998-02-22,3.35,High
1998-02-23,3.38,High
1998-02-24,3.51,High
1998-02-25,3.82,High
1998-02-26,4.01,High
1998-02-27,4.02,High
1998-02-28,4.06,High
1998-03-01,4.15,High
1998-03-02,4.24,High
1998-03-03,4.27,High
1998-03-04,4.33,High
1998-03-05,4.39,High
1998-03-06,4.45,High
1998-03-07,4.63,High
1998-03-08,4.73,High
1998-03-09,4.86,High
1998-03-10,4.78,High
1998-03-11,4.63,High
1998-03-12,4.45,High
1998-03-13,4.33,High
1998-03-14,4.23,High
1998-03-15,4.14,High
1998-03-16,4.05,High
1998-03-17,3.99,High
1998-03-18,3.86,High
1998-03-19,3.91,High
1998-03-20,4.27,High
1998-03-21,4.4,High
1998-03-22,4.38,High
1998-03-23,4.25,High
1998-03-24,4.12,High
1998-03-25,4.01,High
1998-03-26,3.93,High
1998-03-27,3.88,High
1998-03-28,3.85,High
1998-03-29,3.82,High
1998-03-30,3.75,High
1998-03-31,3.69,High
1998-04-01,3.62,High
1998-04-02,3.54,High
1998-04-03,3.49,High
1998-04-04,3.4,High
1998-04-05,3.37,High
1998-04-06,3.38,High
1998-04-07,3.51,High
1998-04-08,3.67,High
1998-04-09,3.75,High
1998-04-10,3.83,High
1998-04-11,3.8,High
1998-04-12,3.73,High
1998-04-13,3.67,High
1998-04-14,3.62,High
1998-04-15,3.56,High
1998-04-16,3.49,High
1998-04-17,3.46,High
1998-04-18,3.43,High
1998-04-19,3.39,High
1998-04-20,3.35,High
1998-04-21,3.33,High
1998-04-22,3.37,High
1998-04-23,3.43,High
1998-04-24,3.46,High
1998-04-25,3.47,High
1998-04-26,3.43,High
1998-04-27,3.37,High
1998-04-28,3.3,High
1998-04-29,3.23,High
1998-04-30,3.19,High
1998-05-01,3.13,High
1998-05-02,3.07,High
1998-05-03,2.96,High
1998-05-04,2.95,High
1998-05-05,2.88,High
1998-05-06,2.82,High
1998-05-07,2.74,High
1998-05-08,2.66,High
1998-05-09,2.6,High
1998-05-10,2.54,Falling
1998-05-11,2.49,Falling
1998-05-12,2.45,Falling
1998-05-13,2.41,Falling
1998-05-14,2.38,Falling
1998-05-15,2.36,Falling
1998-05-16,2.34,Falling
1998-05-17,2.34,Falling
1998-05-18,2.36,Falling
1998-05-19,2.37,Falling
1998-05-20,2.38,Falling
1998-05-21,2.4,Falling
1998-05-22,2.4,Falling
1998-05-23,2.4,Falling
1998-05-24,2.38,Falling
1998-05-25,2.35,Falling
1998-05-26,2.3,Falling
1998-05-27,2.26,Falling
1998-05-28,2.24,Falling
1998-05-29,2.21,Falling
1998-05-30,2.22,Falling
1998-05-31,2.22,Falling
1998-06-01,2.21,Falling
1998-06-02,2.2,Falling
1998-06-03,2.19,Falling
1998-06-04,2.19,Falling
1998-06-05,2.17,Falling
1998-06-06,2.16,Falling
1998-06-07,2.14,Falling
1998-06-08,2.12,Falling
1998-06-09,2.12,Falling
1998-06-10,2.1,Falling
1998-06-11,2.08,Falling
1998-06-12,2.07,Falling
1998-06-13,2.06,Falling
1998-06-14,2.05,Falling
1998-06-15,2.06,Falling
1998-06-16,2.08,Falling
1998-06-17,2.08,Falling
1998-06-18,2.08,Falling
1998-06-19,2.06,Falling
1998-06-20,2.04,Falling
1998-06-21,2.03,Falling
1998-06-22,2.02,Falling
1998-06-23,2.02,Falling
1998-06-24,2.01,Falling
1998-06-25,2.0,Falling
1998-06-26,1.98,Falling
1998-06-27,1.97,Falling
1998-06-28,1.97,Falling
1998-06-29,1.97,Falling
1998-06-30,1.97,Falling
1998-07-01,1.96,Falling
1998-07-02,1.95,Falling
1998-07-03,1.94,Falling
1998-07-04,1.93,Falling
1998-07-05,1.93,Falling
1998-07-06,1.91,Falling
1998-07-07,1.9,Falling
1998-07-08,1.89,Falling
1998-07-09,1.88,Falling
1998-07-10,1.88,Falling
1998-07-11,1.86,Falling
1998-07-12,1.86,Low
1998-07-13,1.86,Low
1998-07-14,1.86,Low
1998-07-15,1.86,Low
1998-07-16,1.86,Low
1998-07-17,1.86,Low
1998-07-18,1.86,Low
1998-07-19,1.86,Low
1998-07-20,1.85,Low
1998-07-21,1.84,Low
1998-07-22,1.83,Low
1998-07-23,1.83,Low
1998-07-24,1.82,Low
1998-07-25,1.81,Low
1998-07-26,1.81,Low
1998-07-27,1.8,Low
1998-07-28,1.8,Low
1998-07-29,1.8,Low
1998-07-30,1.79,Low
1998-07-31,1.79,Low
1998-08-01,1.79,Low
1998-08-02,1.79,Low
1998-08-03,1.78,Rising
1998-08-04,1.77,Rising
1998-08-05,1.83,Rising
1998-08-06,1.89,Rising
1998-08-07,1.95,Rising
1998-08-08,2.06,Rising
1998-08-09,2.1,Rising
1998-08-10,2.07,Rising
1998-08-11,2.05,Rising
1998-08-12,2.04,Rising
1998-08-13,2.04,Rising
1998-08-14,2.02,Rising
1998-08-15,1.98,Rising
1998-08-16,1.96,Rising
1998-08-17,1.98,Rising
1998-08-18,2.0,Rising
1998-08-19,2.0,Rising
1998-08-20,1.99,Rising
1998-08-21,1.96,Falling
1998-08-22,1.92,Falling
1998-08-23,1.9,Falling
1998-08-24,1.88,Falling
1998-08-25,1.86,Falling
1998-08-26,1.86,Falling
1998-08-27,1.84,Falling
1998-08-28,1.83,Low
1998-08-29,1.82,Low
1998-08-30,1.82,Low
1998-08-31,1.81,Low
1998-09-01,1.8,Low
1998-09-02,1.8,Low
1998-09-03,1.8,Low
1998-09-04,1.8,Low
1998-09-05,1.81,Low
1998-09-06,1.82,Low
1998-09-07,1.83,Low
1998-09-08,1.85,Low
1998-09-09,1.86,Low
1998-09-10,1.88,Low
1998-09-11,1.91,Low
1998-09-12,1.93,Low
1998-09-13,1.93,Low
1998-09-14,1.9,Low
1998-09-15,1.88,Low
1998-09-16,1.85,Low
1998-09-17,1.8,Low
1998-09-18,1.79,Low
1998-09-19,1.77,Low
1998-09-20,1.76,Low
1998-09-21,1.76,Low
1998-09-22,1.78,Low
1998-09-23,1.78,Low
1998-09-24,1.77,Low
1998-09-25,1.76,Low
1998-09-26,1.76,Low
1998-09-27,1.76,Low
1998-09-28,1.76,Low
1998-09-29,1.78,Low
1998-09-30,1.81,Low
1998-10-01,1.85,Low
1998-10-02,1.87,Low
1998-10-03,1.89,Low
1998-10-04,1.9,Low
1998-10-05,1.88,Low
1998-10-06,1.86,Low
1998-10-07,1.83,Low
1998-10-08,1.82,Low
1998-10-09,1.85,Low
1998-10-10,1.89,Low
1998-10-11,1.96,Low
1998-10-12,1.96,Low
1998-10-13,1.92,Rising
1998-10-14,1.88,Rising
1998-10-15,1.87,Rising
1998-10-16,1.91,Rising
1998-10-17,1.93,Rising
1998-10-18,1.99,Rising
1998-10-19,2.07,Rising
1998-10-20,2.13,Rising
1998-10-21,2.1,Rising
1998-10-22,1.99,Rising
1998-10-23,1.88,Rising
1998-10-24,1.86,Rising
1998-10-25,1.86,Rising
1998-10-26,1.87,Rising
1998-10-27,2.0,Rising
1998-10-28,2.07,Rising
1998-10-29,2.17,Rising
1998-10-30,2.25,Rising
1998-10-31,2.33,Rising
1998-11-01,2.39,Rising
1998-11-02,2.46,Rising
1998-11-03,2.51,Rising
1998-11-04,2.6,Rising
1998-11-05,2.8,Rising
1998-11-06,3.38,Rising
1998-11-07,3.69,Rising
1998-11-08,3.68,Rising
1998-11-09,3.57,Rising
1998-11-10,3.45,Rising
1998-11-11,3.41,Rising
1998-11-12,3.33,Rising
1998-11-13,3.21,Rising
1998-11-14,3.11,Rising
1998-11-15,3.01,Rising
1998-11-16,2.94,Rising
1998-11-17,2.87,Rising
1998-11-18,2.79,Rising
1998-11-19,2.76,Rising
1998-11-20,2.73,Rising
1998-11-21,2.72,Rising
1998-11-22,2.71,High
1998-11-23,2.69,High
1998-11-24,2.63,High
1998-11-25,2.56,High
1998-11-26,2.51,High
1998-11-27,2.53,High
1998-11-28,2.55,High
1998-11-29,2.57,High
1998-11-30,2.66,High
1998-12-01,2.75,High
1998-12-02,2.85,High
1998-12-03,3.01,High
1998-12-04,3.37,High
1998-12-05,3.82,High
1998-12-06,4.24,High
1998-12-07,4.61,High
1998-12-08,4.89,High
1998-12-11,4.88,High
1998-12-12,4.67,High
1998-12-13,4.44,High
1998-12-14,4.33,High
1998-12-15,4.09,High
1998-12-16,3.95,High
1998-12-17,3.83,High
1998-12-18,3.7,High
1998-12-19,3.63,High
1998-12-20,3.6,High
1998-12-21,3.54,High
1998-12-22,3.5,High
1998-12-23,3.47,High
1998-12-24,3.44,High
1998-12-25,3.42,High
1998-12-26,3.38,High
1998-12-27,3.3,High
1998-12-28,3.23,High
1998-12-29,3.23,High
1998-12-30,3.21,High
1998-12-31,3.19,High
1999-01-01,3.17,High
1999-01-02,3.15,High
1999-01-03,3.14,High
1999-01-04,3.11,High
1999-01-05,3.08,High
1999-01-06,3.02,Falling
1999-01-07,2.99,Falling
1999-01-08,2.88,Falling
1999-01-09,2.85,Falling
1999-01-10,2.8,Falling
1999-01-11,2.76,Falling
1999-01-12,2.66,Falling
1999-01-13,2.64,Falling
1999-01-14,2.61,Falling
1999-01-15,2.59,Falling
1999-01-16,2.58,Falling
1999-01-17,2.58,Falling
1999-01-18,2.62,Falling
1999-01-19,2.65,Falling
1999-01-20,2.7,Falling
1999-01-21,2.79,Falling
1999-01-22,2.86,Falling
1999-01-23,2.92,Falling
1999-01-24,2.96,Rising
1999-01-25,2.95,Rising
1999-01-26,2.92,Rising
1999-01-27,2.88,Rising
1999-01-28,2.85,Rising
1999-01-29,2.84,Rising
1999-01-30,2.87,Rising
1999-01-31,2.9,Rising
1999-02-01,2.92,Rising
1999-02-02,2.93,Rising
1999-02-03,2.92,Rising
1999-02-04,2.9,Rising
1999-02-05,2.92,Rising
1999-02-06,2.93,Rising
1999-02-07,2.95,Rising
1999-02-08,2.97,Rising
1999-02-09,2.99,Falling
1999-02-10,2.99,Falling
1999-02-11,2.96,Falling
1999-02-12,3.01,Falling
1999-02-13,2.98,Falling
1999-02-14,2.96,Falling
1999-02-15,2.98,Falling
1999-02-16,3.0,Falling
1999-02-17,3.02,Falling
1999-02-18,3.04,Falling
1999-02-19,3.08,Falling
1999-02-20,3.08,Falling
1999-02-21,3.05,Falling
1999-02-22,2.97,Rising
1999-02-23,2.91,Rising
1999-02-24,2.86,Rising
1999-02-25,2.81,Rising
1999-02-26,2.79,Rising
1999-02-27,2.76,Rising
1999-02-28,2.75,Rising
1999-03-01,2.74,Rising
1999-03-02,2.72,Rising
1999-03-03,2.71,High
1999-03-04,2.71,High
1999-03-05,2.74,High
1999-03-06,2.76,High
1999-03-07,2.84,High
1999-03-08,2.96,High
1999-03-09,3.04,High
1999-03-10,3.15,High
1999-03-11,3.23,High
1999-03-12,3.3,High
1999-03-13,3.39,High
1999-03-14,3.45,High
1999-03-15,3.52,High
1999-03-16,3.55,High
1999-03-17,3.52,High
1999-03-18,3.56,High
1999-03-19,3.55,High
1999-03-20,3.57,High
1999-03-21,3.64,High
1999-03-22,3.86,High
1999-03-23,4.0,High
1999-03-24,4.03,High
1999-03-25,4.03,High
1999-03-26,4.12,High
1999-03-27,4.4,High
1999-03-28,4.71,High
1999-03-29,4.82,High
1999-03-30,4.77,High
1999-03-31,4.62,High
1999-04-01,4.43,High
1999-04-02,4.22,High
1999-04-03,4.06,High
1999-04-04,3.99,High
1999-04-05,3.81,High
1999-04-06,3.73,High
1999-04-07,3.67,High
1999-04-08,3.53,High
1999-04-09,3.48,High
1999-04-10,3.42,High
1999-04-11,3.35,High
1999-04-12,3.25,High
1999-04-13,3.15,High
1999-04-14,3.12,High
1999-04-15,3.09,High
1999-04-16,3.05,High
1999-04-17,3.0,High
1999-04-18,2.98,High
1999-04-19,2.96,High
1999-04-20,2.94,High
1999-04-21,2.92,High
1999-04-22,2.92,Falling
1999-04-23,2.92,Falling
1999-04-24,2.91,Falling
1999-04-25,2.88,Falling
1999-04-26,2.85,Falling
1999-04-27,2.81,Falling
1999-04-28,2.77,Falling
1999-04-29,2.69,Falling
1999-04-30,2.66,Falling
1999-05-01,2.67,Falling
1999-05-02,2.67,Falling
1999-05-03,2.66,Falling
1999-05-04,2.64,Falling
1999-05-05,2.63,Falling
1999-05-06,2.6,Falling
1999-05-07,2.59,Falling
1999-05-08,2.56,Falling
1999-05-09,2.56,Falling
1999-05-10,2.54,Falling
1999-05-11,2.54,Falling
1999-05-12,2.52,Falling
1999-05-13,2.49,Falling
1999-05-14,2.47,Falling
1999-05-15,2.44,Falling
1999-05-16,2.34,Falling
1999-05-19,2.23,Falling
1999-05-20,2.2,Falling
1999-05-21,2.17,Falling
1999-05-22,2.15,Falling
1999-05-23,2.13,Falling
1999-05-24,2.11,Falling
1999-05-25,2.1,Falling
1999-05-26,2.09,Falling
1999-05-27,2.08,Falling
1999-05-28,2.08,Falling
1999-05-29,2.09,Falling
1999-05-30,2.1,Falling
1999-05-31,2.1,Falling
1999-06-01,2.1,Falling
1999-06-02,2.09,Falling
1999-06-03,2.08,Falling
1999-06-04,2.07,Falling
1999-06-05,2.05,Falling
1999-06-06,2.05,Falling
1999-06-07,2.04,Falling
1999-06-08,2.04,Falling
1999-06-09,2.02,Falling
1999-06-10,2.01,Falling
1999-06-11,1.99,Falling
1999-06-12,1.98,Falling
1999-06-13,1.98,Falling
1999-06-14,1.98,Falling
1999-06-15,1.98,Falling
1999-06-16,1.97,Falling
1999-06-17,1.97,Falling
1999-06-18,1.97,Falling
1999-06-19,1.97,Falling
1999-06-20,1.97,Falling
1999-06-21,1.95,Falling
1999-06-22,1.95,Falling
1999-06-23,1.97,Falling
1999-06-24,1.97,Falling
1999-06-25,1.96,Falling
1999-06-26,1.96,Falling
1999-06-27,1.96,Falling
1999-06-28,1.96,Falling
1999-06-29,1.98,Falling
1999-06-30,1.98,Falling
1999-07-01,1.98,Falling
1999-07-02,1.96,Falling
1999-07-03,1.96,Falling
1999-07-04,1.99,Falling
1999-07-05,1.99,Falling
1999-07-06,1.99,Falling
1999-07-07,1.98,Falling
1999-07-08,1.98,Falling
1999-07-09,1.97,Falling
1999-07-10,1.95,Falling
1999-07-11,1.94,Falling
1999-07-12,1.93,Falling
1999-07-13,1.91,Falling
1999-07-14,1.9,Falling
1999-07-15,1.88,Low
1999-07-16,1.87,Low
1999-07-17,1.86,Low
1999-07-18,1.85,Low
1999-07-19,1.84,Low
1999-07-20,1.83,Low
1999-07-21,1.83,Low
1999-07-22,1.83,Low
1999-07-23,1.83,Low
1999-07-24,1.83,Low
1999-07-25,1.82,Low
1999-07-26,1.82,Low
1999-07-27,1.82,Low
1999-07-28,1.81,Low
1999-07-29,1.8,Low
1999-07-30,1.79,Low
1999-07-31,1.78,Low
1999-08-01,1.77,Low
1999-08-02,1.77,Low
1999-08-03,1.77,Low
1999-08-04,1.76,Low
1999-08-05,1.76,Low
1999-08-06,1.76,Low
1999-08-07,1.75,Low
1999-08-08,1.75,Low
1999-08-09,1.74,Low
1999-08-10,1.73,Low
1999-08-11,1.73,Low
1999-08-12,1.73,Low
1999-08-13,1.73,Low
1999-08-14,1.73,Low
1999-08-15,1.72,Low
1999-08-16,1.71,Low
1999-08-17,1.7,Low
1999-08-18,1.7,Low
1999-08-19,1.71,Low
1999-08-20,1.71,Low
1999-08-21,1.72,Low
1999-08-22,1.73,Low
1999-08-23,1.72,Low
1999-08-24,1.72,Low
1999-08-25,1.73,Low
1999-08-26,1.73,Low
1999-08-27,1.73,Low
1999-08-28,1.73,Low
1999-08-29,1.73,Low
1999-08-30,1.73,Low
1999-08-31,1.73,Low
1999-09-01,1.73,Low
1999-09-02,1.73,Low
1999-09-03,1.73,Low
1999-09-04,1.73,Low
1999-09-05,1.72,Low
1999-09-06,1.71,Low
1999-09-07,1.7,Low
1999-09-08,1.7,Low
1999-09-09,1.71,Low
1999-09-10,1.72,Low
1999-09-11,1.72,Low
1999-09-12,1.74,Low
1999-09-13,1.79,Low
1999-09-14,1.81,Low
1999-09-15,1.8,Low
1999-09-16,1.78,Low
1999-09-17,1.76,Low
1999-09-18,1.78,Low
1999-09-19,1.83,Low
1999-09-20,1.84,Low
1999-09-21,1.84,Low
1999-09-22,1.85,Low
1999-09-23,1.9,Low
1999-09-24,1.92,Low
1999-09-25,1.93,Low
1999-09-26,1.9,Low
1999-09-27,1.85,Low
1999-09-28,1.82,Low
1999-09-29,1.79,Low
1999-09-30,1.77,Low
1999-10-01,1.75,Low
1999-10-02,1.74,Low
1999-10-03,1.72,Low
1999-10-04,1.71,Low
1999-10-05,1.7,Low
1999-10-06,1.69,Low
1999-10-07,1.69,Low
1999-10-08,1.68,Low
1999-10-09,1.68,Low
1999-10-10,1.68,Low
1999-10-11,1.67,Low
1999-10-12,1.68,Low
1999-10-13,1.69,Low
1999-10-14,1.71,Low
1999-10-15,1.73,Low
1999-10-16,1.75,Low
1999-10-17,1.77,Low
1999-10-18,1.75,Low
1999-10-19,1.73,Low
1999-10-20,1.71,Low
1999-10-21,1.71,Low
1999-10-22,1.7,Low
1999-10-23,1.69,Low
1999-10-24,1.7,Low
1999-10-25,1.72,Low
1999-10-26,1.75,Low
1999-10-27,1.75,Low
1999-10-28,1.77,Low
1999-10-29,1.79,Low
1999-10-30,1.8,Rising
1999-10-31,1.83,Rising
1999-11-01,1.9,Rising
1999-11-02,1.92,Rising
1999-11-03,1.92,Rising
1999-11-04,1.89,Rising
1999-11-05,1.91,Rising
1999-11-06,1.94,Rising
1999-11-07,1.99,Rising
1999-11-08,2.03,Rising
1999-11-09,2.07,Rising
1999-11-10,2.08,Rising
1999-11-11,2.12,Rising
1999-11-12,2.18,Rising
1999-11-13,2.25,Rising
1999-11-14,2.31,Falling
1999-11-15,2.35,Falling
1999-11-16,2.35,Falling
1999-11-17,2.3,Falling
1999-11-18,2.22,Falling
1999-11-19,2.08,Falling
1999-11-20,1.97,Falling
1999-11-21,1.86,Falling
1999-11-22,1.82,Falling
1999-11-23,1.82,Falling
1999-11-24,1.85,Falling
1999-11-25,1.83,Falling
1999-11-26,1.8,Rising
1999-11-27,1.79,Rising
1999-11-28,1.79,Rising
1999-11-29,1.76,Rising
1999-11-30,1.83,Falling
1999-12-01,1.89,Falling
1999-12-02,1.86,Falling
1999-12-03,1.8,Rising
1999-12-04,1.8,Rising
1999-12-05,1.82,Rising
1999-12-06,1.81,Rising
1999-12-07,1.84,Rising
1999-12-08,1.84,Rising
1999-12-09,2.04,Rising
1999-12-10,2.14,Rising
1999-12-11,2.19,Rising
1999-12-12,2.27,Rising
1999-12-13,2.28,Rising
1999-12-14,2.28,Rising
1999-12-15,2.3,Rising
1999-12-16,2.33,Rising
1999-12-17,2.34,Rising
1999-12-18,2.35,Rising
1999-12-19,2.37,Rising
1999-12-20,2.4,Rising
1999-12-21,2.41,Rising
1999-12-22,2.42,Rising
1999-12-23,2.42,Rising
1999-12-24,2.42,Rising
1999-12-25,2.42,Rising
1999-12-26,2.43,Falling
1999-12-27,2.45,Falling
1999-12-28,2.48,Falling
1999-12-29,2.48,Falling
1999-12-30,2.44,Falling
1999-12-31,2.41,Falling
2000-01-01,2.39,Falling
2000-01-02,2.37,Falling
2000-01-03,2.36,Falling
2000-01-04,2.34,Falling
2000-01-05,2.31,Falling
2000-01-06,2.28,Falling
2000-01-07,2.24,Falling
2000-01-08,2.16,Falling
2000-01-09,2.12,Falling
2000-01-10,2.12,Falling
2000-01-11,2.12,Falling
2000-01-12,2.0,Falling
2000-01-13,2.02,Falling
2000-01-14,2.05,Falling
2000-01-15,2.12,Falling
2000-01-16,2.18,Falling
2000-01-17,2.22,Falling
2000-01-18,2.27,Rising
2000-01-19,2.3,Rising
2000-01-20,2.3,Rising
2000-01-21,2.3,Rising
2000-01-22,2.29,Rising
2000-01-23,2.25,Rising
2000-01-24,2.23,Rising
2000-01-25,2.15,Rising
2000-01-26,2.15,Rising
2000-01-27,2.2,Rising
2000-01-28,2.24,Rising
2000-01-29,2.26,Rising
2000-01-30,2.32,Rising
2000-01-31,2.39,Rising
2000-02-01,2.45,Falling
2000-02-02,2.49,Rising
2000-02-03,2.53,Rising
2000-02-04,2.56,Rising
2000-02-05,2.56,Rising
2000-02-06,2.56,Rising
2000-02-07,2.54,Rising
2000-02-08,2.48,Rising
2000-02-09,2.36,Rising
2000-02-10,2.21,Rising
2000-02-11,2.11,Rising
2000-02-12,2.09,Rising
2000-02-13,2.14,Rising
2000-02-14,2.14,High
2000-02-15,2.18,High
2000-02-16,2.24,High
2000-02-17,2.29,High
2000-02-18,2.38,High
2000-02-19,2.43,High
2000-02-20,2.49,High
2000-02-21,2.57,High
2000-02-22,2.66,High
2000-02-23,2.79,High
2000-02-24,2.84,High
2000-02-25,2.97,High
2000-02-26,3.1,High
2000-02-27,3.24,High
2000-02-28,3.39,High
2000-02-29,3.64,High
2000-03-01,3.74,High
2000-03-02,3.71,High
2000-03-03,3.66,High
2000-03-04,3.66,High
2000-03-05,3.79,High
2000-03-06,4.09,High
2000-03-07,4.32,High
2000-03-08,4.45,High
2000-03-09,4.58,High
2000-03-10,4.4,High
2000-03-11,4.3,High
2000-03-12,4.26,High
2000-03-13,4.14,High
2000-03-14,3.98,High
2000-03-15,4.01,High
2000-03-16,4.04,High
2000-03-17,4.11,High
2000-03-18,4.25,High
2000-03-19,4.32,High
2000-03-20,4.21,High
2000-03-21,4.2,High
2000-03-22,4.21,High
2000-03-23,4.33,High
2000-03-24,4.45,High
2000-03-25,4.54,High
2000-03-26,4.61,High
2000-03-27,4.64,High
2000-03-28,4.61,High
2000-03-29,4.52,High
2000-03-30,4.4,High
2000-03-31,4.21,High
2000-04-01,4.01,High
2000-04-02,3.8,High
2000-04-03,3.69,High
2000-04-04,3.59,High
2000-04-05,3.52,High
2000-04-06,3.49,High
2000-04-07,3.48,High
2000-04-08,3.48,High
2000-04-09,3.47,High
2000-04-10,3.44,High
2000-04-11,3.38,High
2000-04-12,3.32,High
2000-04-13,3.25,High
2000-04-14,3.18,High
2000-04-15,3.1,High
2000-04-16,3.02,High
2000-04-17,2.95,High
2000-04-18,2.91,High
2000-04-19,2.87,High
2000-04-20,2.81,High
2000-04-21,2.78,High
2000-04-22,2.76,High
2000-04-23,2.75,High
2000-04-24,2.75,High
2000-04-25,2.78,High
2000-04-26,2.82,High
2000-04-27,2.87,High
2000-04-28,2.88,High
2000-04-29,2.89,High
2000-04-30,2.83,High
2000-05-01,2.79,High
2000-05-02,2.76,High
2000-05-03,2.76,High
2000-05-04,2.78,High
2000-05-05,2.84,High
2000-05-06,2.94,High
2000-05-07,3.09,High
2000-05-08,3.16,High
2000-05-09,3.15,High
2000-05-10,3.11,High
2000-05-11,3.04,High
2000-05-12,2.96,High
2000-05-13,2.87,High
2000-05-14,2.8,High
2000-05-15,2.67,High
2000-05-16,2.56,High
2000-05-17,2.48,High
2000-05-18,2.41,High
2000-05-19,2.33,High
2000-05-20,2.29,High
2000-05-21,2.25,Falling
2000-05-22,2.23,Falling
2000-05-23,2.21,Falling
2000-05-24,2.2,Falling
2000-05-25,2.19,Falling
2000-05-26,2.16,Falling
2000-05-27,2.15,Falling
2000-05-28,2.13,Falling
2000-05-29,2.12,Falling
2000-05-30,2.11,Falling
2000-05-31,2.1,Falling
2000-06-01,2.1,Falling
2000-06-02,2.08,Falling
2000-06-03,2.08,Falling
2000-06-04,2.08,Falling
2000-06-05,2.07,Falling
2000-06-06,2.06,Falling
2000-06-07,2.05,Falling
2000-06-08,2.04,Falling
2000-06-09,2.02,Falling
2000-06-10,2.01,Falling
2000-06-11,2.01,Falling
2000-06-12,1.99,Falling
2000-06-13,1.98,Falling
2000-06-14,1.97,Falling
2000-06-15,1.96,Falling
2000-06-16,1.96,Falling
2000-06-17,1.95,Falling
2000-06-18,1.94,Falling
2000-06-19,1.93,Falling
2000-06-20,1.93,Falling
2000-06-21,1.93,Falling
2000-06-22,1.94,Falling
2000-06-23,1.96,Falling
2000-06-24,1.96,Falling
2000-06-25,1.96,Falling
2000-06-26,1.96,Falling
2000-06-27,1.95,Falling
2000-06-28,1.94,Falling
2000-06-29,1.95,Falling
2000-06-30,1.94,Falling
2000-07-01,1.92,Falling
2000-07-02,1.9,Falling
2000-07-03,1.89,Falling
2000-07-04,1.88,Falling
2000-07-05,1.88,Falling
2000-07-06,1.88,Falling
2000-07-07,1.88,Falling
2000-07-08,1.89,Falling
2000-07-09,1.89,Falling
2000-07-10,1.87,Falling
2000-07-11,1.86,Falling
2000-07-12,1.87,Falling
2000-07-13,1.86,Rising
2000-07-14,1.89,Rising
2000-07-15,1.92,Falling
2000-07-16,1.92,Falling
2000-07-17,1.91,Falling
2000-07-18,1.9,Falling
2000-07-19,1.89,Falling
2000-07-20,1.86,Falling
2000-07-21,1.85,Rising
2000-07-22,1.85,Rising
2000-07-23,1.86,Falling
2000-07-24,1.86,Falling
2000-07-25,1.87,Falling
2000-07-26,1.93,Falling
2000-07-27,1.96,Falling
2000-07-28,1.97,Falling
2000-07-29,1.93,Falling
2000-07-30,1.9,Falling
2000-07-31,1.89,Falling
2000-08-01,1.88,Falling
2000-08-02,1.86,Falling
2000-08-03,1.88,Falling
2000-08-04,1.89,Falling
2000-08-05,1.89,Falling
2000-08-06,1.87,Rising
2000-08-07,1.86,Falling
2000-08-08,1.84,Falling
2000-08-09,1.83,Falling
2000-08-10,1.82,Falling
2000-08-11,1.81,Falling
2000-08-12,1.8,Low
2000-08-13,1.8,Low
2000-08-14,1.8,Low
2000-08-15,1.82,Low
2000-08-16,1.82,Low
2000-08-17,1.82,Low
2000-08-18,1.83,Low
2000-08-19,1.85,Low
2000-08-20,1.86,Low
2000-08-21,1.85,Low
2000-08-22,1.83,Low
2000-08-23,1.81,Low
2000-08-24,1.79,Low
2000-08-25,1.77,Low
2000-08-26,1.75,Low
2000-08-27,1.73,Low
2000-08-28,1.72,Low
2000-08-29,1.72,Low
2000-08-30,1.71,Low
2000-08-31,1.7,Low
2000-09-01,1.72,Low
2000-09-02,1.72,Low
2000-09-03,1.73,Low
2000-09-04,1.75,Low
2000-09-05,1.74,Low
2000-09-06,1.74,Low
2000-09-07,1.74,Low
2000-09-08,1.74,Low
2000-09-09,1.72,Low
2000-09-10,1.72,Low
2000-09-11,1.71,Low
2000-09-12,1.72,Low
2000-09-13,1.71,Low
2000-09-14,1.7,Low
2000-09-15,1.68,Low
2000-09-16,1.68,Low
2000-09-17,1.68,Low
2000-09-18,1.68,Low
2000-09-19,1.7,Low
2000-09-20,1.71,Low
2000-09-21,1.72,Low
2000-09-22,1.74,Low
2000-09-23,1.74,Low
2000-09-24,1.73,Low
2000-09-25,1.7,Low
2000-09-26,1.68,Low
2000-09-27,1.66,Low
2000-09-28,1.65,Low
2000-09-29,1.65,Low
2000-09-30,1.65,Low
2000-10-01,1.67,Low
2000-10-02,1.71,Low
2000-10-03,1.7,Low
2000-10-04,1.71,Low
2000-10-05,1.69,Low
2000-10-06,1.69,Low
2000-10-07,1.68,Low
2000-10-08,1.69,Low
2000-10-09,1.71,Low
2000-10-10,1.78,Low
2000-10-11,1.83,Low
2000-10-12,1.8,Low
2000-10-13,1.84,Low
2000-10-14,1.81,Low
2000-10-15,1.82,Low
2000-10-16,1.78,Low
2000-10-17,1.76,Low
2000-10-18,1.74,Low
2000-10-19,1.73,Low
2000-10-20,1.71,Low
2000-10-21,1.7,Low
2000-10-22,1.69,Low
2000-10-23,1.68,Low
2000-10-24,1.76,Low
2000-10-25,1.79,Low
2000-10-26,1.83,Rising
2000-10-27,1.92,Rising
2000-10-28,1.93,Rising
2000-10-29,1.91,Rising
2000-10-30,1.88,Rising
2000-10-31,1.87,Rising
2000-11-01,1.85,Rising
2000-11-02,1.87,Rising
2000-11-03,1.91,Rising
2000-11-04,1.94,Rising
2000-11-05,1.97,Rising
2000-11-06,1.98,Rising
2000-11-07,2.02,Rising
2000-11-08,2.07,Rising
2000-11-09,2.12,Rising
2000-11-10,2.17,Rising
2000-11-11,2.18,Rising
2000-11-12,2.18,Rising
2000-11-13,2.2,Rising
2000-11-14,2.22,Rising
2000-11-15,2.24,Rising
2000-11-16,2.12,Rising
2000-11-17,2.14,Rising
2000-11-18,2.1,Rising
2000-11-19,2.03,Rising
2000-11-20,1.98,Rising
2000-11-21,1.96,Rising
2000-11-22,1.93,Rising
2000-11-23,2.01,Rising
2000-11-24,2.06,Rising
2000-11-25,2.1,Rising
2000-11-26,2.16,Rising
2000-11-27,2.22,Rising
2000-11-28,2.29,Rising
2000-11-29,2.34,Rising
2000-11-30,2.38,Rising
2000-12-01,2.42,Rising
2000-12-02,2.46,Rising
2000-12-03,2.46,Rising
2000-12-04,2.46,Rising
2000-12-05,2.48,Rising
2000-12-06,2.47,Rising
2000-12-07,2.47,Rising
2000-12-08,2.45,Rising
2000-12-09,2.45,Falling
2000-12-10,2.37,Falling
2000-12-11,2.31,Falling
2000-12-12,2.32,Falling
2000-12-13,2.37,Falling
2000-12-14,2.4,Falling
2000-12-15,2.43,Falling
2000-12-16,2.46,Falling
2000-12-17,2.48,Falling
2000-12-18,2.48,Falling
2000-12-19,2.46,Falling
2000-12-20,2.4,Falling
2000-12-21,2.29,Falling
2000-12-22,2.16,Falling
2000-12-23,2.01,Falling
2000-12-24,1.92,Falling
2000-12-25,1.88,Falling
2000-12-26,1.9,Falling
2000-12-27,2.0,Falling
2000-12-28,2.1,Rising
2000-12-29,2.15,Rising
2000-12-30,2.13,Rising
2000-12-31,2.1,Rising
2001-01-01,2.11,Rising
2001-01-02,2.15,Rising
2001-01-03,2.11,Rising
2001-01-04,2.06,Rising
2001-01-05,2.06,Rising
2001-01-06,2.07,Rising
2001-01-07,2.09,Rising
2001-01-08,2.15,Rising
2001-01-09,2.21,Rising
2001-01-10,2.29,Rising
2001-01-11,2.35,Rising
2001-01-12,2.38,Rising
2001-01-13,2.46,Rising
2001-01-14,2.56,High
2001-01-15,2.6,High
2001-01-16,2.73,High
2001-01-17,2.84,High
2001-01-18,2.99,High
2001-01-19,3.31,High
2001-01-20,3.89,High
2001-01-21,4.2,High
2001-01-22,4.31,High
2001-01-23,4.33,High
2001-01-24,4.29,High
2001-01-25,4.24,High
2001-01-26,4.15,High
2001-01-27,4.04,High
2001-01-28,3.93,High
2001-01-29,3.83,High
2001-01-30,3.7,High
2001-01-31,3.59,High
2001-02-01,3.48,High
2001-02-02,3.44,High
2001-02-03,3.4,High
2001-02-04,3.34,High
2001-02-05,3.3,High
2001-02-06,3.27,High
2001-02-07,3.25,High
2001-02-08,3.21,High
2001-02-09,3.19,High
2001-02-10,3.15,High
2001-02-11,3.1,High
2001-02-12,3.06,High
2001-02-13,3.03,High
2001-02-14,3.0,High
2001-02-15,2.95,High
2001-02-16,2.89,High
2001-02-17,2.85,High
2001-02-18,2.81,High
2001-02-19,2.8,High
2001-02-20,2.78,High
2001-02-21,2.78,High
2001-02-22,2.82,High
2001-02-23,2.86,High
2001-02-24,2.89,High
2001-02-25,2.96,High
2001-02-26,3.07,High
2001-02-27,3.26,High
2001-02-28,3.46,High
2001-03-01,3.58,High
2001-03-02,3.58,High
2001-03-03,3.51,High
2001-03-04,3.44,High
2001-03-05,3.42,High
2001-03-06,3.44,High
2001-03-07,3.48,High
2001-03-08,3.45,High
2001-03-09,3.41,High
2001-03-10,3.4,High
2001-03-11,3.38,High
2001-03-12,3.35,High
2001-03-13,3.36,High
2001-03-14,3.38,High
2001-03-15,3.49,High
2001-03-16,3.61,High
2001-03-17,3.66,High
2001-03-18,3.6,High
2001-03-19,4.38,High
2001-03-20,4.66,High
2001-03-21,4.65,High
2001-03-22,4.55,High
2001-03-23,4.36,High
2001-03-24,4.21,High
2001-03-25,4.05,High
2001-03-26,4.03,High
2001-03-27,4.17,High
2001-03-28,4.33,High
2001-03-29,4.4,High
2001-03-30,4.35,High
2001-03-31,4.27,High
2001-04-01,4.2,High
2001-04-02,4.37,High
2001-04-03,4.61,High
2001-04-04,4.68,High
2001-04-05,4.54,High
2001-04-06,4.33,High
2001-04-07,4.15,High
2001-04-08,4.02,High
2001-04-09,3.86,High
2001-04-10,3.73,High
2001-04-11,3.63,High
2001-04-12,3.65,High
2001-04-13,3.83,High
2001-04-14,3.91,High
2001-04-15,3.85,High
2001-04-16,3.7,High
2001-04-17,3.55,High
2001-04-18,3.41,High
2001-04-19,3.28,High
2001-04-20,3.15,High
2001-04-21,3.05,High
2001-04-22,2.94,High
2001-04-23,2.84,High
2001-04-24,2.77,High
2001-04-25,2.71,High
2001-04-26,2.68,High
2001-04-27,2.66,High
2001-04-28,2.66,High
2001-04-29,2.69,High
2001-04-30,2.71,High
2001-05-01,2.78,Falling
2001-05-02,2.89,Falling
2001-05-03,2.98,Falling
2001-05-04,3.01,Falling
2001-05-05,2.97,Falling
2001-05-06,2.91,Falling
2001-05-07,2.83,Falling
2001-05-08,2.74,Falling
2001-05-09,2.66,Falling
2001-05-10,2.58,Falling
2001-05-11,2.51,Falling
2001-05-12,2.44,Falling
2001-05-13,2.4,Falling
2001-05-14,2.37,Falling
2001-05-15,2.34,Falling
2001-05-16,2.33,Falling
2001-05-17,2.31,Falling
2001-05-18,2.27,Falling
2001-05-19,2.26,Falling
2001-05-20,2.24,Falling
2001-05-21,2.22,Falling
2001-05-22,2.2,Falling
2001-05-23,2.19,Falling
2001-05-24,2.21,Falling
2001-05-25,2.22,Falling
2001-05-26,2.25,Falling
2001-05-27,2.28,Falling
2001-05-28,2.31,Falling
2001-05-29,2.33,Falling
2001-05-30,2.37,Falling
2001-05-31,2.38,Falling
2001-06-01,2.4,Falling
2001-06-02,2.39,Falling
2001-06-03,2.37,Falling
2001-06-04,2.36,Falling
2001-06-05,2.4,Falling
2001-06-06,2.4,Falling
2001-06-07,2.31,Falling
2001-06-08,2.23,Falling
2001-06-09,2.22,Falling
2001-06-10,2.2,Falling
2001-06-11,2.15,Falling
2001-06-12,2.1,Falling
2001-06-13,2.06,Falling
2001-06-14,2.04,Falling
2001-06-15,2.02,Falling
2001-06-16,2.02,Falling
2001-06-17,2.02,Falling
2001-06-18,2.02,Falling
2001-06-19,2.01,Falling
2001-06-20,2.03,Falling
2001-06-21,2.04,Falling
2001-06-22,2.04,Falling
2001-06-23,2.03,Falling
2001-06-24,2.02,Falling
2001-06-25,2.02,Falling
2001-06-26,2.0,Falling
2001-06-27,1.98,Falling
2001-06-28,1.98,Falling
2001-06-29,1.96,Falling
2001-06-30,1.95,Falling
2001-07-01,1.94,Falling
2001-07-02,1.94,Falling
2001-07-03,1.94,Falling
2001-07-04,1.93,Falling
2001-07-05,1.92,Falling
2001-07-06,1.92,Falling
2001-07-07,1.91,Falling
2001-07-08,1.9,Falling
2001-07-09,1.89,Falling
2001-07-10,1.88,Falling
2001-07-11,1.88,Falling
2001-07-12,1.88,Falling
2001-07-13,1.88,Falling
2001-07-14,1.88,Falling
2001-07-15,1.92,Falling
2001-07-16,1.92,Falling
2001-07-17,1.92,Falling
2001-07-18,1.92,Falling
2001-07-19,1.9,Falling
2001-07-20,1.89,Falling
2001-07-21,1.88,Falling
2001-07-22,1.86,Falling
2001-07-23,1.84,Falling
2001-07-24,1.82,Falling
2001-07-25,1.82,Falling
2001-07-26,1.81,Low
2001-07-27,1.82,Low
2001-07-28,1.86,Low
2001-07-29,1.9,Low
2001-07-30,1.89,Low
2001-07-31,1.87,Low
2001-08-01,1.85,Low
2001-08-02,1.83,Low
2001-08-03,1.82,Low
2001-08-04,1.8,Low
2001-08-05,1.78,Low
2001-08-06,1.76,Low
2001-08-07,1.76,Low
2001-08-08,1.74,Low
2001-08-09,1.74,Low
2001-08-10,1.74,Low
2001-08-11,1.72,Low
2001-08-12,1.72,Low
2001-08-13,1.72,Low
2001-08-14,1.71,Low
2001-08-15,1.7,Low
2001-08-16,1.7,Low
2001-08-17,1.7,Low
2001-08-18,1.69,Low
2001-08-19,1.68,Low
2001-08-20,1.68,Low
2001-08-21,1.67,Low
2001-08-22,1.67,Low
2001-08-23,1.66,Low
2001-08-24,1.66,Low
2001-08-25,1.66,Low
2001-08-26,1.66,Low
2001-08-27,1.66,Low
2001-08-28,1.66,Low
2001-08-29,1.68,Low
2001-08-30,1.67,Low
2001-08-31,1.66,Low
2001-09-01,1.66,Low
2001-09-02,1.68,Low
2001-09-03,1.7,Low
2001-09-04,1.7,Low
2001-09-05,1.71,Low
2001-09-06,1.74,Low
2001-09-07,1.74,Low
2001-09-08,1.73,Low
2001-09-09,1.71,Low
2001-09-10,1.71,Low
2001-09-11,1.69,Low
2001-09-12,1.67,Low
2001-09-13,1.68,Low
2001-09-14,1.7,Low
2001-09-15,1.71,Low
2001-09-16,1.74,Low
2001-09-17,1.71,Low
2001-09-18,1.68,Low
2001-09-19,1.7,Low
2001-09-20,1.69,Low
2001-09-21,1.7,Low
2001-09-22,1.68,Low
2001-09-23,1.68,Low
2001-09-24,1.68,Low
2001-09-25,1.68,Low
2001-09-26,1.7,Low
2001-09-27,1.7,Low
2001-09-28,1.71,Low
2001-09-29,1.79,Low
2001-09-30,1.83,Low
2001-10-01,1.79,Low
2001-10-02,1.74,Low
2001-10-03,1.71,Low
2001-10-04,1.68,Low
2001-10-05,1.66,Low
2001-10-06,1.66,Low
2001-10-07,1.68,Low
2001-10-08,1.7,Low
2001-10-09,1.69,Low
2001-10-10,1.7,Low
2001-10-11,1.68,Low
2001-10-12,1.69,Low
2001-10-13,1.7,Low
2001-10-14,1.73,Low
2001-10-15,1.74,Low
2001-10-16,1.74,Low
2001-10-17,1.8,Low
2001-10-18,1.82,Low
2001-10-19,1.8,Low
2001-10-20,1.81,Low
2001-10-21,1.9,Low
2001-10-22,1.9,Low
2001-10-23,1.87,Low
2001-10-24,1.94,Low
2001-10-25,1.98,Low
2001-10-26,1.94,Low
2001-10-27,1.84,Low
2001-10-28,1.78,Low
2001-10-29,1.73,Rising
2001-10-30,1.72,Rising
2001-10-31,1.72,Rising
2001-11-01,1.72,Rising
2001-11-02,1.74,Falling
2001-11-03,1.76,Falling
2001-11-04,1.79,Falling
2001-11-05,1.89,Rising
2001-11-06,1.97,Rising
2001-11-07,2.07,Rising
2001-11-08,2.07,Rising
2001-11-09,2.05,Rising
2001-11-10,2.04,Rising
2001-11-11,2.02,Rising
2001-11-12,1.97,Rising
2001-11-13,1.91,Rising
2001-11-14,1.85,Rising
2001-11-15,1.79,Rising
2001-11-16,1.78,Rising
2001-11-17,1.77,Rising
2001-11-18,1.78,Rising
2001-11-19,1.89,Rising
2001-11-20,1.94,Rising
2001-11-21,1.92,Rising
2001-11-22,1.97,Rising
2001-11-23,2.04,Rising
2001-11-24,2.04,Rising
2001-11-25,2.01,Rising
2001-11-26,2.0,Rising
2001-11-27,1.98,Rising
2001-11-28,2.0,Rising
2001-11-29,2.09,Rising
2001-11-30,2.2,Rising
2001-12-01,2.25,Rising
2001-12-02,2.3,Rising
2001-12-03,2.33,Rising
2001-12-04,2.37,Rising
2001-12-05,2.41,Rising
2001-12-06,2.45,Rising
2001-12-07,2.47,Rising
2001-12-08,2.51,Rising
2001-12-09,2.55,Rising
2001-12-10,2.6,Rising
2001-12-11,2.71,Rising
2001-12-12,2.76,Rising
2001-12-13,2.76,Rising
2001-12-14,2.75,Rising
2001-12-15,2.72,Rising
2001-12-16,2.71,Rising
2001-12-17,2.72,Rising
2001-12-18,2.75,Rising
2001-12-19,2.79,Rising
2001-12-20,2.86,Rising
2001-12-21,2.93,Rising
2001-12-22,2.99,Rising
2001-12-23,3.03,Rising
2001-12-24,3.04,Rising
2001-12-25,3.05,Rising
2001-12-26,3.07,Rising
2001-12-27,3.13,Rising
2001-12-28,3.17,Rising
2001-12-29,3.18,Rising
2001-12-30,3.13,High
2001-12-31,3.08,High
2002-01-01,3.18,High
2002-01-02,3.4,High
2002-01-03,3.85,High
2002-01-04,3.91,High
2002-01-05,3.81,High
2002-01-06,3.71,High
2002-01-07,3.64,High
2002-01-08,3.55,High
2002-01-09,3.41,High
2002-01-10,3.28,High
2002-01-11,3.26,High
2002-01-12,3.26,High
2002-01-13,3.29,High
2002-01-14,3.25,High
2002-01-15,3.22,High
2002-01-16,3.2,High
2002-01-17,3.27,High
2002-01-18,3.45,High
2002-01-19,3.6,High
2002-01-20,3.61,Falling
2002-01-21,3.51,Falling
2002-01-22,3.4,Falling
2002-01-23,3.29,Falling
2002-01-24,3.16,Falling
2002-01-25,3.05,Falling
2002-01-26,2.9,Falling
2002-01-27,2.74,Falling
2002-01-28,2.63,Falling
2002-01-29,2.6,Falling
2002-01-30,2.57,Rising
2002-01-31,2.53,Rising
2002-02-01,2.52,Rising
2002-02-02,2.54,Rising
2002-02-03,2.6,Rising
2002-02-04,2.67,Falling
2002-02-05,2.77,Falling
2002-02-06,2.91,Rising
2002-02-07,3.03,Rising
2002-02-08,3.15,Rising
2002-02-09,3.19,Rising
2002-02-10,3.22,Rising
2002-02-11,3.22,High
2002-02-12,3.24,High
2002-02-13,3.31,High
2002-02-14,3.43,High
2002-02-15,3.53,High
2002-02-16,3.53,High
2002-02-17,3.49,High
2002-02-18,3.47,High
2002-02-19,3.47,High
2002-02-20,3.55,High
2002-02-21,3.6,High
2002-02-22,3.73,High
2002-02-23,3.99,High
2002-02-24,4.28,High
2002-02-25,4.48,High
2002-02-26,4.55,High
2002-02-27,4.6,High
2002-02-28,4.65,High
2002-03-01,4.72,High
2002-03-02,4.76,High
2002-03-03,4.78,High
2002-03-04,4.81,High
2002-03-05,4.84,High
2002-03-06,4.85,High
2002-03-07,4.78,High
2002-03-08,4.61,High
2002-03-09,4.38,High
2002-03-10,4.13,High
2002-03-11,3.89,High
2002-03-12,3.72,High
2002-03-13,3.63,High
2002-03-14,3.63,High
2002-03-15,3.69,High
2002-03-16,3.72,High
2002-03-17,3.69,High
2002-03-18,3.63,High
2002-03-19,3.57,High
2002-03-20,3.53,High
2002-03-21,3.48,High
2002-03-22,3.42,High
2002-03-23,3.34,High
2002-03-24,3.23,High
2002-03-25,3.16,High
2002-03-26,3.11,High
2002-03-27,3.1,High
2002-03-28,3.24,High
2002-03-29,3.61,High
2002-03-30,3.83,High
2002-03-31,3.82,High
2002-04-01,3.82,High
2002-04-02,3.87,High
2002-04-03,3.91,High
2002-04-04,3.91,High
2002-04-05,3.87,High
2002-04-06,3.85,High
2002-04-07,3.78,High
2002-04-08,3.69,High
2002-04-09,3.57,High
2002-04-10,3.46,High
2002-04-11,3.33,High
2002-04-12,3.24,High
2002-04-13,3.17,High
2002-04-14,3.13,High
2002-04-15,3.1,High
2002-04-16,3.07,High
2002-04-17,3.04,High
2002-04-18,3.05,High
2002-04-19,3.07,High
2002-04-20,3.13,High
2002-04-21,3.24,High
2002-04-22,3.34,High
2002-04-23,3.42,Falling
2002-04-24,3.48,Falling
2002-04-25,3.47,Falling
2002-04-26,3.4,Falling
2002-04-27,3.31,Falling
2002-04-28,3.21,Falling
2002-04-29,3.11,Falling
2002-04-30,3.01,Falling
2002-05-01,2.92,Falling
2002-05-02,2.83,Falling
2002-05-03,2.77,Falling
2002-05-04,2.76,Falling
2002-05-05,2.81,Falling
2002-05-06,2.84,Falling
2002-05-07,2.86,Falling
2002-05-08,2.85,Falling
2002-05-09,2.89,Falling
2002-05-10,2.89,Falling
2002-05-11,2.92,Falling
2002-05-12,2.97,Falling
2002-05-13,3.0,Falling
2002-05-14,3.01,Falling
2002-05-15,2.97,Falling
2002-05-16,2.95,Falling
2002-05-17,2.91,Falling
2002-05-18,2.85,Falling
2002-05-19,2.78,Falling
2002-05-20,2.71,Falling
2002-05-21,2.73,Falling
2002-05-22,2.67,Falling
2002-05-23,2.63,Falling
2002-05-24,2.6,Falling
2002-05-25,2.6,Falling
2002-05-26,2.63,Falling
2002-05-27,2.67,Falling
2002-05-28,2.73,Falling
2002-05-29,2.78,Falling
2002-05-30,2.78,Falling
2002-05-31,2.77,Falling
2002-06-01,2.72,Falling
2002-06-02,2.62,Falling
2002-06-03,2.51,Falling
2002-06-04,2.42,Falling
2002-06-05,2.31,Falling
2002-06-06,2.26,Falling
2002-06-07,2.23,Falling
2002-06-08,2.19,Falling
2002-06-09,2.16,Falling
2002-06-10,2.13,Falling
2002-06-11,2.11,Falling
2002-06-12,2.09,Falling
2002-06-13,2.07,Falling
2002-06-14,2.06,Falling
2002-06-15,2.06,Falling
2002-06-16,2.07,Falling
2002-06-17,2.07,Falling
2002-06-18,2.08,Falling
2002-06-19,2.08,Falling
2002-06-20,2.08,Falling
2002-06-21,2.07,Falling
2002-06-22,2.06,Falling
2002-06-23,2.05,Falling
2002-06-24,2.04,Falling
2002-06-25,2.02,Falling
2002-06-26,2.01,Falling
2002-06-27,2.01,Falling
2002-06-28,2.0,Falling
2002-06-29,2.0,Falling
2002-06-30,1.99,Falling
2002-07-01,1.98,Falling
2002-07-02,1.98,Falling
2002-07-03,1.97,Falling
2002-07-04,1.96,Falling
2002-07-05,1.94,Falling
2002-07-06,1.93,Falling
2002-07-07,1.92,Falling
2002-07-08,1.91,Falling
2002-07-09,1.9,Falling
2002-07-10,1.9,Falling
2002-07-11,1.9,Falling
2002-07-12,1.9,Falling
2002-07-13,1.9,Falling
2002-07-14,1.9,Falling
2002-07-15,1.88,Falling
2002-07-16,1.88,Falling
2002-07-17,1.88,Falling
2002-07-18,1.87,Falling
2002-07-19,1.87,Falling
2002-07-20,1.86,Falling
2002-07-21,1.88,Rising
2002-07-22,1.86,Rising
2002-07-23,1.87,Rising
2002-07-24,1.87,Rising
2002-07-25,1.85,Rising
2002-07-26,1.84,Falling
2002-07-27,1.82,Falling
2002-07-28,1.83,Falling
2002-07-29,1.84,Falling
2002-07-30,1.83,Falling
2002-07-31,1.83,Falling
2002-08-01,1.84,Falling
2002-08-02,1.85,Low
2002-08-03,1.89,Low
2002-08-04,1.95,Low
2002-08-05,1.99,Low
2002-08-06,1.98,Low
2002-08-07,1.94,Low
2002-08-08,1.91,Low
2002-08-09,1.88,Low
2002-08-10,1.86,Low
2002-08-11,1.83,Low
2002-08-12,1.81,Low
2002-08-13,1.79,Low
2002-08-14,1.78,Low
2002-08-15,1.76,Low
2002-08-16,1.76,Low
2002-08-17,1.74,Low
2002-08-18,1.74,Low
2002-08-19,1.74,Low
2002-08-20,1.8,Low
2002-08-21,1.81,Low
2002-08-22,1.82,Low
2002-08-23,1.86,Low
2002-08-24,1.9,Low
2002-08-25,1.92,Low
2002-08-26,1.91,Low
2002-08-27,1.87,Low
2002-08-28,1.83,Low
2002-08-29,1.8,Low
2002-08-30,1.8,Low
2002-08-31,1.78,Low
2002-09-01,1.77,Rising
2002-09-02,1.78,Rising
2002-09-03,1.78,Rising
2002-09-04,1.78,Rising
2002-09-05,1.77,Rising
2002-09-06,1.76,Rising
2002-09-07,1.74,Rising
2002-09-08,1.73,Rising
2002-09-09,1.72,Falling
2002-09-10,1.73,Falling
2002-09-11,1.72,Falling
2002-09-12,1.72,Falling
2002-09-13,1.74,Falling
2002-09-14,1.76,Falling
2002-09-15,1.82,Falling
2002-09-16,1.9,Falling
2002-09-17,2.0,Falling
2002-09-18,2.07,Falling
2002-09-19,2.1,Falling
2002-09-20,2.09,Falling
2002-09-21,2.01,Falling
2002-09-22,1.95,Falling
2002-09-23,1.89,Falling
2002-09-24,1.84,Falling
2002-09-25,1.8,Falling
2002-09-26,1.77,Falling
2002-09-27,1.75,Falling
2002-09-28,1.64,Falling
2002-09-29,1.6,Falling
2002-09-30,1.59,Falling
2002-10-03,1.56,Falling
2002-10-04,1.75,Falling
2002-10-05,1.75,Low
2002-10-06,1.71,Low
2002-10-07,1.68,Low
2002-10-08,1.66,Low
2002-10-09,1.66,Low
2002-10-10,1.64,Low
2002-10-11,1.66,Low
2002-10-12,1.68,Low
2002-10-13,1.71,Low
2002-10-14,1.72,Low
2002-10-15,1.71,Low
2002-10-16,1.69,Low
2002-10-17,1.71,Low
2002-10-18,1.74,Low
2002-10-19,1.78,Low
2002-10-20,1.76,Low
2002-10-21,1.72,Low
2002-10-22,1.7,Low
2002-10-23,1.71,Low
2002-10-24,1.74,Low
2002-10-25,1.74,Low
2002-10-26,1.72,Low
2002-10-27,1.69,Low
2002-10-28,1.68,Low
2002-10-29,1.68,Low
2002-10-30,1.67,Low
2002-10-31,1.67,Low
2002-11-01,1.69,Low
2002-11-02,1.71,Low
2002-11-03,1.72,Low
2002-11-04,1.72,Low
2002-11-05,1.72,Low
2002-11-06,1.73,Low
2002-11-07,1.73,Low
2002-11-08,1.74,Low
2002-11-09,1.74,Low
2002-11-10,1.72,Low
2002-11-11,1.7,Low
2002-11-12,1.68,Low
2002-11-13,1.69,Low
2002-11-14,1.75,Low
2002-11-15,1.77,Low
2002-11-16,1.74,Low
2002-11-17,1.73,Low
2002-11-18,1.72,Low
2002-11-19,1.71,Low
2002-11-20,1.68,Low
2002-11-21,1.64,Low
2002-11-22,1.62,Low
2002-11-23,1.62,Rising
2002-11-24,1.61,Rising
2002-11-25,1.62,Rising
2002-11-26,1.65,Rising
2002-11-27,1.67,Rising
2002-11-28,1.66,Rising
2002-11-29,1.68,Rising
2002-11-30,1.68,Rising
2002-12-01,1.71,Rising
2002-12-02,1.79,Rising
2002-12-03,1.88,Rising
2002-12-04,1.95,Rising
2002-12-05,1.98,Rising
2002-12-06,2.02,Rising
2002-12-07,2.06,Rising
2002-12-08,2.1,Rising
2002-12-09,2.12,Rising
2002-12-10,2.09,Rising
2002-12-11,2.03,Rising
2002-12-12,1.98,Rising
2002-12-13,1.99,Rising
2002-12-14,2.0,Rising
2002-12-15,2.12,Rising
2002-12-16,2.15,Rising
2002-12-17,2.19,Rising
2002-12-18,2.29,Rising
2002-12-19,2.34,Rising
2002-12-20,2.37,Rising
2002-12-21,2.39,Rising
2002-12-22,2.39,Falling
2002-12-23,2.39,Falling
2002-12-24,2.37,Falling
2002-12-25,2.32,Falling
2002-12-26,2.24,Falling
2002-12-27,2.15,Falling
2002-12-28,2.16,Falling
2002-12-29,2.22,Falling
2002-12-30,2.3,Falling
2002-12-31,2.35,Falling
2003-01-01,2.38,Falling
2003-01-02,2.36,Falling
2003-01-03,2.25,Falling
2003-01-04,2.22,Falling
2003-01-05,2.02,Falling
2003-01-06,1.94,Falling
2003-01-07,1.85,Falling
2003-01-08,1.82,Falling
2003-01-09,1.8,Rising
2003-01-10,1.77,Rising
2003-01-11,1.8,Rising
2003-01-12,1.89,Rising
2003-01-13,1.94,Rising
2003-01-14,2.0,Rising
2003-01-15,2.02,Rising
2003-01-16,1.96,Rising
2003-01-17,1.99,Rising
2003-01-18,2.1,Rising
2003-01-19,2.22,Rising
2003-01-20,2.27,Rising
2003-01-21,2.32,Rising
2003-01-22,2.35,Rising
2003-01-23,2.39,Rising
2003-01-24,2.44,Rising
2003-01-25,2.53,Rising
2003-01-26,2.57,Rising
2003-01-27,2.61,High
2003-01-28,2.64,High
2003-01-29,2.69,High
2003-01-30,2.92,High
2003-01-31,3.58,High
2003-02-01,3.96,High
2003-02-02,4.06,High
2003-02-03,3.93,High
2003-02-04,3.75,High
2003-02-05,3.61,High
2003-02-06,3.47,High
2003-02-07,3.39,High
2003-02-08,3.42,High
2003-02-09,3.6,High
2003-02-10,3.57,High
2003-02-11,3.47,High
2003-02-12,3.36,High
2003-02-13,3.3,High
2003-02-14,3.4,High
2003-02-15,3.49,High
2003-02-16,3.59,High
2003-02-17,3.55,High
2003-02-18,3.59,High
2003-02-19,3.63,High
2003-02-20,3.65,High
2003-02-21,3.71,High
2003-02-22,3.66,High
2003-02-23,3.56,High
2003-02-24,3.45,High
2003-02-25,3.28,High
2003-02-26,3.17,High
2003-02-27,3.08,High
2003-02-28,3.0,High
2003-03-01,2.94,High
2003-03-02,2.88,High
2003-03-03,2.83,High
2003-03-04,2.81,High
2003-03-05,2.78,High
2003-03-06,2.79,High
2003-03-07,2.78,High
2003-03-08,2.77,High
2003-03-09,2.8,High
2003-03-10,2.8,High
2003-03-11,2.84,High
2003-03-12,2.96,High
2003-03-13,3.03,High
2003-03-14,3.09,High
2003-03-15,3.25,High
2003-03-16,3.42,High
2003-03-17,3.53,High
2003-03-18,3.61,High
2003-03-19,3.71,High
2003-03-20,3.76,High
2003-03-21,3.81,High
2003-03-22,3.84,High
2003-03-23,3.91,High
2003-03-24,4.02,High
2003-03-25,4.21,High
2003-03-26,4.43,High
2003-03-27,4.48,High
2003-03-28,4.41,High
2003-03-29,4.28,High
2003-03-30,4.18,High
2003-03-31,4.14,High
2003-04-01,4.13,High
2003-04-02,4.13,High
2003-04-03,4.16,High
2003-04-04,4.21,High
2003-04-05,4.3,High
2003-04-06,4.37,High
2003-04-07,4.41,High
2003-04-08,4.39,High
2003-04-09,4.27,High
2003-04-10,4.25,High
2003-04-11,4.2,High
2003-04-12,4.13,High
2003-04-13,4.06,High
2003-04-14,4.06,High
2003-04-15,4.11,High
2003-04-16,4.17,High
2003-04-17,4.14,High
2003-04-18,4.06,High
2003-04-19,3.92,High
2003-04-20,3.74,High
2003-04-21,3.66,High
2003-04-22,3.51,High
2003-04-23,3.42,High
2003-04-24,3.35,High
2003-04-25,3.34,High
2003-04-26,3.4,High
2003-04-27,3.44,High
2003-04-28,3.41,High
2003-04-29,3.32,High
2003-04-30,3.21,High
2003-05-01,3.06,High
2003-05-02,2.96,High
2003-05-03,2.84,High
2003-05-04,2.75,High
2003-05-05,2.67,High
2003-05-06,2.59,High
2003-05-07,2.55,Falling
2003-05-08,2.51,Falling
2003-05-09,2.49,Falling
2003-05-10,2.5,Falling
2003-05-11,2.49,Falling
2003-05-12,2.47,Falling
2003-05-13,2.44,Falling
2003-05-14,2.38,Falling
2003-05-15,2.32,Falling
2003-05-16,2.28,Falling
2003-05-17,2.24,Falling
2003-05-18,2.21,Falling
2003-05-19,2.18,Falling
2003-05-20,2.15,Falling
2003-05-21,2.13,Falling
2003-05-22,2.11,Falling
2003-05-23,2.09,Falling
2003-05-24,2.08,Falling
2003-05-25,2.07,Falling
2003-05-26,2.05,Falling
2003-05-27,2.08,Falling
2003-05-28,2.1,Falling
2003-05-29,2.14,Falling
2003-05-30,2.19,Falling
2003-05-31,2.28,Falling
2003-06-01,2.34,Falling
2003-06-02,2.39,Falling
2003-06-03,2.42,Falling
2003-06-04,2.42,Falling
2003-06-05,2.4,Falling
2003-06-06,2.33,Falling
2003-06-07,2.24,Falling
2003-06-08,2.18,Falling
2003-06-09,2.16,Falling
2003-06-10,2.13,Falling
2003-06-11,2.11,Falling
2003-06-12,2.1,Falling
2003-06-13,2.1,Falling
2003-06-14,2.07,Falling
2003-06-15,2.06,Falling
2003-06-16,1.98,Falling
2003-06-17,2.0,Falling
2003-06-18,1.97,Falling
2003-06-19,1.94,Falling
2003-06-20,1.92,Falling
2003-06-21,1.97,Falling
2003-06-22,2.03,Falling
2003-06-23,2.04,Falling
2003-06-24,2.02,Falling
2003-06-25,1.95,Falling
2003-06-26,1.81,Falling
2003-06-27,1.75,Falling
2003-06-28,1.73,Falling
2003-06-29,1.72,Falling
2003-06-30,1.71,Falling
2003-07-01,1.68,Falling
2003-07-02,1.73,Falling
2003-07-03,1.77,Falling
2003-07-04,1.81,Falling
2003-07-05,1.8,Falling
2003-07-06,1.74,Falling
2003-07-07,1.71,Falling
2003-07-08,1.78,Falling
2003-07-09,1.77,Falling
2003-07-10,1.78,Falling
2003-07-11,1.76,Falling
2003-07-12,1.74,Falling
2003-07-13,1.77,Low
2003-07-14,1.77,Low
2003-07-15,1.75,Low
2003-07-16,1.77,Low
2003-07-17,1.76,Low
2003-07-18,1.76,Low
2003-07-19,1.76,Low
2003-07-20,1.76,Low
2003-07-21,1.75,Low
2003-07-22,1.74,Low
2003-07-23,1.74,Low
2003-07-24,1.74,Low
2003-07-25,1.7,Low
2003-07-26,1.55,Low
2003-07-27,1.63,Low
2003-07-28,1.66,Low
2003-07-29,1.68,Rising
2003-07-30,1.73,Rising
2003-07-31,1.74,Rising
2003-08-01,1.66,Rising
2003-08-02,1.56,Falling
2003-08-03,1.64,Falling
2003-08-04,1.71,Falling
2003-08-05,1.69,Falling
2003-08-06,1.71,Falling
2003-08-07,1.75,Falling
2003-08-08,1.9,Falling
2003-08-09,1.93,Falling
2003-08-10,1.94,Rising
2003-08-11,1.9,Rising
2003-08-12,1.96,Rising
2003-08-13,1.98,Rising
2003-08-14,1.84,Rising
2003-08-15,1.8,Falling
2003-08-16,1.74,Falling
2003-08-17,1.72,Falling
2003-08-18,1.73,Rising
2003-08-19,1.71,Rising
2003-08-20,1.7,Falling
2003-08-21,1.72,Rising
2003-08-22,1.71,Falling
2003-08-23,1.7,Falling
2003-08-24,1.7,Falling
2003-08-25,1.71,Falling
2003-08-26,1.73,Low
2003-08-27,1.73,Low
2003-08-28,1.75,Low
2003-08-29,1.73,Low
2003-08-30,1.7,Low
2003-08-31,1.61,Low
2003-09-01,1.63,Low
2003-09-02,1.69,Low
2003-09-03,1.71,Low
2003-09-04,1.74,Low
2003-09-05,1.7,Low
2003-09-06,1.63,Low
2003-09-07,1.69,Low
2003-09-08,1.68,Low
2003-09-09,1.72,Low
2003-09-10,1.73,Low
2003-09-11,1.83,Low
2003-09-12,1.91,Low
2003-09-13,1.94,Low
2003-09-14,1.9,Low
2003-09-15,1.87,Low
2003-09-16,1.82,Low
2003-09-17,1.78,Low
2003-09-18,1.7,Low
2003-09-19,1.7,Low
2003-09-20,1.72,Low
2003-09-21,1.68,Low
2003-09-22,1.67,Low
2003-09-23,1.66,Low
2003-09-24,1.69,Low
2003-09-25,1.7,Low
2003-09-26,1.71,Low
2003-09-27,1.72,Low
2003-09-28,1.72,Low
2003-09-29,1.7,Low
2003-09-30,1.78,Low
2003-10-01,1.84,Low
2003-10-02,1.84,Low
2003-10-03,1.83,Low
2003-10-04,1.8,Low
2003-10-05,1.79,Low
2003-10-06,1.83,Low
2003-10-07,1.88,Low
2003-10-08,1.92,Low
2003-10-09,1.96,Low
2003-10-10,1.98,Rising
2003-10-11,2.01,Rising
2003-10-12,2.0,Rising
2003-10-13,1.96,Rising
2003-10-14,1.93,Rising
2003-10-15,1.97,Rising
2003-10-16,2.02,Rising
2003-10-17,2.03,Rising
2003-10-18,1.98,Rising
2003-10-19,2.01,Rising
2003-10-20,2.07,Rising
2003-10-21,2.14,Rising
2003-10-22,2.23,Rising
2003-10-23,2.34,Rising
2003-10-24,2.51,Rising
2003-10-25,2.8,Rising
2003-10-26,2.93,Rising
2003-10-27,2.99,Rising
2003-10-28,2.88,Rising
2003-10-29,2.74,Rising
2003-10-30,2.62,Rising
2003-10-31,2.6,Rising
2003-11-01,2.89,Rising
2003-11-02,2.88,Rising
2003-11-03,2.94,Rising
2003-11-04,3.06,Rising
2003-11-05,3.12,Rising
2003-11-06,3.21,Rising
2003-11-07,3.14,Rising
2003-11-08,3.06,Rising
2003-11-09,2.98,High
2003-11-10,2.84,High
2003-11-11,2.75,High
2003-11-12,2.68,High
2003-11-13,2.59,High
2003-11-14,2.52,High
2003-11-15,2.63,High
2003-11-16,2.73,High
2003-11-17,2.84,High
2003-11-18,2.87,High
2003-11-19,2.82,High
2003-11-20,2.75,High
2003-11-21,2.8,High
2003-11-22,2.86,High
2003-11-23,2.95,High
2003-11-24,2.97,Falling
2003-11-25,2.9,Falling
2003-11-26,2.83,Falling
2003-11-27,2.85,Falling
2003-11-28,2.89,Falling
2003-11-29,2.93,Falling
2003-11-30,2.94,Rising
2003-12-01,2.96,Rising
2003-12-02,2.99,Rising
2003-12-03,2.97,Rising
2003-12-04,2.89,Rising
2003-12-05,2.86,Rising
2003-12-06,2.84,Rising
2003-12-07,2.76,Rising
2003-12-08,2.75,High
2003-12-09,2.7,High
2003-12-10,2.64,High
2003-12-11,2.57,High
2003-12-12,2.53,High
2003-12-13,2.5,High
2003-12-14,2.61,High
2003-12-15,2.71,High
2003-12-16,2.83,High
2003-12-17,2.88,High
2003-12-18,2.95,High
2003-12-19,3.0,High
2003-12-20,3.03,High
2003-12-21,3.09,High
2003-12-22,3.08,Falling
2003-12-23,3.06,Falling
2003-12-24,3.0,Falling
2003-12-25,3.0,Falling
2003-12-26,2.97,Falling
2003-12-27,2.96,Falling
2003-12-28,2.95,Falling
2003-12-29,2.96,Falling
2003-12-30,2.95,Falling
2003-12-31,2.95,Falling
2004-01-01,2.97,Falling
2004-01-02,2.99,Falling
2004-01-03,2.89,Falling
2004-01-04,2.35,Falling
2004-01-05,2.02,Falling
2004-01-06,1.94,Falling
2004-01-07,1.88,Rising
2004-01-08,1.82,Rising
2004-01-09,1.8,Rising
2004-01-10,1.77,Falling
2004-01-11,1.8,Falling
2004-01-12,1.89,Falling
2004-01-13,1.94,Falling
2004-01-14,2.0,Falling
2004-01-15,2.05,Falling
2004-01-16,1.96,Falling
2004-01-17,1.99,Falling
2004-01-18,2.1,Falling
2004-01-19,2.15,Falling
2004-01-20,2.07,Rising
2004-01-21,3.93,Rising
2004-01-22,3.88,Rising
2004-01-23,3.8,Rising
2004-01-24,2.76,Rising
2004-01-25,2.73,Rising
2004-01-26,2.7,Rising
2004-01-27,2.67,Rising
2004-01-28,2.66,Rising
2004-01-29,2.66,Rising
2004-01-30,2.64,Rising
2004-01-31,2.6,Rising
2004-02-01,2.53,Rising
2004-02-02,2.47,Rising
2004-02-03,2.44,High
2004-02-04,2.44,High
2004-02-05,2.49,High
2004-02-06,2.59,High
2004-02-07,2.63,High
2004-02-08,2.67,High
2004-02-09,2.7,High
2004-02-10,2.71,High
2004-02-11,2.75,High
2004-02-12,2.81,High
2004-02-13,2.94,High
2004-02-14,3.27,High
2004-02-15,3.67,High
2004-02-16,3.81,High
2004-02-17,3.8,High
2004-02-18,3.86,High
2004-02-19,3.84,High
2004-02-20,3.73,High
2004-02-21,3.63,High
2004-02-22,3.47,High
2004-02-23,3.35,High
2004-02-24,3.3,High
2004-02-25,3.25,High
2004-02-26,3.2,High
2004-02-27,3.15,High
2004-02-28,3.07,High
2004-02-29,3.0,High
2004-03-01,2.91,High
2004-03-02,2.83,High
2004-03-03,2.75,High
2004-03-04,2.68,High
2004-03-05,2.62,High
2004-03-06,2.66,High
2004-03-07,2.64,High
2004-03-08,2.57,High
2004-03-09,2.61,High
2004-03-10,2.67,High
2004-03-11,2.71,High
2004-03-12,2.76,Falling
2004-03-13,2.83,Falling
2004-03-14,2.89,Falling
2004-03-15,2.93,Falling
2004-03-16,3.02,Falling
2004-03-17,3.02,Falling
2004-03-18,3.0,Falling
2004-03-19,2.91,Falling
2004-03-20,2.89,Falling
2004-03-21,2.82,Falling
2004-03-22,2.77,Falling
2004-03-23,2.73,Falling
2004-03-24,2.7,Falling
2004-03-25,2.72,Falling
2004-03-26,2.68,Falling
2004-03-27,2.64,Falling
2004-03-28,2.5,Falling
2004-03-29,2.41,Falling
2004-03-30,2.33,Falling
2004-03-31,2.3,Falling
2004-04-01,2.29,Falling
2004-04-02,2.3,Falling
2004-04-03,2.37,Falling
2004-04-04,2.38,Falling
2004-04-05,2.41,Falling
2004-04-06,2.42,Falling
2004-04-07,2.41,Falling
2004-04-08,2.39,Falling
2004-04-09,2.37,Falling
2004-04-10,2.35,Falling
2004-04-11,2.33,Falling
2004-04-12,2.2,Falling
2004-04-13,2.16,Rising
2004-04-14,2.13,Rising
2004-04-15,2.11,Rising
2004-04-16,2.09,Rising
2004-04-17,2.07,Rising
2004-04-18,2.06,Rising
2004-04-19,2.2,Rising
2004-04-20,2.27,Rising
2004-04-21,2.37,Rising
2004-04-22,2.41,Rising
2004-04-23,2.47,Rising
2004-04-24,2.51,Rising
2004-04-25,2.54,Rising
2004-04-26,2.59,Rising
2004-04-27,2.62,Rising
2004-04-28,2.73,Rising
2004-04-29,2.76,Rising
2004-04-30,2.8,Rising
2004-05-01,2.83,Rising
2004-05-02,2.85,Rising
2004-05-03,2.88,Rising
2004-05-04,2.86,Rising
2004-05-05,2.86,High
2004-05-06,2.85,High
2004-05-07,2.88,High
2004-05-08,2.94,High
2004-05-09,3.01,High
2004-05-10,3.07,High
2004-05-11,3.12,High
2004-05-12,3.17,High
2004-05-13,3.35,High
2004-05-14,3.39,High
2004-05-15,3.36,High
2004-05-16,3.26,High
2004-05-17,3.18,Falling
2004-05-18,3.04,Falling
2004-05-19,2.88,Falling
2004-05-20,2.79,Falling
2004-05-21,2.64,Falling
2004-05-22,2.56,Falling
2004-05-23,2.53,Falling
2004-05-24,2.52,Falling
2004-05-25,2.45,Falling
2004-05-26,2.45,Falling
2004-05-27,2.44,Falling
2004-05-28,2.42,Falling
2004-05-29,2.42,Falling
2004-05-30,2.41,Falling
2004-05-31,2.44,Falling
2004-06-01,2.39,Falling
2004-06-02,2.31,Falling
2004-06-03,2.25,Falling
2004-06-04,2.23,Falling
2004-06-05,2.21,Falling
2004-06-06,2.19,Falling
2004-06-07,2.17,Falling
2004-06-08,2.14,Falling
2004-06-09,2.1,Falling
2004-06-10,2.08,Falling
2004-06-11,2.13,Falling
2004-06-12,2.18,Falling
2004-06-13,2.2,Falling
2004-06-14,2.25,Falling
2004-06-15,2.3,Falling
2004-06-16,2.35,Falling
2004-06-17,2.38,Falling
2004-06-18,2.34,Falling
2004-06-19,2.19,Falling
2004-06-20,2.14,Falling
2004-06-21,2.08,Falling
2004-06-22,2.05,Falling
2004-06-23,1.96,Falling
2004-06-24,1.97,Falling
2004-06-25,1.94,Falling
2004-06-26,1.93,Falling
2004-06-27,1.92,Rising
2004-06-28,1.92,Rising
2004-06-29,1.92,Rising
2004-06-30,1.93,Rising
2004-07-01,1.92,Rising
2004-07-02,1.9,Falling
2004-07-03,1.88,Falling
2004-07-04,1.87,Falling
2004-07-05,1.87,Falling
2004-07-06,1.85,Falling
2004-07-07,1.84,Falling
2004-07-08,1.89,Falling
2004-07-09,1.95,Rising
2004-07-10,1.99,Falling
2004-07-11,3.11,Falling
2004-07-12,2.76,Falling
2004-07-13,2.38,Falling
2004-07-14,2.37,Falling
2004-07-15,2.36,Falling
2004-07-16,2.28,Falling
2004-07-17,2.2,Falling
2004-07-18,2.09,Falling
2004-07-19,2.05,Falling
2004-07-20,2.04,Falling
2004-07-21,2.02,Falling
2004-07-22,2.0,Falling
2004-07-23,1.97,Falling
2004-07-24,1.94,Falling
2004-07-25,1.9,Falling
2004-07-26,1.86,Falling
2004-07-27,1.84,Falling
2004-07-28,1.82,Falling
2004-07-29,1.8,Low
2004-07-30,1.83,Low
2004-07-31,1.8,Low
2004-08-01,1.78,Low
2004-08-02,1.76,Low
2004-08-03,1.77,Low
2004-08-04,1.77,Low
2004-08-05,1.77,Low
2004-08-06,1.77,Low
2004-08-07,1.77,Low
2004-08-08,1.75,Low
2004-08-09,1.76,Low
2004-08-10,1.72,Low
2004-08-11,1.72,Low
2004-08-12,1.72,Low
2004-08-13,1.72,Low
2004-08-14,1.71,Low
2004-08-15,1.71,Low
2004-08-16,1.7,Low
2004-08-17,1.7,Low
2004-08-18,1.69,Low
2004-08-19,1.68,Low
2004-08-20,1.67,Low
2004-08-21,1.66,Low
2004-08-22,1.66,Low
2004-08-23,1.65,Low
2004-08-24,1.64,Low
2004-08-25,1.66,Low
2004-08-26,1.66,Low
2004-08-27,1.67,Low
2004-08-28,1.73,Low
2004-08-29,1.82,Low
2004-08-30,1.88,Low
2004-08-31,1.81,Low
2004-09-01,1.77,Low
2004-09-02,1.74,Low
2004-09-03,1.72,Low
2004-09-04,1.7,Low
2004-09-05,1.72,Low
2004-09-06,1.72,Low
2004-09-07,1.7,Low
2004-09-08,1.68,Low
2004-09-09,1.66,Low
2004-09-10,1.65,Low
2004-09-11,1.63,Low
2004-09-12,1.62,Low
2004-09-13,1.61,Low
2004-09-14,1.6,Low
2004-09-15,1.61,Low
2004-09-16,1.61,Low
2004-09-17,1.61,Low
2004-09-18,1.62,Low
2004-09-19,1.62,Low
2004-09-20,1.6,Low
2004-09-21,1.6,Low
2004-09-22,1.62,Low
2004-09-23,1.62,Low
2004-09-24,1.62,Low
2004-09-25,1.62,Low
2004-09-26,1.63,Low
2004-09-27,1.63,Low
2004-09-28,1.62,Low
2004-09-29,1.63,Low
2004-09-30,1.62,Low
2004-10-01,1.62,Low
2004-10-02,1.64,Low
2004-10-03,1.66,Low
2004-10-04,1.68,Low
2004-10-05,1.65,Low
2004-10-06,1.67,Low
2004-10-07,1.66,Low
2004-10-08,1.65,Low
2004-10-09,1.63,Low
2004-10-10,1.63,Low
2004-10-11,1.63,Low
2004-10-12,1.64,Low
2004-10-13,1.74,Low
2004-10-14,1.76,Low
2004-10-15,1.77,Low
2004-10-16,1.79,Low
2004-10-17,1.79,Rising
2004-10-18,1.8,Rising
2004-10-19,1.78,Rising
2004-10-20,1.79,Rising
2004-10-21,1.79,Rising
2004-10-22,1.75,Rising
2004-10-23,1.67,Rising
2004-10-24,1.66,Rising
2004-10-25,1.69,Rising
2004-10-26,1.67,Rising
2004-10-27,1.68,Rising
2004-10-28,1.67,Rising
2004-10-29,1.76,Rising
2004-10-30,1.96,Rising
2004-10-31,2.03,Rising
2004-11-01,2.04,Rising
2004-11-02,1.97,Rising
2004-11-03,1.92,Rising
2004-11-04,1.84,Rising
2004-11-05,1.88,Rising
2004-11-06,1.86,Rising
2004-11-07,1.81,Rising
2004-11-08,1.86,Rising
2004-11-09,1.93,Rising
2004-11-10,1.92,Rising
2004-11-11,1.91,Rising
2004-11-12,1.88,Rising
2004-11-13,1.95,Rising
2004-11-14,2.06,Rising
2004-11-15,2.08,Rising
2004-11-16,2.09,Rising
2004-11-17,2.15,Rising
2004-11-18,2.22,Rising
2004-11-19,2.28,Rising
2004-11-20,2.35,Rising
2004-11-21,2.39,Rising
2004-11-22,2.43,Rising
2004-11-23,2.47,Rising
2004-11-24,2.53,Rising
2004-11-25,2.63,Rising
2004-11-26,2.77,Rising
2004-11-27,2.98,Rising
2004-11-28,3.25,Rising
2004-11-29,3.23,Rising
2004-11-30,3.09,Rising
2004-12-01,2.87,Rising
2004-12-02,2.65,Rising
2004-12-03,2.49,Rising
2004-12-04,2.33,Rising
2004-12-05,2.22,Rising
2004-12-06,2.08,Falling
2004-12-07,2.0,Falling
2004-12-08,1.96,Falling
2004-12-09,2.01,Falling
2004-12-10,2.01,Falling
2004-12-11,2.05,Falling
2004-12-12,2.16,Falling
2004-12-13,2.24,Falling
2004-12-14,2.35,Falling
2004-12-15,2.51,Falling
2004-12-16,2.54,Falling
2004-12-17,2.54,Falling
2004-12-18,2.49,Falling
2004-12-19,2.46,Rising
2004-12-20,2.33,Rising
2004-12-21,2.15,Rising
2004-12-22,2.13,Rising
2004-12-23,2.15,Rising
2004-12-24,2.17,Rising
2004-12-25,2.22,Rising
2004-12-26,2.3,Rising
2004-12-27,2.37,Rising
2004-12-28,2.41,Rising
2004-12-29,2.43,Rising
2004-12-30,2.48,Rising
2004-12-31,2.53,Rising
2005-01-01,2.59,Rising
2005-01-02,2.63,Rising
2005-01-03,2.67,Rising
2005-01-04,2.68,Rising
2005-01-05,2.7,Rising
2005-01-06,2.72,Rising
2005-01-07,2.78,High
2005-01-08,2.86,High
2005-01-09,2.93,High
2005-01-10,3.15,High
2005-01-11,3.37,High
2005-01-12,3.45,High
2005-01-13,3.48,High
2005-01-14,3.47,High
2005-01-15,3.42,High
2005-01-16,3.36,High
2005-01-17,3.3,High
2005-01-18,3.22,High
2005-01-19,3.12,High
2005-01-20,3.08,High
2005-01-21,3.03,High
2005-01-22,2.95,High
2005-01-23,2.88,High
2005-01-24,2.85,High
2005-01-25,2.84,High
2005-01-26,2.9,High
2005-01-27,2.96,High
2005-01-28,3.47,High
2005-01-29,3.2,High
2005-01-30,3.31,High
2005-01-31,3.44,High
2005-02-01,3.62,High
2005-02-02,3.86,High
2005-02-03,4.06,High
2005-02-04,4.15,High
2005-02-05,4.22,High
2005-02-06,4.34,High
2005-02-07,4.44,High
2005-02-08,4.39,High
2005-02-09,4.27,High
2005-02-10,4.11,High
2005-02-11,3.95,High
2005-02-12,3.79,High
2005-02-13,3.64,High
2005-02-14,3.49,High
2005-02-15,3.47,High
2005-02-16,3.32,High
2005-02-17,3.22,High
2005-02-18,3.12,High
2005-02-19,3.0,High
2005-02-20,2.91,High
2005-02-21,2.82,High
2005-02-22,2.76,High
2005-02-23,2.72,High
2005-02-24,2.73,High
2005-02-25,2.74,High
2005-02-26,2.75,High
2005-02-27,2.77,High
2005-02-28,2.8,High
2005-03-01,2.81,High
2005-03-02,2.82,High
2005-03-03,2.83,High
2005-03-04,2.87,High
2005-03-05,2.93,High
2005-03-06,3.3,High
2005-03-07,3.56,High
2005-03-08,3.62,High
2005-03-09,3.56,High
2005-03-10,3.3,High
2005-03-11,3.33,High
2005-03-12,3.26,High
2005-03-13,3.14,High
2005-03-14,3.08,High
2005-03-15,3.03,High
2005-03-16,3.01,High
2005-03-17,3.02,High
2005-03-18,3.05,High
2005-03-19,3.09,High
2005-03-20,3.11,High
2005-03-21,3.09,High
2005-03-22,3.14,High
2005-03-23,3.2,High
2005-03-24,3.18,High
2005-03-25,3.21,High
2005-03-26,3.26,High
2005-03-27,3.35,High
2005-03-28,3.45,High
2005-03-29,3.77,High
2005-03-30,3.88,High
2005-03-31,3.77,High
2005-04-01,3.69,High
2005-04-02,3.44,High
2005-04-03,3.51,High
2005-04-04,3.34,High
2005-04-05,3.34,High
2005-04-06,3.36,High
2005-04-07,3.36,High
2005-04-08,3.34,High
2005-04-09,3.28,High
2005-04-10,3.2,High
2005-04-11,3.15,High
2005-04-12,3.08,High
2005-04-13,2.99,High
2005-04-14,2.9,High
2005-04-15,2.79,High
2005-04-16,2.64,Falling
2005-04-17,2.5,Falling
2005-04-18,2.38,Falling
2005-04-19,2.31,Falling
2005-04-20,2.27,Falling
2005-04-21,2.27,Falling
2005-04-22,2.31,Falling
2005-04-23,2.38,Falling
2005-04-24,2.43,Falling
2005-04-25,2.44,Falling
2005-04-26,2.43,Falling
2005-04-27,2.4,Falling
2005-04-28,2.39,Falling
2005-04-29,2.39,Falling
2005-04-30,2.39,Falling
2005-05-01,2.36,Falling
2005-05-02,2.32,Falling
2005-05-03,2.27,Falling
2005-05-04,2.25,Falling
2005-05-05,2.23,Falling
2005-05-06,2.22,Falling
2005-05-07,2.27,Falling
2005-05-08,2.31,Falling
2005-05-09,2.35,Falling
2005-05-10,2.4,Falling
2005-05-11,2.43,Falling
2005-05-12,2.45,Falling
2005-05-13,2.45,Falling
2005-05-14,2.44,Falling
2005-05-15,2.44,Falling
2005-05-16,2.39,Falling
2005-05-17,2.32,Falling
2005-05-18,2.22,Falling
2005-05-19,2.14,Falling
2005-05-20,2.09,Falling
2005-05-21,2.04,Falling
2005-05-22,2.02,Falling
2005-05-23,2.0,Falling
2005-05-24,2.01,Falling
2005-05-25,2.1,Falling
2005-05-26,2.11,Falling
2005-05-27,2.12,Falling
2005-05-28,2.22,Falling
2005-05-29,2.25,Falling
2005-05-30,2.25,Falling
2005-05-31,2.22,Falling
2005-06-01,2.22,Falling
2005-06-02,2.22,Falling
2005-06-03,2.18,Falling
2005-06-04,2.09,Falling
2005-06-05,2.01,Falling
2005-06-06,1.98,Falling
2005-06-07,1.95,Falling
2005-06-08,1.94,Falling
2005-06-09,1.91,Falling
2005-06-10,1.91,Falling
2005-06-11,1.9,Falling
2005-06-12,1.89,Falling
2005-06-13,1.88,Falling
2005-06-14,1.88,Falling
2005-06-15,1.84,Falling
2005-06-16,1.85,Falling
2005-06-17,1.84,Falling
2005-06-18,1.83,Falling
2005-06-19,1.84,Falling
2005-06-20,1.83,Falling
2005-06-21,1.81,Falling
2005-06-22,1.8,Falling
2005-06-23,1.76,Falling
2005-06-24,1.47,Falling
2005-06-25,1.4,Low
2005-06-26,1.4,Low
2005-06-27,1.43,Low
2005-06-28,1.65,Low
2005-06-29,1.88,Low
2005-06-30,1.89,Low
2005-07-01,1.81,Low
2005-07-02,1.75,Low
2005-07-03,1.75,Low
2005-07-04,1.59,Low
2005-07-05,1.49,Low
2005-07-06,1.47,Low
2005-07-07,1.48,Low
2005-07-08,1.49,Low
2005-07-09,1.46,Low
2005-07-10,1.44,Low
2005-07-11,1.43,Low
2005-07-12,1.47,Low
2005-07-13,1.54,Low
2005-07-14,1.69,Low
2005-07-15,1.81,Low
2005-07-16,1.77,Low
2005-07-17,1.75,Low
2005-07-18,1.73,Low
2005-07-19,1.74,Low
2005-07-20,1.71,Low
2005-07-21,1.69,Low
2005-07-22,1.72,Low
2005-07-23,1.77,Low
2005-07-24,1.75,Low
2005-07-25,1.73,Low
2005-07-26,1.75,Low
2005-07-27,1.68,Low
2005-07-28,1.71,Low
2005-07-29,1.73,Low
2005-07-30,1.72,Low
2005-07-31,1.72,Low
2005-08-01,1.64,Low
2005-08-02,1.71,Low
2005-08-03,1.74,Low
2005-08-04,1.67,Low
2005-08-05,1.67,Low
2005-08-06,1.68,Low
2005-08-07,1.66,Low
2005-08-08,1.66,Low
2005-08-09,1.64,Low
2005-08-10,1.66,Low
2005-08-11,1.63,Low
2005-08-12,1.64,Low
2005-08-13,1.64,Low
2005-08-14,1.65,Low
2005-08-15,1.66,Low
2005-08-16,1.66,Low
2005-08-17,1.65,Low
2005-08-18,1.64,Low
2005-08-19,1.66,Low
2005-08-20,1.64,Low
2005-08-21,1.63,Low
2005-08-22,1.67,Low
2005-08-23,1.71,Low
2005-08-24,1.74,Low
2005-08-25,1.71,Low
2005-08-26,1.71,Low
2005-08-27,1.72,Low
2005-08-28,1.7,Low
2005-08-29,1.71,Low
2005-08-30,1.67,Low
2005-08-31,1.66,Low
2005-09-01,1.65,Low
2005-09-02,1.63,Low
2005-09-03,1.64,Low
2005-09-04,1.64,Low
2005-09-05,1.63,Low
2005-09-06,1.63,Low
2005-09-07,1.64,Low
2005-09-08,1.64,Low
2005-09-09,1.62,Low
2005-09-10,1.63,Low
2005-09-11,1.67,Low
2005-09-12,1.73,Low
2005-09-13,1.75,Low
2005-09-14,1.87,Low
2005-09-15,1.99,Low
2005-09-16,1.91,Low
2005-09-17,1.83,Low
2005-09-18,1.79,Low
2005-09-19,1.73,Low
2005-09-20,1.7,Low
2005-09-21,1.69,Low
2005-09-22,1.68,Low
2005-09-23,1.69,Low
2005-09-24,1.68,Low
2005-09-25,1.69,Low
2005-09-26,1.69,Low
2005-09-27,1.75,Low
2005-09-28,1.83,Low
2005-09-29,1.89,Low
2005-09-30,1.89,Low
2005-10-01,1.94,Low
2005-10-02,1.96,Low
2005-10-03,1.97,Low
2005-10-04,1.93,Low
2005-10-05,1.96,Low
2005-10-06,1.91,Low
2005-10-07,1.87,Low
2005-10-08,1.83,Low
2005-10-09,1.8,Low
2005-10-10,1.76,Low
2005-10-11,1.72,Low
2005-10-12,1.71,Low
2005-10-13,1.7,Low
2005-10-14,1.7,Low
2005-10-15,1.7,Low
2005-10-16,1.71,Low
2005-10-17,1.71,Low
2005-10-18,1.72,Low
2005-10-19,1.74,Low
2005-10-20,1.76,Low
2005-10-21,1.75,Low
2005-10-22,1.73,Low
2005-10-23,1.79,Low
2005-10-24,1.84,Low
2005-10-25,1.85,Low
2005-10-26,1.84,Low
2005-10-27,1.8,Low
2005-10-28,1.79,Low
2005-10-29,1.78,Low
2005-10-30,1.77,Low
2005-10-31,1.78,Low
2005-11-01,1.76,Rising
2005-11-02,1.77,Rising
2005-11-03,1.76,Rising
2005-11-04,1.79,Rising
2005-11-05,1.83,Rising
2005-11-06,1.83,Rising
2005-11-07,1.87,Rising
2005-11-08,1.91,Rising
2005-11-09,1.91,Rising
2005-11-10,2.04,Rising
2005-11-11,2.13,Rising
2005-11-12,2.17,Rising
2005-11-13,2.22,Rising
2005-11-14,2.26,Rising
2005-11-15,2.3,Rising
2005-11-16,2.32,Rising
2005-11-17,2.26,Rising
2005-11-18,2.24,Rising
2005-11-19,2.24,Rising
2005-11-20,2.24,Rising
2005-11-21,2.22,Rising
2005-11-22,2.19,Rising
2005-11-23,2.18,Rising
2005-11-24,2.16,Rising
2005-11-25,2.14,Rising
2005-11-26,2.11,Rising
2005-11-27,2.1,Rising
2005-11-28,2.09,Rising
2005-11-29,2.08,Rising
2005-11-30,2.05,Falling
2005-12-01,2.04,Falling
2005-12-02,2.08,Falling
2005-12-03,2.17,Falling
2005-12-04,2.23,Falling
2005-12-05,2.25,Falling
2005-12-06,2.24,Falling
2005-12-07,2.25,Rising
2005-12-08,2.26,Rising
2005-12-09,2.26,Rising
2005-12-10,2.25,Rising
2005-12-11,2.26,Rising
2005-12-12,2.27,Rising
2005-12-13,2.25,Rising
2005-12-14,2.23,Rising
2005-12-15,2.18,Rising
2005-12-16,2.1,Rising
2005-12-17,2.02,Rising
2005-12-18,2.02,Rising
2005-12-19,2.01,Rising
2005-12-20,2.15,Rising
2005-12-21,2.29,Rising
2005-12-22,2.4,Rising
2005-12-23,2.46,Rising
2005-12-24,2.54,Rising
2005-12-25,2.61,Rising
2005-12-26,2.64,Rising
2005-12-27,2.69,Rising
2005-12-28,2.74,Rising
2005-12-29,2.77,Rising
2005-12-30,2.79,Rising
2005-12-31,2.8,Rising
2006-01-01,2.83,Rising
2006-01-02,2.87,Rising
2006-01-03,2.94,Rising
2006-01-04,2.98,Rising
2006-01-05,3.07,Rising
2006-01-06,3.1,Rising
2006-01-07,3.15,Rising
2006-01-08,3.19,Rising
2006-01-09,3.23,Rising
2006-01-10,3.25,Rising
2006-01-11,3.43,Rising
2006-01-12,3.67,Rising
2006-01-13,3.81,Rising
2006-01-14,3.86,Rising
2006-01-15,3.92,Rising
2006-01-16,4.22,Rising
2006-01-17,4.46,Rising
2006-01-18,4.61,Rising
2006-01-19,4.66,High
2006-01-20,4.6,High
2006-01-21,4.41,High
2006-01-22,4.24,High
2006-01-23,4.14,High
2006-01-24,4.01,High
2006-01-25,3.89,High
2006-01-26,3.81,High
2006-01-27,3.78,High
2006-01-28,3.81,High
2006-01-29,3.84,High
2006-01-30,3.89,High
2006-01-31,3.89,High
2006-02-01,3.91,High
2006-02-02,3.94,High
2006-02-03,3.95,High
2006-02-04,3.97,High
2006-02-05,3.98,High
2006-02-06,4.01,High
2006-02-07,4.04,High
2006-02-08,4.04,High
2006-02-09,4.01,High
2006-02-10,3.98,High
2006-02-11,3.93,High
2006-02-12,3.83,High
2006-02-13,3.77,High
2006-02-14,3.84,High
2006-02-15,3.96,High
2006-02-16,4.02,High
2006-02-17,4.15,High
2006-02-18,4.28,High
2006-02-19,4.38,High
2006-02-20,4.47,High
2006-02-21,4.53,High
2006-02-22,4.61,High
2006-02-23,4.66,High
2006-02-24,4.72,High
2006-02-25,4.78,High
2006-02-26,4.86,High
2006-02-27,4.9,High
2006-02-28,4.92,High
2006-03-01,4.94,High
2006-03-02,4.93,High
2006-03-03,4.84,High
2006-03-04,4.73,High
2006-03-05,4.58,High
2006-03-06,4.37,High
2006-03-07,4.22,High
2006-03-08,4.06,High
2006-03-09,3.8,High
2006-03-10,3.5,High
2006-03-11,3.34,High
2006-03-12,3.3,High
2006-03-13,3.28,High
2006-03-14,3.29,High
2006-03-15,3.3,High
2006-03-16,3.32,High
2006-03-17,3.35,High
2006-03-18,3.37,High
2006-03-19,3.38,High
2006-03-20,3.41,High
2006-03-21,3.53,High
2006-03-22,3.64,High
2006-03-23,3.71,High
2006-03-24,3.79,High
2006-03-25,3.87,High
2006-03-26,3.95,High
2006-03-27,4.03,High
2006-03-28,3.98,High
2006-03-29,3.94,High
2006-03-30,3.99,High
2006-03-31,4.09,High
2006-04-01,4.45,High
2006-04-02,4.72,High
2006-04-03,4.71,High
2006-04-04,4.53,High
2006-04-05,4.47,High
2006-04-06,4.4,High
2006-04-07,4.28,High
2006-04-08,4.31,High
2006-04-09,4.41,High
2006-04-10,4.49,High
2006-04-11,4.54,High
2006-04-12,4.59,High
2006-04-13,4.59,High
2006-04-14,4.58,High
2006-04-15,4.53,High
2006-04-16,4.46,High
2006-04-17,4.38,High
2006-04-18,4.31,High
2006-04-19,4.25,High
2006-04-20,4.28,High
2006-04-21,4.5,High
2006-04-22,4.66,High
2006-04-23,4.7,High
2006-04-24,4.6,High
2006-04-25,4.46,High
2006-04-26,4.47,High
2006-04-27,4.53,High
2006-04-28,4.52,High
2006-04-29,4.35,High
2006-04-30,4.15,High
2006-05-01,3.92,Falling
2006-05-02,3.73,Falling
2006-05-03,3.58,Falling
2006-05-04,3.42,Falling
2006-05-05,3.31,Falling
2006-05-06,3.17,Falling
2006-05-07,3.07,Falling
2006-05-08,2.98,Falling
2006-05-09,2.9,Falling
2006-05-10,2.83,Falling
2006-05-11,2.75,Falling
2006-05-12,2.7,Falling
2006-05-13,2.65,Falling
2006-05-14,2.61,Falling
2006-05-15,2.57,Falling
2006-05-16,2.53,Falling
2006-05-17,2.5,Falling
2006-05-18,2.48,Falling
2006-05-19,2.46,Falling
2006-05-20,2.45,Falling
2006-05-21,2.47,Falling
2006-05-22,2.51,Falling
2006-05-23,2.52,Falling
2006-05-24,2.54,Falling
2006-05-25,2.56,Falling
2006-05-26,2.6,Falling
2006-05-27,2.66,Falling
2006-05-28,2.7,Falling
2006-05-29,2.74,Falling
2006-05-30,2.79,Falling
2006-05-31,2.78,Falling
2006-06-01,2.74,Falling
2006-06-02,2.66,Falling
2006-06-03,2.58,Falling
2006-06-04,2.5,Falling
2006-06-05,2.41,Falling
2006-06-06,2.28,Falling
2006-06-07,2.26,Falling
2006-06-08,2.3,Falling
2006-06-09,2.32,Falling
2006-06-10,2.29,Falling
2006-06-11,2.24,Falling
2006-06-12,2.19,Falling
2006-06-13,2.17,Falling
2006-06-14,2.17,Falling
2006-06-15,2.16,Falling
2006-06-16,2.17,Falling
2006-06-17,2.17,Falling
2006-06-18,2.14,Falling
2006-06-19,2.12,Falling
2006-06-20,2.11,Falling
2006-06-21,2.09,Falling
2006-06-22,2.06,Falling
2006-06-23,2.05,Rising
2006-06-24,2.04,Falling
2006-06-25,2.02,Falling
2006-06-26,2.01,Falling
2006-06-27,2.0,Falling
2006-06-28,2.0,Falling
2006-06-29,2.0,Falling
2006-06-30,2.0,Falling
2006-07-01,2.0,Falling
2006-07-02,2.0,Falling
2006-07-03,2.03,Falling
2006-07-04,2.09,Falling
2006-07-05,2.18,Falling
2006-07-06,2.25,Falling
2006-07-07,2.29,Falling
2006-07-08,2.27,Falling
2006-07-09,2.21,Falling
2006-07-10,2.15,Falling
2006-07-11,2.09,Falling
2006-07-12,2.02,Falling
2006-07-13,2.0,Falling
2006-07-14,2.0,Falling
2006-07-15,1.99,Falling
2006-07-16,1.96,Falling
2006-07-17,1.94,Falling
2006-07-18,1.92,Falling
2006-07-19,1.92,Falling
2006-07-20,1.91,Falling
2006-07-21,1.9,Falling
2006-07-22,1.9,Falling
2006-07-23,1.88,Falling
2006-07-24,1.88,Falling
2006-07-25,1.76,Falling
2006-07-26,1.81,Falling
2006-07-27,1.96,Falling
2006-07-28,1.96,Low
2006-07-29,1.86,Low
2006-07-30,1.84,Low
2006-07-31,1.83,Low
2006-08-01,1.81,Low
2006-08-02,1.77,Low
2006-08-03,1.83,Low
2006-08-04,1.83,Low
2006-08-05,1.81,Low
2006-08-06,1.84,Low
2006-08-07,1.82,Low
2006-08-08,1.79,Low
2006-08-09,1.79,Low
2006-08-10,1.78,Low
2006-08-11,1.78,Low
2006-08-12,1.77,Low
2006-08-13,1.76,Low
2006-08-14,1.74,Low
2006-08-15,1.75,Low
2006-08-16,1.75,Low
2006-08-17,1.73,Low
2006-08-18,1.74,Low
2006-08-19,1.73,Low
2006-08-20,1.72,Low
2006-08-21,1.74,Low
2006-08-22,1.73,Low
2006-08-23,1.72,Low
2006-08-24,1.72,Low
2006-08-25,1.72,Low
2006-08-26,1.72,Low
2006-08-27,1.71,Low
2006-08-28,1.72,Low
2006-08-29,1.7,Low
2006-08-30,1.71,Low
2006-08-31,1.78,Low
2006-09-01,1.77,Low
2006-09-02,1.75,Low
2006-09-03,1.71,Low
2006-09-04,1.69,Low
2006-09-05,1.7,Low
2006-09-06,1.73,Low
2006-09-07,1.68,Low
2006-09-08,1.7,Low
2006-09-09,1.71,Low
2006-09-10,1.74,Low
2006-09-11,1.77,Low
2006-09-12,1.89,Low
2006-09-13,1.96,Low
2006-09-14,1.92,Low
2006-09-15,1.88,Low
2006-09-16,1.85,Low
2006-09-17,1.79,Low
2006-09-18,1.76,Low
2006-09-19,1.77,Low
2006-09-20,1.76,Low
2006-09-21,1.74,Rising
2006-09-22,1.72,Rising
2006-09-23,1.72,Rising
2006-09-24,1.72,Rising
2006-09-25,1.74,Rising
2006-09-26,1.75,Rising
2006-09-27,1.83,Rising
2006-09-28,1.87,Rising
2006-09-29,1.83,Rising
2006-09-30,1.85,Rising
2006-10-01,1.89,Rising
2006-10-02,1.97,Rising
2006-10-03,2.04,Rising
2006-10-04,2.1,Rising
2006-10-05,2.13,Rising
2006-10-06,2.14,Rising
2006-10-07,2.15,Rising
2006-10-08,2.17,Rising
2006-10-09,2.21,Rising
2006-10-10,2.22,Rising
2006-10-11,2.17,Rising
2006-10-12,2.13,Rising
2006-10-13,2.04,Rising
2006-10-14,1.97,Rising
2006-10-15,1.93,Rising
2006-10-16,1.94,Rising
2006-10-17,1.92,Rising
2006-10-18,2.02,Rising
2006-10-19,2.17,Rising
2006-10-20,2.26,Rising
2006-10-21,2.38,Rising
2006-10-22,2.39,Rising
2006-10-23,2.4,Rising
2006-10-24,2.41,Rising
2006-10-25,2.4,Rising
2006-10-26,2.41,Rising
2006-10-27,2.42,Rising
2006-10-28,2.42,Falling
2006-10-29,2.4,Falling
2006-10-30,2.38,Falling
2006-10-31,2.32,Falling
2006-11-01,2.23,Falling
2006-11-02,2.22,Falling
2006-11-03,2.22,Falling
2006-11-04,2.22,Falling
2006-11-05,2.22,Falling
2006-11-06,2.24,Falling
2006-11-07,2.27,Falling
2006-11-08,2.28,Falling
2006-11-09,2.28,Falling
2006-11-10,2.24,Falling
2006-11-11,2.08,Falling
2006-11-12,1.93,Falling
2006-11-13,1.92,Falling
2006-11-14,1.88,Falling
2006-11-15,1.82,Falling
2006-11-16,1.79,Falling
2006-11-17,1.72,Falling
2006-11-18,1.71,Falling
2006-11-19,1.71,Falling
2006-11-20,1.67,Falling
2006-11-21,1.69,Falling
2006-11-22,1.71,Falling
2006-11-23,1.73,Falling
2006-11-24,1.76,Falling
2006-11-25,1.8,Falling
2006-11-26,1.81,Rising
2006-11-27,1.82,Rising
2006-11-28,1.82,Rising
2006-11-29,1.78,Rising
2006-11-30,1.77,Rising
2006-12-01,1.8,Rising
2006-12-02,1.8,Rising
2006-12-03,1.78,Rising
2006-12-04,1.83,Rising
2006-12-05,1.96,Rising
2006-12-06,2.08,Rising
2006-12-07,2.15,Rising
2006-12-08,2.21,Rising
2006-12-09,2.28,Rising
2006-12-10,2.35,Rising
2006-12-11,2.4,Rising
2006-12-12,2.45,Rising
2006-12-13,2.47,Rising
2006-12-14,2.49,Rising
2006-12-15,2.49,Rising
2006-12-16,2.47,Rising
2006-12-17,2.42,Rising
2006-12-18,2.44,Rising
2006-12-19,2.49,Rising
2006-12-20,2.51,Rising
2006-12-21,2.55,Rising
2006-12-22,2.58,Rising
2006-12-23,2.61,Rising
2006-12-24,2.61,Rising
2006-12-25,2.61,Rising
2006-12-26,2.59,Rising
2006-12-27,2.57,Rising
2006-12-28,2.58,Rising
2006-12-29,2.58,Rising
2006-12-30,2.58,Rising
2006-12-31,2.6,Rising
2007-01-01,2.61,Rising
2007-01-02,2.65,Rising
2007-01-03,2.7,Rising
2007-01-04,2.77,Rising
2007-01-05,2.83,Rising
2007-01-06,2.92,Rising
2007-01-07,3.06,Rising
2007-01-08,3.21,Rising
2007-01-09,3.28,Rising
2007-01-10,3.26,Rising
2007-01-11,3.22,High
2007-01-12,3.17,High
2007-01-13,3.13,High
2007-01-14,3.14,High
2007-01-15,3.17,High
2007-01-16,3.2,High
2007-01-17,3.23,High
2007-01-18,3.25,High
2007-01-19,3.33,High
2007-01-20,3.27,High
2007-01-21,3.3,High
2007-01-22,3.35,High
2007-01-23,3.42,High
2007-01-24,3.48,High
2007-01-25,3.73,High
2007-01-26,4.3,High
2007-01-27,4.55,High
2007-01-28,4.48,High
2007-01-29,4.35,High
2007-01-30,4.23,High
2007-01-31,4.17,High
2007-02-01,4.34,High
2007-02-02,4.49,High
2007-02-03,4.49,High
2007-02-04,4.4,High
2007-02-05,4.34,High
2007-02-06,4.34,High
2007-02-07,4.31,High
2007-02-08,4.25,High
2007-02-09,4.11,High
2007-02-10,3.98,High
2007-02-11,3.75,High
2007-02-12,3.67,High
2007-02-13,3.89,High
2007-02-14,4.26,High
2007-02-15,4.66,High
2007-02-16,4.96,High
2007-02-17,4.95,High
2007-02-18,4.88,High
2007-02-19,4.76,High
2007-02-20,4.7,High
2007-02-21,4.66,High
2007-02-22,4.59,High
2007-02-23,4.41,High
2007-02-24,4.18,High
2007-02-25,3.96,High
2007-02-26,3.83,High
2007-02-27,3.69,High
2007-02-28,3.54,High
2007-03-01,3.4,High
2007-03-02,3.28,High
2007-03-03,3.2,High
2007-03-04,3.14,High
2007-03-05,3.1,High
2007-03-06,3.08,High
2007-03-07,3.06,High
2007-03-08,3.05,High
2007-03-09,3.07,High
2007-03-10,3.1,High
2007-03-11,3.11,High
2007-03-12,3.11,High
2007-03-13,3.09,High
2007-03-14,3.05,High
2007-03-15,3.01,High
2007-03-16,3.01,High
2007-03-17,3.05,High
2007-03-18,3.39,High
2007-03-19,3.58,High
2007-03-20,3.6,High
2007-03-21,3.56,High
2007-03-22,3.58,High
2007-03-23,3.67,High
2007-03-24,3.99,High
2007-03-25,4.16,High
2007-03-26,4.09,High
2007-03-27,3.97,High
2007-03-28,3.83,High
2007-03-29,3.7,High
2007-03-30,3.58,High
2007-03-31,3.46,High
2007-04-01,3.33,High
2007-04-02,3.24,High
2007-04-03,3.15,High
2007-04-04,3.08,High
2007-04-05,3.02,High
2007-04-06,2.94,High
2007-04-07,2.87,High
2007-04-08,2.82,High
2007-04-09,2.77,High
2007-04-10,2.71,High
2007-04-11,2.68,High
2007-04-12,2.69,High
2007-04-13,2.72,Falling
2007-04-14,2.77,Falling
2007-04-15,2.85,Falling
2007-04-16,2.91,Falling
2007-04-17,2.98,Falling
2007-04-18,3.01,Falling
2007-04-19,3.05,Falling
2007-04-20,3.1,Falling
2007-04-21,3.15,Falling
2007-04-22,3.16,Falling
2007-04-23,3.12,Falling
2007-04-24,3.04,Falling
2007-04-25,2.94,Falling
2007-04-26,2.83,Falling
2007-04-27,2.78,Falling
2007-04-28,2.76,Falling
2007-04-29,2.75,Falling
2007-04-30,2.56,Falling
2007-05-01,2.71,Falling
2007-05-02,2.69,Falling
2007-05-03,2.63,Falling
2007-05-04,2.57,Falling
2007-05-05,2.48,Falling
2007-05-06,2.42,Falling
2007-05-07,2.37,Falling
2007-05-08,2.33,Falling
2007-05-09,2.3,Falling
2007-05-10,2.27,Falling
2007-05-11,2.23,Falling
2007-05-12,2.18,Falling
2007-05-13,2.15,Falling
2007-05-14,2.16,Falling
2007-05-15,2.16,Falling
2007-05-16,2.16,Falling
2007-05-17,2.16,Falling
2007-05-18,2.15,Falling
2007-05-19,2.11,Falling
2007-05-20,2.08,Falling
2007-05-21,2.07,Falling
2007-05-22,2.08,Falling
2007-05-23,2.11,Falling
2007-05-24,2.13,Falling
2007-05-25,2.16,Falling
2007-05-26,2.19,Falling
2007-05-27,2.23,Falling
2007-05-28,2.26,Falling
2007-05-29,2.25,Falling
2007-05-30,2.24,Falling
2007-05-31,2.15,Falling
2007-06-01,2.12,Falling
2007-06-02,2.09,Falling
2007-06-03,2.06,Falling
2007-06-04,2.03,Falling
2007-06-05,2.02,Falling
2007-06-06,2.01,Falling
2007-06-07,2.0,Falling
2007-06-08,1.97,Falling
2007-06-09,1.95,Falling
2007-06-10,1.93,Falling
2007-06-11,1.86,Falling
2007-06-12,1.92,Falling
2007-06-13,2.02,Falling
2007-06-14,1.95,Falling
2007-06-15,1.91,Falling
2007-06-16,1.88,Falling
2007-06-17,1.88,Falling
2007-06-18,1.86,Falling
2007-06-19,1.84,Falling
2007-06-20,1.85,Falling
2007-06-21,1.86,Falling
2007-06-22,1.86,Falling
2007-06-23,1.83,Falling
2007-06-24,1.83,Falling
2007-06-25,1.82,Falling
2007-06-26,1.81,Falling
2007-06-27,1.8,Falling
2007-06-28,1.8,Falling
2007-06-29,1.81,Low
2007-06-30,1.8,Low
2007-07-01,1.81,Low
2007-07-02,1.8,Low
2007-07-03,1.82,Low
2007-07-04,1.81,Low
2007-07-05,1.8,Low
2007-07-06,1.81,Low
2007-07-07,1.79,Low
2007-07-08,1.78,Low
2007-07-09,1.77,Low
2007-07-10,1.76,Low
2007-07-11,1.76,Low
2007-07-12,1.74,Low
2007-07-13,1.75,Low
2007-07-14,1.76,Low
2007-07-15,1.77,Low
2007-07-16,1.79,Low
2007-07-17,1.79,Low
2007-07-18,1.79,Low
2007-07-19,1.8,Low
2007-07-20,1.82,Low
2007-07-21,1.84,Low
2007-07-22,1.86,Low
2007-07-23,1.84,Low
2007-07-24,1.84,Low
2007-07-25,1.84,Low
2007-07-26,1.84,Low
2007-07-27,1.87,Low
2007-07-28,1.91,Low
2007-07-29,1.94,Low
2007-07-30,1.92,Low
2007-07-31,1.86,Low
2007-08-01,1.82,Low
2007-08-02,1.82,Low
2007-08-03,1.8,Low
2007-08-04,1.8,Low
2007-08-05,1.79,Low
2007-08-06,1.75,Low
2007-08-07,1.74,Low
2007-08-08,1.74,Low
2007-08-09,1.72,Low
2007-08-10,1.72,Low
2007-08-11,1.72,Low
2007-08-12,1.72,Low
2007-08-13,1.72,Low
2007-08-14,1.7,Low
2007-08-15,1.7,Low
2007-08-16,1.68,Low
2007-08-17,1.67,Low
2007-08-18,1.66,Low
2007-08-19,1.64,Low
2007-08-20,1.62,Low
2007-08-21,1.63,Low
2007-08-22,1.64,Low
2007-08-23,1.66,Low
2007-08-24,1.67,Low
2007-08-25,1.66,Low
2007-08-26,1.67,Low
2007-08-27,1.66,Low
2007-08-28,1.67,Low
2007-08-29,1.67,Low
2007-08-30,1.66,Low
2007-08-31,1.65,Low
2007-09-01,1.64,Low
2007-09-02,1.62,Low
2007-09-03,1.59,Low
2007-09-04,1.58,Low
2007-09-05,1.5,Low
2007-09-06,1.43,Low
2007-09-07,1.48,Low
2007-09-08,1.55,Low
2007-09-09,1.6,Low
2007-09-10,1.6,Low
2007-09-11,1.61,Low
2007-09-12,1.6,Low
2007-09-13,1.62,Low
2007-09-14,1.64,Low
2007-09-15,1.66,Low
2007-09-16,1.66,Low
2007-09-17,1.66,Low
2007-09-18,1.62,Low
2007-09-19,1.64,Low
2007-09-20,1.65,Low
2007-09-21,1.67,Low
2007-09-22,1.62,Low
2007-09-23,1.64,Low
2007-09-24,1.63,Low
2007-09-25,1.64,Low
2007-09-26,1.66,Low
2007-09-27,1.64,Low
2007-09-28,1.65,Low
2007-09-29,1.65,Low
2007-09-30,1.65,Low
2007-10-01,1.64,Low
2007-10-02,1.62,Low
2007-10-03,1.61,Low
2007-10-04,1.6,Low
2007-10-05,1.6,Low
2007-10-06,1.58,Low
2007-10-07,1.63,Low
2007-10-08,1.7,Low
2007-10-09,1.76,Low
2007-10-10,1.75,Low
2007-10-11,1.69,Low
2007-10-12,1.67,Low
2007-10-13,1.67,Low
2007-10-14,1.7,Low
2007-10-15,1.76,Low
2007-10-16,1.79,Low
2007-10-17,1.73,Low
2007-10-18,1.77,Low
2007-10-19,1.81,Low
2007-10-20,1.84,Rising
2007-10-21,1.87,Rising
2007-10-22,1.92,Rising
2007-10-23,1.91,Rising
2007-10-24,1.87,Rising
2007-10-25,1.9,Rising
2007-10-26,1.94,Rising
2007-10-27,1.95,Rising
2007-10-28,2.0,Rising
2007-10-29,2.01,Rising
2007-10-30,1.92,Rising
2007-10-31,1.88,Rising
2007-11-01,1.88,Rising
2007-11-02,1.85,Rising
2007-11-03,1.77,Rising
2007-11-04,1.76,Rising
2007-11-05,1.92,Rising
2007-11-06,2.08,Rising
2007-11-07,2.17,Rising
2007-11-08,2.21,Rising
2007-11-09,2.26,Rising
2007-11-10,2.29,Rising
2007-11-11,2.33,Rising
2007-11-12,2.35,Rising
2007-11-13,2.36,Falling
2007-11-14,2.24,Falling
2007-11-15,2.06,Rising
2007-11-16,1.92,Rising
2007-11-17,1.86,Rising
2007-11-18,1.98,Rising
2007-11-19,2.06,Rising
2007-11-20,2.01,Rising
2007-11-21,1.99,Rising
2007-11-22,1.97,Rising
2007-11-23,2.03,Rising
2007-11-24,2.07,Rising
2007-11-25,2.02,Rising
2007-11-26,1.99,Rising
2007-11-27,1.93,Falling
2007-11-28,1.98,Falling
2007-11-29,2.07,Falling
2007-11-30,2.09,Rising
2007-12-01,2.09,Rising
2007-12-02,2.08,Rising
2007-12-03,2.17,Rising
2007-12-04,2.01,Rising
2007-12-05,2.14,Rising
2007-12-06,2.1,Rising
2007-12-07,2.19,Rising
2007-12-08,2.28,Rising
2007-12-09,2.34,Rising
2007-12-10,2.36,Rising
2007-12-11,2.3,Rising
2007-12-12,2.25,Rising
2007-12-13,2.27,Rising
2007-12-14,2.35,Rising
2007-12-15,2.44,Rising
2007-12-16,2.48,Rising
2007-12-17,2.54,Rising
2007-12-18,2.58,Rising
2007-12-19,2.63,Rising
2007-12-20,2.65,Rising
2007-12-21,2.67,Rising
2007-12-22,2.65,Rising
2007-12-23,2.66,Rising
2007-12-24,2.68,Rising
2007-12-25,2.67,Rising
2007-12-26,2.63,Rising
2007-12-27,2.56,Rising
2007-12-28,2.48,Rising
2007-12-29,2.43,Rising
2007-12-30,2.36,Rising
2007-12-31,2.31,Rising
2008-01-01,2.29,Rising
2008-01-02,2.28,Falling
2008-01-03,2.34,Falling
2008-01-04,2.39,Falling
2008-01-05,2.45,Falling
2008-01-06,2.49,Falling
2008-01-07,2.52,Rising
2008-01-08,2.58,Rising
2008-01-09,2.61,Rising
2008-01-10,2.63,Rising
2008-01-11,2.64,Rising
2008-01-12,2.64,Rising
2008-01-13,2.63,Rising
2008-01-14,2.61,Rising
2008-01-15,2.54,Rising
2008-01-16,2.54,Rising
2008-01-17,2.54,Rising
2008-01-18,2.57,Rising
2008-01-19,2.61,Rising
2008-01-20,2.66,Rising
2008-01-21,2.69,Rising
2008-01-22,2.73,Rising
2008-01-23,2.75,Rising
2008-01-24,2.76,Rising
2008-01-25,2.81,High
2008-01-26,2.86,High
2008-01-27,2.93,High
2008-01-28,2.99,High
2008-01-29,2.98,High
2008-01-30,2.98,High
2008-01-31,3.01,High
2008-02-01,3.05,High
2008-02-02,3.22,High
2008-02-03,3.41,High
2008-02-04,3.56,High
2008-02-05,3.59,High
2008-02-06,3.61,High
2008-02-07,3.75,High
2008-02-08,3.85,High
2008-02-09,3.88,High
2008-02-10,3.77,High
2008-02-11,3.68,High
2008-02-12,3.58,High
2008-02-13,3.44,High
2008-02-14,3.32,High
2008-02-15,3.25,High
2008-02-16,3.24,High
2008-02-17,3.26,High
2008-02-18,3.35,High
2008-02-19,3.48,High
2008-02-20,3.61,High
2008-02-21,3.56,High
2008-02-22,3.48,High
2008-02-23,3.41,High
2008-02-24,3.4,High
2008-02-25,3.43,High
2008-02-26,3.45,High
2008-02-27,3.45,High
2008-02-28,3.43,High
2008-02-29,3.45,High
2008-03-01,3.47,High
2008-03-02,3.48,High
2008-03-03,3.5,High
2008-03-04,3.54,High
2008-03-05,3.53,High
2008-03-06,3.48,High
2008-03-07,3.41,High
2008-03-08,3.34,High
2008-03-09,3.34,High
2008-03-10,3.31,High
2008-03-11,3.24,High
2008-03-12,3.25,High
2008-03-13,3.27,High
2008-03-14,3.35,High
2008-03-15,3.4,High
2008-03-16,3.44,High
2008-03-17,3.49,High
2008-03-18,3.53,High
2008-03-19,3.59,High
2008-03-20,3.55,High
2008-03-21,3.47,High
2008-03-22,3.35,High
2008-03-23,3.25,High
2008-03-24,3.17,High
2008-03-25,3.09,High
2008-03-26,3.05,High
2008-03-27,3.1,High
2008-03-28,3.2,High
2008-03-29,3.28,High
2008-03-30,3.28,High
2008-03-31,3.22,High
2008-04-01,3.14,High
2008-04-02,3.09,High
2008-04-03,3.05,High
2008-04-04,3.02,High
2008-04-05,3.0,High
2008-04-06,2.99,High
2008-04-07,2.96,High
2008-04-08,3.02,High
2008-04-09,4.04,High
2008-04-10,4.85,High
2008-04-12,4.8,High
2008-04-13,4.54,High
2008-04-14,4.25,High
2008-04-15,3.96,High
2008-04-16,3.72,High
2008-04-17,3.57,High
2008-04-18,3.41,High
2008-04-19,3.31,High
2008-04-20,3.19,High
2008-04-21,3.11,High
2008-04-22,3.06,High
2008-04-23,3.0,High
2008-04-24,2.92,High
2008-04-25,2.9,High
2008-04-26,2.88,High
2008-04-27,2.89,High
2008-04-28,2.89,High
2008-04-29,2.9,High
2008-04-30,2.9,High
2008-05-01,2.88,Falling
2008-05-02,2.88,Falling
2008-05-03,2.87,Falling
2008-05-04,2.83,Falling
2008-05-05,2.77,Falling
2008-05-06,2.73,Falling
2008-05-07,2.67,Falling
2008-05-08,2.59,Falling
2008-05-09,2.54,Falling
2008-05-10,2.49,Falling
2008-05-11,2.5,Falling
2008-05-12,2.53,Falling
2008-05-13,2.59,Falling
2008-05-14,2.65,Falling
2008-05-15,2.69,Falling
2008-05-16,2.72,Falling
2008-05-17,2.71,Falling
2008-05-18,2.67,Falling
2008-05-19,2.63,Falling
2008-05-20,2.53,Falling
2008-05-21,2.44,Falling
2008-05-22,2.36,Falling
2008-05-23,2.29,Falling
2008-05-24,2.26,Falling
2008-05-25,2.24,Falling
2008-05-26,2.22,Falling
2008-05-27,2.17,Falling
2008-05-28,2.14,Falling
2008-05-29,2.13,Falling
2008-05-30,2.14,Falling
2008-05-31,2.13,Falling
2008-06-01,2.13,Falling
2008-06-02,2.14,Falling
2008-06-03,2.15,Falling
2008-06-04,2.16,Falling
2008-06-05,2.14,Falling
2008-06-06,2.13,Falling
2008-06-07,2.14,Falling
2008-06-08,2.14,Falling
2008-06-09,2.15,Falling
2008-06-10,2.13,Falling
2008-06-11,2.07,Falling
2008-06-12,2.05,Falling
2008-06-13,2.03,Falling
2008-06-14,2.03,Falling
2008-06-15,2.03,Falling
2008-06-16,2.02,Falling
2008-06-17,1.99,Falling
2008-06-18,2.09,Falling
2008-06-19,2.19,Falling
2008-06-20,2.19,Falling
2008-06-21,2.17,Falling
2008-06-22,2.08,Falling
2008-06-23,1.99,Falling
2008-06-24,1.96,Falling
2008-06-25,1.96,Falling
2008-06-26,1.96,Falling
2008-06-27,1.96,Falling
2008-06-28,1.96,Falling
2008-06-29,1.96,Falling
2008-06-30,1.94,Falling
2008-07-01,1.93,Falling
2008-07-02,1.89,Falling
2008-07-03,1.81,Falling
2008-07-04,1.8,Falling
2008-07-05,1.78,Falling
2008-07-06,1.76,Falling
2008-07-07,1.82,Falling
2008-07-08,1.86,Falling
2008-07-09,1.9,Falling
2008-07-10,1.88,Falling
2008-07-11,1.87,Falling
2008-07-12,1.85,Falling
2008-07-13,1.83,Falling
2008-07-14,1.82,Falling
2008-07-15,1.81,Low
2008-07-16,1.78,Low
2008-07-17,1.78,Low
2008-07-18,1.76,Low
2008-07-19,1.71,Low
2008-07-20,1.71,Low
2008-07-21,1.72,Low
2008-07-22,1.73,Low
2008-07-23,1.71,Low
2008-07-24,1.8,Low
2008-07-25,1.74,Low
2008-07-26,1.75,Low
2008-07-27,1.73,Low
2008-07-28,1.74,Low
2008-07-29,1.73,Low
2008-07-30,1.71,Low
2008-07-31,1.7,Low
2008-08-01,1.71,Low
2008-08-02,1.72,Low
2008-08-03,1.73,Low
2008-08-04,1.72,Low
2008-08-05,1.7,Low
2008-08-06,1.78,Low
2008-08-07,1.86,Low
2008-08-08,1.84,Low
2008-08-09,1.81,Low
2008-08-10,1.82,Low
2008-08-11,1.83,Low
2008-08-12,1.8,Low
2008-08-13,1.8,Low
2008-08-14,1.77,Low
2008-08-15,1.72,Low
2008-08-16,1.73,Low
2008-08-17,1.74,Low
2008-08-18,1.71,Low
2008-08-19,1.76,Low
2008-08-20,1.73,Low
2008-08-21,1.68,Low
2008-08-22,1.61,Low
2008-08-23,1.53,Low
2008-08-24,1.51,Low
2008-08-25,1.51,Low
2008-08-26,1.59,Low
2008-08-27,1.6,Low
2008-08-28,1.6,Low
2008-08-29,1.6,Low
2008-08-30,1.62,Low
2008-08-31,1.62,Low
2008-09-01,1.63,Low
2008-09-02,1.64,Low
2008-09-03,1.64,Low
2008-09-04,1.64,Low
2008-09-05,1.64,Low
2008-09-06,1.64,Low
2008-09-07,1.64,Low
2008-09-08,1.64,Low
2008-09-09,1.63,Low
2008-09-10,1.64,Low
2008-09-11,1.64,Low
2008-09-12,1.64,Low
2008-09-13,1.64,Low
2008-09-14,1.64,Low
2008-09-15,1.64,Low
2008-09-16,1.63,Low
2008-09-17,1.6,Low
2008-09-18,1.59,Low
2008-09-19,1.59,Low
2008-09-20,1.61,Low
2008-09-21,1.63,Low
2008-09-22,1.65,Low
2008-09-23,1.66,Low
2008-09-24,1.66,Low
2008-09-25,1.65,Low
2008-09-26,1.66,Low
2008-09-27,1.64,Low
2008-09-28,1.63,Low
2008-09-29,1.62,Low
2008-09-30,1.62,Low
2008-10-01,1.61,Low
2008-10-02,1.7,Low
2008-10-03,1.66,Low
2008-10-04,1.73,Low
2008-10-05,1.59,Low
2008-10-06,1.62,Low
2008-10-07,1.62,Low
2008-10-08,1.62,Low
2008-10-09,1.6,Low
2008-10-10,1.61,Low
2008-10-11,1.63,Low
2008-10-12,1.65,Low
2008-10-13,1.66,Low
2008-10-14,1.63,Low
2008-10-15,1.62,Low
2008-10-16,1.61,Low
2008-10-17,1.61,Low
2008-10-18,1.61,Low
2008-10-19,1.63,Low
2008-10-20,1.69,Low
2008-10-21,1.75,Low
2008-10-22,1.78,Low
2008-10-23,1.78,Low
2008-10-24,1.76,Low
2008-10-25,1.76,Low
2008-10-26,1.74,Low
2008-10-27,1.73,Low
2008-10-28,1.7,Low
2008-10-29,1.69,Rising
2008-10-30,1.65,Rising
2008-10-31,1.63,Rising
2008-11-01,1.6,Rising
2008-11-02,1.62,Rising
2008-11-03,1.66,Rising
2008-11-04,1.67,Rising
2008-11-05,1.69,Rising
2008-11-06,1.69,Rising
2008-11-07,1.71,Rising
2008-11-08,1.76,Rising
2008-11-09,1.79,Rising
2008-11-10,1.84,Rising
2008-11-11,1.91,Falling
2008-11-12,1.93,Falling
2008-11-13,1.96,Falling
2008-11-14,2.01,Falling
2008-11-15,1.98,Rising
2008-11-16,1.93,Rising
2008-11-17,1.9,Rising
2008-11-18,1.88,Rising
2008-11-19,1.85,Rising
2008-11-20,1.84,Rising
2008-11-21,1.87,Rising
2008-11-22,1.86,Rising
2008-11-23,1.89,Rising
2008-11-24,1.78,Rising
2008-11-25,1.7,Rising
2008-11-26,1.68,Rising
2008-11-27,1.66,Falling
2008-11-28,1.68,Falling
2008-11-29,1.69,Falling
2008-11-30,1.66,Falling
2008-12-01,1.72,Falling
2008-12-02,1.72,Rising
2008-12-03,1.73,Rising
2008-12-04,1.74,Rising
2008-12-05,1.75,Rising
2008-12-06,1.76,Rising
2008-12-07,1.79,Rising
2008-12-08,1.81,Rising
2008-12-09,1.83,Rising
2008-12-10,1.85,Rising
2008-12-11,1.87,Rising
2008-12-12,1.89,Rising
2008-12-13,1.92,Rising
2008-12-14,1.94,Rising
2008-12-15,1.96,Rising
2008-12-16,1.99,Rising
2008-12-17,1.98,Rising
2008-12-18,2.01,Rising
2008-12-19,2.05,Rising
2008-12-20,2.09,Rising
2008-12-21,2.13,Rising
2008-12-22,2.17,Rising
2008-12-23,2.21,Rising
2008-12-24,2.25,Rising
2008-12-25,2.3,Rising
2008-12-26,2.33,Rising
2008-12-27,2.37,Rising
2008-12-28,2.43,Rising
2008-12-29,2.49,Rising
2008-12-30,2.56,Falling
2008-12-31,2.64,Falling
2009-01-01,2.62,Falling
2009-01-02,2.57,Falling
2009-01-03,2.53,Falling
2009-01-04,2.48,Falling
2009-01-05,2.41,Rising
2009-01-06,2.34,Rising
2009-01-07,2.29,Falling
2009-01-08,2.23,Falling
2009-01-09,2.17,Falling
2009-01-10,2.11,Falling
2009-01-11,2.05,Falling
2009-01-12,1.99,Falling
2009-01-13,1.93,Falling
2009-01-14,1.88,Falling
2009-01-15,1.83,Falling
2009-01-16,1.82,Falling
2009-01-17,1.9,Falling
2009-01-18,2.01,Falling
2009-01-19,2.14,Falling
2009-01-20,2.17,Falling
2009-01-21,2.15,Falling
2009-01-22,2.15,Falling
2009-01-23,2.09,Falling
2009-01-24,1.96,Falling
2009-01-25,1.9,Rising
2009-01-26,1.83,Rising
2009-01-27,1.74,Rising
2009-01-28,1.78,Rising
2009-01-29,1.83,Rising
2009-01-30,1.93,Rising
2009-01-31,1.94,Rising
2009-02-01,1.95,Rising
2009-02-02,1.9,Rising
2009-02-03,1.85,Rising
2009-02-04,1.89,Rising
2009-02-05,1.98,Rising
2009-02-06,2.09,Rising
2009-02-07,2.19,Rising
2009-02-08,2.22,Rising
2009-02-09,2.17,Rising
2009-02-10,2.15,Rising
2009-02-11,2.19,Rising
2009-02-12,2.27,Rising
2009-02-13,2.28,Rising
2009-02-14,2.24,Rising
2009-02-15,2.21,Rising
2009-02-16,2.22,Rising
2009-02-17,2.25,Rising
2009-02-18,2.28,High
2009-02-19,2.28,High
2009-02-20,2.29,High
2009-02-21,2.32,High
2009-02-22,2.33,High
2009-02-23,2.36,High
2009-02-24,2.38,High
2009-02-25,2.41,High
2009-02-26,2.44,High
2009-02-27,2.48,High
2009-02-28,2.53,High
2009-03-01,2.58,High
2009-03-02,2.61,High
2009-03-03,2.64,High
2009-03-04,2.7,High
2009-03-05,2.81,High
2009-03-06,3.0,High
2009-03-07,3.18,High
2009-03-08,3.34,High
2009-03-09,3.44,High
2009-03-10,3.47,High
2009-03-11,3.43,High
2009-03-12,3.23,High
2009-03-13,3.11,High
2009-03-14,3.05,High
2009-03-15,3.03,High
2009-03-16,3.05,High
2009-03-17,3.28,High
2009-03-18,3.74,High
2009-03-19,3.92,High
2009-03-20,3.95,High
2009-03-21,3.98,High
2009-03-22,4.04,High
2009-03-23,4.08,High
2009-03-24,4.14,High
2009-03-25,4.19,High
2009-03-26,4.25,High
2009-03-27,4.29,High
2009-03-28,4.37,High
2009-03-29,4.47,High
2009-03-30,4.54,High
2009-03-31,4.57,High
2009-04-01,4.54,High
2009-04-02,4.44,High
2009-04-03,4.29,High
2009-04-04,4.16,High
2009-04-05,4.02,High
2009-04-06,3.9,High
2009-04-07,3.84,High
2009-04-08,3.81,High
2009-04-09,3.82,High
2009-04-10,3.77,High
2009-04-11,3.71,High
2009-04-12,3.7,High
2009-04-13,3.6,High
2009-04-14,3.55,High
2009-04-15,3.54,High
2009-04-16,3.5,High
2009-04-17,3.44,High
2009-04-18,3.4,High
2009-04-19,3.32,High
2009-04-20,3.26,High
2009-04-21,3.19,High
2009-04-22,3.12,High
2009-04-23,3.05,High
2009-04-24,2.99,High
2009-04-25,2.92,High
2009-04-26,2.85,High
2009-04-27,2.84,High
2009-04-28,2.74,High
2009-04-29,2.63,High
2009-04-30,2.58,High
2009-05-01,2.49,High
2009-05-02,2.42,High
2009-05-03,2.36,High
2009-05-04,2.3,High
2009-05-05,2.24,High
2009-05-06,2.19,High
2009-05-07,2.17,High
2009-05-08,2.15,High
2009-05-09,2.13,High
2009-05-10,2.1,High
2009-05-11,2.11,High
2009-05-12,2.12,Falling
2009-05-13,2.14,Falling
2009-05-14,2.16,Falling
2009-05-15,2.19,Falling
2009-05-16,2.24,Falling
2009-05-17,2.28,Falling
2009-05-18,2.29,Falling
2009-05-19,2.26,Falling
2009-05-20,2.22,Falling
2009-05-21,2.19,Falling
2009-05-22,2.14,Falling
2009-05-23,2.1,Falling
2009-05-24,2.06,Falling
2009-05-25,2.04,Falling
2009-05-26,2.03,Falling
2009-05-27,2.01,Falling
2009-05-28,2.01,Falling
2009-05-29,2.01,Falling
2009-05-30,2.04,Falling
2009-05-31,2.08,Falling
2009-06-01,2.12,Falling
2009-06-02,2.16,Falling
2009-06-03,2.14,Falling
2009-06-04,2.1,Falling
2009-06-05,2.07,Falling
2009-06-06,1.99,Falling
2009-06-07,1.97,Falling
2009-06-08,1.94,Falling
2009-06-09,1.92,Falling
2009-06-10,1.91,Falling
2009-06-11,1.91,Falling
2009-06-12,1.89,Falling
2009-06-13,1.87,Falling
2009-06-14,1.86,Falling
2009-06-15,1.88,Falling
2009-06-16,1.89,Falling
2009-06-17,1.87,Falling
2009-06-18,1.84,Falling
2009-06-19,1.86,Falling
2009-06-20,1.86,Falling
2009-06-21,1.87,Falling
2009-06-22,1.86,Falling
2009-06-23,1.85,Falling
2009-06-24,1.85,Falling
2009-06-25,1.84,Falling
2009-06-26,1.89,Falling
2009-06-27,1.96,Falling
2009-06-28,1.98,Falling
2009-06-29,1.95,Falling
2009-06-30,1.93,Falling
2009-07-01,1.88,Falling
2009-07-02,1.86,Falling
2009-07-03,1.85,Falling
2009-07-04,1.84,Falling
2009-07-05,1.84,Falling
2009-07-06,1.83,Falling
2009-07-07,1.84,Falling
2009-07-08,1.84,Falling
2009-07-09,1.79,Falling
2009-07-10,1.77,Falling
2009-07-11,1.75,Rising
2009-07-12,1.77,Falling
2009-07-13,1.75,Falling
2009-07-14,1.75,Falling
2009-07-15,1.73,Falling
2009-07-16,1.75,Falling
2009-07-17,1.76,Falling
2009-07-18,1.75,Falling
2009-07-19,1.71,Falling
2009-07-20,1.66,Falling
2009-07-21,1.62,Falling
2009-07-22,1.7,Falling
2009-07-23,1.82,Falling
2009-07-24,1.85,Falling
2009-07-25,1.84,Falling
2009-07-26,1.81,Falling
2009-07-27,1.83,Falling
2009-07-28,1.87,Falling
2009-07-29,1.87,Falling
2009-07-30,1.82,Falling
2009-07-31,1.79,Falling
2009-08-01,1.76,Falling
2009-08-02,1.7,Falling
2009-08-03,1.62,Falling
2009-08-04,1.57,Falling
2009-08-05,1.74,Falling
2009-08-06,1.76,Falling
2009-08-07,1.73,Falling
2009-08-08,1.71,Falling
2009-08-09,1.68,Low
2009-08-10,1.66,Low
2009-08-11,1.64,Low
2009-08-12,1.63,Low
2009-08-13,1.63,Low
2009-08-14,1.61,Low
2009-08-15,1.6,Low
2009-08-16,1.6,Low
2009-08-17,1.61,Low
2009-08-18,1.61,Low
2009-08-19,1.6,Low
2009-08-20,1.62,Low
2009-08-21,1.62,Low
2009-08-22,1.64,Low
2009-08-23,1.64,Low
2009-08-24,1.62,Low
2009-08-25,1.64,Low
2009-08-26,1.65,Low
2009-08-27,1.66,Low
2009-08-28,1.65,Low
2009-08-29,1.66,Low
2009-08-30,1.67,Low
2009-08-31,1.65,Low
2009-09-01,1.65,Falling
2009-09-02,1.68,Falling
2009-09-03,1.67,Falling
2009-09-04,1.66,Falling
2009-09-05,1.63,Falling
2009-09-06,1.63,Falling
2009-09-07,1.62,Falling
2009-09-08,1.61,Rising
2009-09-09,1.63,Rising
2009-09-10,1.65,Rising
2009-09-11,1.67,Falling
2009-09-12,1.68,Falling
2009-09-13,1.66,Falling
2009-09-14,1.61,Falling
2009-09-15,1.59,Falling
2009-09-16,1.58,Falling
2009-09-17,1.6,Falling
2009-09-18,1.6,Low
2009-09-19,1.59,Low
2009-09-20,1.59,Low
2009-09-21,1.6,Low
2009-09-22,1.7,Low
2009-09-23,1.7,Low
2009-09-24,1.71,Rising
2009-09-25,1.63,Rising
2009-09-26,1.62,Rising
2009-09-27,1.65,Rising
2009-09-28,1.6,Rising
2009-09-29,1.58,Rising
2009-09-30,1.6,Falling
2009-10-01,1.57,Falling
2009-10-02,1.55,Rising
2009-10-03,1.54,Falling
2009-10-04,1.56,Rising
2009-10-05,1.59,Rising
2009-10-06,1.65,Rising
2009-10-07,1.79,Rising
2009-10-08,1.84,Falling
2009-10-09,1.81,Falling
2009-10-10,1.82,Falling
2009-10-11,1.78,Rising
2009-10-12,1.75,Rising
2009-10-13,1.68,Falling
2009-10-14,1.6,Rising
2009-10-15,1.59,Rising
2009-10-16,1.6,Rising
2009-10-17,1.6,Rising
2009-10-18,1.61,Rising
2009-10-19,1.66,Rising
2009-10-20,1.66,Rising
2009-10-21,1.65,Rising
2009-10-22,1.64,Rising
2009-10-23,1.65,Falling
2009-10-24,1.69,Falling
2009-10-25,1.7,Falling
2009-10-26,1.67,Falling
2009-10-27,1.62,Rising
2009-10-28,1.63,Rising
2009-10-29,1.66,Rising
2009-10-30,1.72,Rising
2009-10-31,1.76,Rising
2009-11-01,1.77,Rising
2009-11-02,1.76,Rising
2009-11-03,1.81,Rising
2009-11-04,1.79,Rising
2009-11-05,1.72,Rising
2009-11-06,1.69,Rising
2009-11-07,1.7,Rising
2009-11-08,1.75,Rising
2009-11-09,1.8,Rising
2009-11-10,1.85,Rising
2009-11-11,1.87,Rising
2009-11-12,1.85,Rising
2009-11-13,1.85,Rising
2009-11-14,1.87,Rising
2009-11-15,1.85,Rising
2009-11-16,1.86,Rising
2009-11-17,1.84,Rising
2009-11-18,1.82,Rising
2009-11-19,1.77,Falling
2009-11-20,1.74,Rising
2009-11-21,1.74,Rising
2009-11-22,1.79,Rising
2009-11-23,1.83,Rising
2009-11-24,1.87,Rising
2009-11-25,1.98,Falling
2009-11-26,1.96,Falling
2009-11-27,1.9,Falling
2009-11-28,1.8,Falling
2009-11-29,1.8,Falling
2009-11-30,1.8,Falling
2010-01-01,1.78,Rising
2010-01-02,1.77,Rising
2010-01-03,1.76,Rising
2010-01-04,1.8,Rising
2010-01-05,1.91,Rising
2010-01-06,2.0,Rising
2010-01-07,2.0,Rising
2010-01-08,1.91,Rising
2010-01-09,1.94,Rising
2010-01-10,1.94,Rising
2010-01-11,1.93,Rising
2010-01-12,2.03,Rising
2010-01-13,2.2,Rising
2010-01-14,2.24,Rising
2010-01-15,2.26,Rising
2010-01-16,2.26,Rising
2010-01-17,2.26,Rising
2010-01-18,2.26,Rising
2010-01-19,2.25,Rising
2010-01-20,2.25,Rising
2010-01-21,2.29,Rising
2010-01-22,2.35,Rising
2010-01-23,2.38,Rising
2010-01-24,2.39,Rising
2010-01-25,2.36,Rising
2010-01-26,2.33,Rising
2010-01-27,2.27,High
2010-01-28,2.2,High
2010-01-29,2.18,High
2010-01-30,2.18,High
2010-01-31,2.17,High
2010-02-01,2.17,High
2010-02-02,2.16,High
2010-02-03,2.14,High
2010-02-04,2.12,High
2010-02-05,2.1,High
2010-02-06,2.12,High
2010-02-07,2.15,High
2010-02-08,2.19,High
2010-02-09,2.25,High
2010-02-10,2.33,High
2010-02-11,2.45,High
2010-02-12,2.6,High
2010-02-13,2.78,High
2010-02-14,3.61,High
2010-02-15,4.02,High
2010-02-16,4.52,High
2010-02-17,4.93,High
2010-02-18,4.78,High
2010-02-19,4.54,High
2010-02-20,4.3,High
2010-02-21,4.17,High
2010-02-22,3.76,High
2010-02-23,3.56,High
2010-02-24,3.39,High
2010-02-25,3.31,High
2010-02-26,3.22,High
2010-02-27,3.25,High
2010-02-28,3.23,High
2010-03-01,3.29,High
2010-03-02,3.27,High
2010-03-03,3.25,High
2010-03-04,3.23,High
2010-03-05,3.4,High
2010-03-06,3.72,High
2010-03-07,3.87,High
2010-03-08,3.9,High
2010-03-09,3.88,High
2010-03-10,3.84,High
2010-03-11,3.78,High
2010-03-12,3.66,High
2010-03-13,3.51,High
2010-03-14,3.36,High
2010-03-15,3.2,High
2010-03-16,3.02,High
2010-03-17,2.86,High
2010-03-18,2.77,High
2010-03-19,2.68,High
2010-03-20,2.66,High
2010-03-21,2.68,High
2010-03-22,2.71,High
2010-03-23,2.73,High
2010-03-24,2.75,High
2010-03-25,2.76,High
2010-03-26,2.75,High
2010-03-27,2.76,High
2010-03-28,2.78,High
2010-03-29,2.8,High
2010-03-30,2.77,High
2010-03-31,2.81,High
2010-04-01,2.85,High
2010-04-02,2.97,High
2010-04-03,3.09,High
2010-04-04,3.28,High
2010-04-05,3.55,High
2010-04-06,3.58,High
2010-04-07,3.6,High
2010-04-08,3.6,High
2010-04-09,3.6,High
2010-04-10,3.59,High
2010-04-11,3.55,High
2010-04-12,3.51,High
2010-04-13,3.43,High
2010-04-14,3.32,High
2010-04-15,3.21,High
2010-04-16,3.09,High
2010-04-17,2.92,High
2010-04-18,2.73,High
2010-04-19,2.58,High
2010-04-20,2.45,High
2010-04-21,2.35,High
2010-04-22,2.3,High
2010-04-23,2.22,High
2010-04-24,2.14,High
2010-04-25,2.08,High
2010-04-26,2.03,High
2010-04-27,1.99,High
2010-04-28,1.96,High
2010-04-29,1.92,Falling
2010-04-30,1.89,Falling
2010-05-01,1.86,Falling
2010-05-02,1.82,Falling
2010-05-03,1.8,Falling
2010-05-04,1.77,Falling
2010-05-05,1.78,Falling
2010-05-06,1.86,Falling
2010-05-07,1.91,Falling
2010-05-08,1.91,Falling
2010-05-09,1.92,Falling
2010-05-10,1.88,Falling
2010-05-11,1.94,Falling
2010-05-12,1.99,Falling
2010-05-13,1.98,Falling
2010-05-14,1.88,Falling
2010-05-15,1.76,Falling
2010-05-16,1.73,Rising
2010-05-17,1.69,Rising
2010-05-18,1.73,Rising
2010-05-19,1.8,Rising
2010-05-20,1.85,Rising
2010-05-21,1.98,Rising
2010-05-22,1.96,Falling
2010-05-23,1.95,Falling
2010-05-24,1.93,Falling
2010-05-25,1.91,Falling
2010-05-26,1.89,Falling
2010-05-27,1.86,Falling
2010-05-28,1.86,Falling
2010-05-29,1.86,Falling
2010-05-30,1.93,Falling
2010-05-31,1.9,Falling
2010-06-01,1.88,Falling
2010-06-02,1.86,Rising
2010-06-03,1.82,Rising
2010-06-04,1.81,Falling
2010-06-05,1.83,Falling
2010-06-06,1.82,Falling
2010-06-07,1.8,Falling
2010-06-08,1.83,Falling
2010-06-09,1.85,Falling
2010-06-10,1.83,Falling
2010-06-11,1.82,Falling
2010-06-12,1.79,Falling
2010-06-13,1.74,Falling
2010-06-14,1.71,Falling
2010-06-15,1.72,Falling
2010-06-16,1.79,Falling
2010-06-17,1.76,Falling
2010-06-18,1.74,Falling
2010-06-19,1.73,Falling
2010-06-20,1.7,Falling
2010-06-21,1.67,Falling
2010-06-22,1.66,Falling
2010-06-23,1.69,Falling
2010-06-24,1.76,Falling
2010-06-25,1.68,Falling
2010-06-26,1.55,Falling
2010-06-27,1.63,Falling
2010-06-28,1.65,Falling
2010-06-29,1.66,Falling
2010-06-30,1.64,Falling
2010-07-01,1.64,Falling
2010-07-02,1.62,Falling
2010-07-03,1.61,Falling
2010-07-04,1.63,Falling
2010-07-05,1.64,Low
2010-07-06,1.63,Low
2010-07-07,1.61,Low
2010-07-08,1.64,Low
2010-07-09,1.67,Low
2010-07-10,1.59,Low
2010-07-11,1.59,Low
2010-07-12,1.58,Low
2010-07-13,1.6,Low
2010-07-14,1.61,Low
2010-07-15,1.6,Low
2010-07-16,1.59,Low
2010-07-17,1.59,Low
2010-07-18,1.59,Low
2010-07-19,1.58,Low
2010-07-20,1.59,Low
2010-07-21,1.6,Low
2010-07-22,1.64,Low
2010-07-23,1.64,Low
2010-07-24,1.62,Low
2010-07-25,1.61,Low
2010-07-26,1.62,Low
2010-07-27,1.59,Low
2010-07-28,1.6,Low
2010-07-29,1.58,Low
2010-07-30,1.55,Low
2010-07-31,1.56,Low
2010-08-01,1.57,Low
2010-08-02,1.57,Low
2010-08-03,1.56,Low
2010-08-04,1.56,Low
2010-08-05,1.55,Low
2010-08-06,1.57,Low
2010-08-07,1.55,Low
2010-08-08,1.53,Low
2010-08-09,1.54,Low
2010-08-10,1.54,Low
2010-08-11,1.55,Low
2010-08-12,1.55,Low
2010-08-13,1.55,Low
2010-08-14,1.48,Low
2010-08-15,1.5,Low
2010-08-16,1.52,Low
2010-08-17,1.51,Low
2010-08-18,1.58,Low
2010-08-19,1.55,Low
2010-08-20,1.54,Low
2010-08-21,1.53,Low
2010-08-22,1.53,Low
2010-08-23,1.53,Low
2010-08-24,1.54,Low
2010-08-25,1.54,Low
2010-08-26,1.53,Low
2010-08-27,1.51,Low
2010-08-28,1.52,Low
2010-08-29,1.52,Low
2010-08-30,1.52,Low
2010-08-31,1.52,Low
2010-09-01,1.52,Low
2010-09-02,1.55,Low
2010-09-03,1.57,Low
2010-09-04,1.59,Low
2010-09-05,1.6,Low
2010-09-06,1.58,Low
2010-09-07,1.56,Low
2010-09-08,1.54,Low
2010-09-09,1.52,Low
2010-09-10,1.53,Low
2010-09-11,1.54,Low
2010-09-12,1.53,Low
2010-09-13,1.52,Low
2010-09-14,1.52,Low
2010-09-15,1.52,Low
2010-09-16,1.51,Low
2010-09-17,1.52,Low
2010-09-18,1.52,Low
2010-09-19,1.5,Low
2010-09-20,1.49,Low
2010-09-21,1.5,Low
2010-09-22,1.5,Low
2010-09-23,1.5,Low
2010-09-24,1.52,Low
2010-09-25,1.57,Low
2010-09-26,1.53,Low
2010-09-27,1.47,Low
2010-09-28,1.45,Low
2010-09-29,1.43,Low
2010-09-30,1.44,Low
2010-10-01,1.46,Low
2010-10-02,1.51,Low
2010-10-03,1.6,Low
2010-10-04,1.64,Low
2010-10-05,1.69,Low
2010-10-06,1.66,Low
2010-10-07,1.69,Low
2010-10-08,1.67,Low
2010-10-09,1.61,Low
2010-10-10,1.56,Low
2010-10-11,1.54,Low
2010-10-12,1.51,Low
2010-10-13,1.49,Rising
2010-10-14,1.49,Rising
2010-10-15,1.49,Rising
2010-10-16,1.51,Rising
2010-10-17,1.55,Rising
2010-10-18,1.64,Rising
2010-10-19,1.68,Falling
2010-10-20,1.82,Falling
2010-10-21,1.8,Falling
2010-10-22,1.67,Falling
2010-10-23,1.66,Falling
2010-10-24,1.66,Falling
2010-10-25,1.58,Rising
2010-10-26,1.52,Rising
2010-10-27,1.64,Rising
2010-10-28,1.63,Rising
2010-10-29,1.57,Rising
2010-10-30,1.55,Rising
2010-10-31,1.53,Rising
2010-11-01,1.52,Rising
2010-11-02,1.56,Rising
2010-11-03,1.56,Rising
2010-11-04,1.53,Rising
2010-11-05,1.55,Rising
2010-11-06,1.59,Rising
2010-11-07,1.64,Rising
2010-11-08,1.76,Rising
2010-11-09,1.78,Rising
2010-11-10,1.73,Rising
2010-11-11,1.78,Rising
2010-11-12,1.79,Rising
2010-11-13,1.74,Rising
2010-11-14,1.69,Rising
2010-11-15,1.67,Rising
2010-11-16,1.74,Rising
2010-11-17,1.87,Rising
2010-11-18,1.99,Rising
2010-11-19,2.01,Rising
2010-11-20,1.97,Rising
2010-11-21,1.92,Rising
2010-11-22,1.87,Rising
2010-11-23,1.79,Falling
2010-11-24,1.77,Falling
2010-11-25,1.72,Falling
2010-11-26,1.66,Falling
2010-11-27,1.65,Falling
2010-11-28,1.75,Falling
2010-11-29,1.76,Falling
2010-11-30,1.72,Falling
2010-12-01,1.73,Falling
2010-12-02,1.77,Falling
2010-12-03,1.84,Falling
2010-12-04,1.93,Falling
2010-12-05,1.86,Falling
2010-12-06,1.72,Falling
2010-12-07,1.64,Falling
2010-12-08,1.58,Falling
2010-12-09,1.59,Falling
2010-12-10,1.56,Falling
2010-12-11,1.59,Falling
2010-12-12,1.6,Falling
2010-12-13,1.57,Falling
2010-12-14,1.61,Falling
2010-12-15,1.63,Falling
2010-12-16,1.68,Falling
2010-12-17,1.73,Rising
2010-12-18,1.6,Rising
2010-12-19,1.57,Rising
2010-12-20,1.52,Rising
2010-12-21,1.48,Rising
2010-12-22,1.5,Rising
2010-12-23,1.57,Rising
2010-12-24,1.6,Rising
2010-12-25,1.62,Rising
2010-12-26,1.61,Rising
2010-12-27,1.57,Rising
2010-12-28,1.58,Rising
2010-12-29,1.65,Rising
2010-12-30,1.72,Rising
2010-12-31,1.8,Rising
2011-01-01,1.9,Rising
2011-01-02,2.0,Rising
2011-01-03,2.07,Rising
2011-01-04,2.12,Rising
2011-01-05,2.12,Rising
2011-01-06,2.14,Rising
2011-01-07,2.16,Rising
2011-01-08,2.18,Rising
2011-01-09,2.24,Rising
2011-01-10,2.32,Rising
2011-01-11,2.37,Rising
2011-01-12,2.4,Rising
2011-01-13,2.46,Rising
2011-01-14,2.51,Rising
2011-01-15,2.56,Rising
2011-01-16,2.61,Rising
2011-01-17,2.65,Rising
2011-01-18,2.69,Rising
2011-01-19,2.71,Rising
2011-01-20,2.73,Rising
2011-01-21,2.75,Rising
2011-01-22,2.77,Rising
2011-01-23,2.8,Rising
2011-01-24,2.82,Rising
2011-01-25,2.83,Rising
2011-01-26,2.85,Rising
2011-01-27,2.88,Rising
2011-01-28,3.03,Rising
2011-01-29,3.24,Rising
2011-01-30,3.42,High
2011-01-31,3.56,High
2011-02-01,3.71,High
2011-02-02,3.84,High
2011-02-03,3.81,High
2011-02-04,3.78,High
2011-02-05,3.76,High
2011-02-06,3.74,High
2011-02-07,3.7,High
2011-02-08,3.58,High
2011-02-09,3.46,High
2011-02-10,3.78,High
2011-02-11,3.91,High
2011-02-12,4.03,High
2011-02-13,4.19,High
2011-02-14,4.23,High
2011-02-15,4.27,High
2011-02-16,4.31,High
2011-02-17,4.29,High
2011-02-18,4.31,High
2011-02-19,4.35,High
2011-02-20,4.47,High
2011-02-21,4.6,High
2011-02-22,4.71,High
2011-02-23,4.81,High
2011-02-24,4.93,High
2011-03-01,4.89,High
2011-03-02,4.68,High
2011-03-03,4.47,High
2011-03-04,4.27,High
2011-03-05,4.15,High
2011-03-06,4.05,High
2011-03-07,3.96,High
2011-03-08,3.87,High
2011-03-09,3.82,High
2011-03-10,3.77,High
2011-03-11,3.73,High
2011-03-12,3.7,High
2011-03-13,3.72,High
2011-03-14,3.74,High
2011-03-15,3.74,High
2011-03-16,3.7,High
2011-03-17,3.64,High
2011-03-18,3.55,High
2011-03-19,3.49,High
2011-03-20,3.42,High
2011-03-21,3.37,High
2011-03-22,3.36,High
2011-03-23,3.3,High
2011-03-24,3.3,High
2011-03-25,3.36,High
2011-03-26,3.42,High
2011-03-27,3.45,High
2011-03-28,3.5,High
2011-03-29,3.49,High
2011-03-30,3.44,High
2011-03-31,3.41,High
2011-04-01,3.39,High
2011-04-02,3.37,High
2011-04-03,3.39,High
2011-04-04,3.43,High
2011-04-05,3.69,High
2011-04-06,4.01,High
2011-04-07,4.13,High
2011-04-08,4.21,High
2011-04-09,4.14,High
2011-04-10,3.99,High
2011-04-11,3.82,High
2011-04-12,3.69,High
2011-04-13,3.54,High
2011-04-14,3.42,High
2011-04-15,3.31,High
2011-04-16,3.21,High
2011-04-17,3.13,High
2011-04-18,3.1,High
2011-04-19,3.08,High
2011-04-20,3.05,High
2011-04-21,3.03,High
2011-07-07,1.97,Falling
2011-07-08,1.94,Falling
2011-07-09,1.92,Falling
2011-07-10,1.9,Falling
2011-07-11,1.87,Falling
2011-07-12,1.84,Falling
2011-07-13,1.81,Rising
2011-07-14,1.78,Rising
2011-07-15,1.77,Rising
2011-07-16,1.74,Rising
2011-07-17,1.71,Rising
2011-07-18,1.68,Rising
2011-07-19,1.66,Rising
2011-07-20,1.69,Rising
2011-07-21,1.72,Falling
2011-07-22,1.7,Falling
2011-07-23,1.71,Falling
2011-07-24,1.73,Falling
2011-07-25,1.75,Falling
2011-07-26,1.78,Falling
2011-07-27,1.81,Falling
2011-07-28,1.83,Falling
2011-07-29,1.86,Falling
2011-07-30,1.87,Falling
2011-08-01,1.86,Falling
2011-08-02,1.84,Falling
2011-08-03,1.81,Falling
2011-08-04,1.77,Falling
2011-08-05,1.78,Falling
2011-08-06,1.75,Falling
2011-08-07,1.69,Falling
2011-08-08,1.67,Falling
2011-08-09,1.67,Falling
2011-08-10,1.65,Falling
2011-08-11,1.63,Falling
2011-08-12,1.6,Falling
2011-08-13,1.59,Falling
2011-08-14,1.58,Falling
2011-08-15,1.58,Falling
2011-08-16,1.58,Falling
2011-08-17,1.58,Falling
2011-08-18,1.57,Falling
2011-08-19,1.55,Falling
2011-08-20,1.53,Low
2011-08-21,1.51,Low
2011-08-22,1.53,Low
2011-08-23,1.57,Low
2011-08-24,1.57,Low
2011-08-25,1.53,Low
2011-08-26,1.53,Low
2011-08-27,1.5,Low
2011-08-28,1.51,Low
2011-08-29,1.52,Low
2011-08-30,1.54,Low
2011-08-31,1.56,Low
2011-09-01,1.56,Low
2011-09-02,1.53,Low
2011-09-03,1.5,Low
2011-09-04,1.49,Low
2011-09-05,1.52,Low
2011-09-06,1.54,Low
2011-09-07,1.56,Low
2011-09-08,1.57,Low
2011-09-09,1.55,Low
2011-09-10,1.54,Low
2011-09-11,1.53,Low
2011-09-12,1.51,Low
2011-09-13,1.47,Low
2011-09-14,1.48,Low
2011-09-15,1.53,Low
2011-09-16,1.57,Low
2011-09-17,1.58,Low
2011-09-18,1.56,Low
2011-09-19,1.55,Low
2011-09-20,1.54,Low
2011-09-21,1.53,Low
2011-09-22,1.55,Low
2011-09-23,1.56,Low
2011-09-24,1.55,Low
2011-09-25,1.56,Low
2011-09-26,1.55,Low
2011-09-27,1.58,Low
2011-09-28,1.57,Low
2011-09-29,1.56,Low
2011-09-30,1.58,Low
2011-10-01,1.59,Low
2011-10-02,1.61,Low
2011-10-03,1.61,Low
2011-10-04,1.59,Low
2011-10-05,1.61,Low
2011-10-06,1.64,Low
2011-10-07,1.63,Low
2011-10-08,1.57,Low
2011-10-09,1.56,Low
2011-10-10,1.59,Low
2011-10-11,1.58,Low
2011-10-12,1.58,Low
2011-10-13,1.56,Low
2011-10-14,1.54,Low
2011-10-15,1.55,Low
2011-10-16,1.58,Low
2011-10-17,1.55,Low
2011-10-18,1.53,Low
2011-10-19,1.51,Low
2011-10-20,1.52,Low
2011-10-21,1.55,Low
2011-10-22,1.54,Low
2011-10-23,1.55,Low
2011-10-24,1.54,Low
2011-10-25,1.48,Low
2011-10-26,1.48,Low
2011-10-27,1.49,Low
2011-10-28,1.53,Low
2011-10-29,1.55,Low
2011-10-30,1.55,Low
2011-10-31,1.54,Low
2011-11-01,1.37,Low
2011-11-02,1.67,Low
2011-11-03,1.77,Low
2011-11-04,1.66,Low
2011-11-05,1.63,Low
2011-11-06,1.6,Low
2011-11-07,1.58,Low
2011-11-08,1.57,Low
2011-11-09,1.6,Low
2011-11-10,1.63,Low
2011-11-11,1.61,Low
2011-11-12,1.62,Low
2011-11-13,1.63,Rising
2011-11-14,1.67,Rising
2011-11-15,1.66,Rising
2011-11-16,1.68,Rising
2011-11-17,1.67,Rising
2011-11-18,1.71,Rising
2011-11-19,1.65,Falling
2011-11-20,1.6,Rising
2011-11-21,1.55,Rising
2011-11-22,1.56,Rising
2011-11-23,1.61,Rising
2011-11-24,1.77,Rising
2011-11-25,1.97,Rising
2011-11-26,2.1,Rising
2011-11-27,2.18,Rising
2011-11-28,2.19,Rising
2011-11-29,2.08,Rising
2011-11-30,1.93,Rising
2011-12-01,1.78,Rising
2011-12-02,1.72,Rising
2011-12-03,1.7,Rising
2011-12-04,1.68,Rising
2011-12-05,1.67,Rising
2011-12-06,1.69,Rising
2011-12-07,1.73,Rising
2011-12-08,1.71,Rising
2011-12-09,1.69,Rising
2011-12-10,1.71,Rising
2011-12-11,1.73,Rising
2011-12-12,1.75,Falling
2011-12-13,1.77,Falling
2011-12-14,1.8,Falling
2011-12-15,1.83,Rising
2011-12-16,1.94,Rising
2011-12-17,1.99,Rising
2011-12-18,2.01,Rising
2011-12-19,2.05,Rising
2011-12-20,2.05,Rising
2011-12-21,1.91,Rising
2011-12-22,1.82,Rising
2011-12-23,1.88,Rising
2011-12-24,1.96,Rising
2011-12-25,2.03,Rising
2011-12-26,2.08,Rising
2011-12-27,2.13,Rising
2011-12-28,2.17,Rising
2011-12-29,2.21,Rising
2011-12-30,2.25,Rising
2011-12-31,2.29,Rising
2012-01-01,2.33,Rising
2012-01-02,2.37,Rising
2012-01-03,2.36,Rising
2012-01-04,2.33,Rising
2012-01-05,2.29,Rising
2012-01-06,2.25,Rising
2012-01-07,2.18,Rising
2012-01-08,2.1,Rising
2012-01-09,2.07,Rising
2012-01-10,2.31,Rising
2012-01-11,2.63,Falling
2012-01-12,2.78,Rising
2012-01-13,2.71,Rising
2012-01-14,2.64,Rising
2012-01-15,2.56,Rising
2012-01-16,2.5,Rising
2012-01-17,2.48,Rising
2012-01-18,2.45,Rising
2012-01-19,2.41,Rising
2012-01-20,2.35,Rising
2012-01-21,2.27,Rising
2012-01-22,2.22,Rising
2012-01-23,2.16,Rising
2012-01-24,2.1,Rising
2012-01-25,2.06,Rising
2012-01-26,2.13,Rising
2012-01-27,2.2,Rising
2012-01-28,2.28,Rising
2012-01-29,2.36,Rising
2012-01-30,2.44,Rising
2012-01-31,2.55,Rising
2012-02-01,2.73,Rising
2012-02-02,2.92,Rising
2012-02-03,3.1,Rising
2012-02-04,3.26,Rising
2012-02-05,3.31,Rising
2012-02-06,3.27,Rising
2012-02-07,3.22,Rising
2012-02-08,3.28,Rising
2012-02-09,3.37,Rising
2012-02-10,3.45,High
2012-02-11,3.5,High
2012-02-12,3.56,High
2012-02-13,3.57,High
2012-02-14,3.47,High
2012-02-15,3.39,High
2012-02-16,3.37,High
2012-02-17,3.45,High
2012-02-18,3.56,High
2012-02-19,3.68,High
2012-02-20,3.81,High
2012-02-21,3.93,High
2012-02-22,4.0,High
2012-02-23,3.96,High
2012-02-24,3.88,High
2012-02-25,3.8,High
2012-02-26,3.75,High
2012-02-27,3.71,High
2012-02-28,3.73,High
2012-02-29,3.82,High
2012-03-01,3.92,High
2012-03-02,4.08,High
2012-03-03,4.48,High
2012-03-04,4.85,High
2012-03-05,4.96,High
2012-03-06,4.84,High
2012-03-07,4.74,High
2012-03-08,4.64,High
2012-03-09,4.43,High
2012-03-10,4.22,High
2012-03-11,4.06,High
2012-03-12,3.93,High
2012-03-13,3.81,High
2012-03-14,3.71,High
2012-03-15,3.64,High
2012-03-16,3.56,High
2012-03-17,3.47,High
2012-03-18,3.42,High
2012-03-19,3.38,High
2012-03-20,3.33,High
2012-03-21,3.27,High
2012-03-22,3.22,High
2012-03-23,3.17,High
2012-03-24,3.14,High
2012-03-25,3.18,High
2012-03-26,3.28,High
2012-03-27,3.41,High
2012-03-28,3.51,High
2012-03-29,3.68,High
2012-03-30,3.68,High
2012-03-31,3.62,High
2012-04-01,3.54,High
2012-04-02,3.46,High
2012-04-03,3.39,High
2012-04-04,3.59,High
2012-04-05,3.87,High
2012-04-06,4.08,High
2012-04-07,4.13,High
2012-04-08,4.14,High
2012-04-09,4.04,High
2012-04-10,3.92,High
2012-04-11,3.72,High
2012-04-12,3.59,High
2012-04-13,3.55,High
2012-04-14,3.49,High
2012-04-15,3.45,High
2012-04-16,3.4,High
2012-04-17,3.35,High
2012-04-18,3.31,High
2012-04-19,3.28,High
2012-04-20,3.25,High
2012-04-21,3.21,High
2012-04-22,3.17,High
2012-04-23,3.13,High
2012-04-24,3.11,High
2012-04-25,3.08,Falling
2012-04-26,3.04,Falling
2012-04-27,3.02,Falling
2012-04-28,2.99,Falling
2012-04-29,2.95,Falling
2012-04-30,2.91,Falling
2012-05-01,2.93,Falling
2012-05-02,2.97,Falling
2012-05-03,3.04,Falling
2012-05-04,3.09,Falling
2012-05-05,3.09,Falling
2012-05-06,3.06,Falling
2012-05-07,3.02,Falling
2012-05-08,2.93,Falling
2012-05-09,2.84,Falling
2012-05-10,2.76,Rising
2012-05-11,2.65,Rising
2012-05-12,2.51,Rising
2012-05-13,2.36,Rising
2012-05-14,2.36,Rising
2012-05-15,2.34,Rising
2012-05-16,2.32,Rising
2012-05-17,2.36,Rising
2012-05-18,2.44,Rising
2012-05-19,2.48,Rising
2012-05-20,2.58,Rising
2012-05-21,2.68,Rising
2012-05-22,2.77,Rising
2012-05-23,2.91,Rising
2012-05-24,3.16,Rising
2012-05-25,3.39,Rising
2012-05-26,3.52,Rising
2012-05-27,3.71,Rising
2012-05-28,3.89,Rising
2012-05-29,3.94,Rising
2012-05-30,3.94,High
2012-05-31,3.86,High
2012-06-01,3.75,High
2012-06-02,3.63,High
2012-06-03,3.58,High
2012-06-04,3.55,High
2012-06-05,3.48,High
2012-06-06,3.44,High
2012-06-07,3.42,High
2012-06-08,3.38,High
2012-06-09,3.3,Falling
2012-06-10,3.23,Falling
2012-06-11,3.16,Falling
2012-06-12,3.07,Falling
2012-06-13,3.01,Falling
2012-06-14,2.94,Falling
2012-06-15,2.85,Falling
2012-06-16,2.76,Falling
2012-06-17,2.67,Falling
2012-06-18,2.57,Falling
2012-06-19,2.48,Falling
2012-06-20,2.38,Falling
2012-06-21,2.31,Falling
2012-06-22,2.28,Falling
2012-06-23,2.25,Falling
2012-06-24,2.21,Falling
2012-06-25,2.18,Falling
2012-06-26,2.19,Falling
2012-06-27,2.2,Falling
2012-06-28,2.19,Falling
2012-06-29,2.18,Falling
2012-06-30,2.17,Falling
2012-07-01,2.13,Falling
2012-07-02,2.1,Falling
2012-07-03,2.07,Falling
2012-07-04,2.08,Falling
2012-07-05,2.11,Falling
2012-07-06,2.16,Falling
2012-07-07,2.18,Falling
2012-07-08,2.08,Falling
2012-07-09,2.0,Falling
2012-07-10,1.94,Falling
2012-07-11,1.95,Falling
2012-07-12,1.96,Falling
2012-07-13,1.96,Falling
2012-07-14,1.95,Falling
2012-07-15,1.94,Falling
2012-07-16,1.93,Falling
2012-07-17,1.91,Falling
2012-07-18,1.89,Falling
2012-07-19,1.87,Falling
2012-07-20,1.88,Falling
2012-07-21,1.87,Falling
2012-07-22,1.89,Falling
2012-07-23,1.91,Falling
2012-07-24,1.87,Falling
2012-07-25,1.83,Falling
2012-07-26,1.83,Falling
2012-07-27,1.87,Falling
2012-07-28,1.9,Falling
2012-07-29,1.87,Falling
2012-07-30,1.84,Falling
2012-07-31,1.82,Falling
2012-08-01,1.83,Falling
2012-08-02,1.82,Falling
2012-08-03,1.8,Falling
2012-08-04,1.78,Falling
2012-08-05,1.76,Falling
2012-08-06,1.76,Falling
2012-08-07,1.73,Falling
2012-08-08,1.69,Falling
2012-08-09,1.71,Falling
2012-08-10,1.73,Falling
2012-08-11,1.74,Falling
2012-08-12,1.73,Falling
2012-08-13,1.71,Falling
2012-08-14,1.69,Falling
2012-08-15,1.69,Falling
2012-08-16,1.71,Falling
2012-08-17,1.68,Falling
2012-08-18,1.66,Falling
2012-08-19,1.62,Falling
2012-08-20,1.6,Low
2012-08-21,1.6,Low
2012-08-22,1.62,Low
2012-08-23,1.63,Low
2012-08-24,1.64,Low
2012-08-25,1.61,Low
2012-08-26,1.6,Low
2012-08-27,1.58,Low
2012-08-28,1.61,Low
2012-08-29,1.6,Low
2012-08-30,1.61,Low
2012-08-31,1.61,Low
2012-09-01,1.62,Low
2012-09-02,1.6,Low
2012-09-03,1.58,Low
2012-09-04,1.58,Low
2012-09-05,1.61,Low
2012-09-06,1.59,Low
2012-09-07,1.63,Low
2012-09-08,1.66,Low
2012-09-09,1.63,Low
2012-09-10,1.59,Low
2012-09-11,1.56,Low
2012-09-12,1.53,Low
2012-09-13,1.51,Low
2012-09-14,1.54,Low
2012-09-15,1.59,Low
2012-09-16,1.62,Low
2012-09-17,1.6,Low
2012-09-18,1.58,Low
2012-09-19,1.62,Low
2012-09-20,1.66,Low
2012-09-21,1.68,Low
2012-09-22,1.67,Low
2012-09-23,1.65,Low
2012-09-24,1.63,Low
2012-09-25,1.63,Low
2012-09-26,1.56,Low
2012-09-27,1.57,Low
2012-09-28,1.67,Low
2012-09-29,1.74,Low
2012-09-30,1.7,Low
2012-10-01,1.69,Low
2012-10-02,1.71,Low
2012-10-03,1.7,Low
2012-10-04,1.7,Low
2012-10-05,1.76,Low
2012-10-06,1.74,Low
2012-10-07,1.72,Low
2012-10-08,1.71,Low
2012-10-09,1.75,Low
2012-10-10,1.79,Low
2012-10-11,1.77,Low
2012-10-12,1.79,Low
2012-10-13,1.83,Low
2012-10-14,1.87,Low
2012-10-15,1.87,Low
2012-10-16,1.85,Low
2012-10-17,1.82,Low
2012-10-18,1.8,Low
2012-10-19,1.82,Low
2012-10-20,1.81,Low
2012-10-21,1.77,Low
2012-10-22,1.79,Low
2012-10-23,1.8,Low
2012-10-24,1.75,Low
2012-10-25,1.71,Low
2012-10-26,1.66,Low
2012-10-27,1.69,Low
2012-10-28,1.73,Low
2012-10-29,1.71,Low
2012-10-30,1.66,Low
2012-10-31,1.61,Low
2012-11-01,1.57,Low
2012-11-02,1.54,Low
2012-11-03,1.52,Low
2012-11-04,1.51,Low
2012-11-05,1.55,Low
2012-11-06,1.59,Low
2012-11-07,1.64,Low
2012-11-08,1.72,Low
2012-11-09,1.85,Low
2012-11-10,1.89,Low
2012-11-11,1.85,Low
2012-11-12,1.75,Low
2012-11-13,1.81,Low
2012-11-14,1.86,Low
2012-11-15,1.81,Low
2012-11-16,1.77,Low
2012-11-17,1.73,Low
2012-11-18,1.7,Low
2012-11-19,1.68,Low
2012-11-20,1.68,Rising
2012-11-21,1.77,Rising
2012-11-22,1.9,Rising
2012-11-23,1.9,Rising
2012-11-24,1.88,Falling
2012-11-25,1.85,Falling
2012-11-26,1.83,Rising
2012-11-27,1.81,Rising
2012-11-28,1.77,Rising
2012-11-29,1.76,Rising
2012-11-30,1.78,Rising
2012-12-06,1.82,Rising
2012-12-07,1.78,Rising
2012-12-08,1.7,Falling
2012-12-09,1.62,Falling
2012-12-10,2.09,Falling
2012-12-11,2.07,Rising
2012-12-12,2.05,Rising
2012-12-13,2.01,Rising
2012-12-14,1.99,Rising
2012-12-15,1.96,Rising
2012-12-16,1.97,Rising
2012-12-17,2.01,Rising
2012-12-18,2.05,Rising
2012-12-19,1.94,Rising
2012-12-20,1.9,Rising
2012-12-21,1.92,Rising
2012-12-22,1.89,Rising
2012-12-23,1.85,Rising
2012-12-24,1.81,Rising
2012-12-25,1.86,Rising
2012-12-26,1.94,Rising
2012-12-27,2.0,Rising
2012-12-28,2.06,Rising
2012-12-29,2.08,Rising
2012-12-30,2.12,Rising
2012-12-31,2.15,Rising
2013-01-01,2.19,Rising
2013-01-02,2.21,Rising
2013-01-03,2.24,Rising
2013-01-04,2.27,Rising
2013-01-05,2.31,Rising
2013-01-06,2.33,Rising
2013-01-07,2.37,Rising
2013-01-08,2.41,Rising
2013-01-09,2.47,Rising
2013-01-10,2.51,Rising
2013-01-11,2.55,Rising
2013-01-12,2.6,Rising
2013-01-13,2.66,Rising
2013-01-14,2.7,Rising
2013-01-15,2.75,Rising
2013-01-16,2.8,Rising
2013-01-17,2.87,Rising
2013-01-18,2.93,Rising
2013-01-19,2.88,Rising
2013-01-20,2.83,Rising
2013-01-21,2.79,Rising
2013-01-22,2.74,Rising
2013-01-23,2.66,Rising
2013-01-24,2.57,Rising
2013-01-25,2.54,Rising
2013-01-26,2.59,High
2013-01-27,2.64,High
2013-01-28,2.69,High
2013-01-29,2.72,High
2013-01-30,2.68,High
2013-01-31,2.63,High
2013-02-01,2.51,High
2013-02-02,2.64,High
2013-02-03,2.61,High
2013-02-04,2.6,High
2013-02-05,2.65,High
2013-02-06,2.72,High
2013-02-07,2.89,High
2013-02-08,3.03,High
2013-02-09,3.22,High
2013-02-10,3.47,High
2013-02-11,3.61,High
2013-02-12,3.66,High
2013-02-13,3.71,High
2013-02-14,3.73,High
2013-02-15,3.69,High
2013-02-16,3.65,High
2013-02-17,3.6,High
2013-02-18,3.55,High
2013-02-19,3.48,High
2013-02-20,3.41,High
2013-02-21,3.44,High
2013-02-22,3.49,High
2013-02-23,3.54,High
2013-02-24,3.59,High
2013-02-25,3.65,High
2013-02-26,3.74,High
2013-02-27,3.86,High
2013-02-28,3.92,High
2013-03-01,4.08,High
2013-03-02,4.14,High
2013-03-03,4.19,High
2013-03-04,4.23,High
2013-03-05,4.24,High
2013-03-06,4.13,High
2013-03-07,4.0,High
2013-03-08,3.91,High
2013-03-09,3.84,High
2013-03-10,3.78,High
2013-03-11,3.73,High
2013-03-12,3.64,High
2013-03-13,3.5,High
2013-03-14,3.43,High
2013-03-15,3.36,High
2013-03-16,3.28,High
2013-03-17,3.2,High
2013-03-18,3.15,High
2013-03-19,3.18,High
2013-03-20,3.16,High
2013-03-21,3.14,High
2013-03-22,3.22,High
2013-03-23,3.46,High
2013-03-24,3.7,High
2013-03-25,3.85,High
2013-03-26,4.16,High
2013-03-27,4.29,High
2013-03-28,4.32,High
2013-03-29,4.35,High
2013-03-30,4.36,High
2013-03-31,4.31,High
2013-04-01,4.26,High
2013-04-02,4.13,High
2013-04-03,3.99,High
2013-04-04,3.88,High
2013-04-05,3.8,High
2013-04-06,3.73,High
2013-04-07,3.67,High
2013-04-08,3.57,High
2013-04-09,3.53,High
2013-04-10,3.59,High
2013-04-11,3.64,High
2013-04-12,3.7,High
2013-04-13,3.76,High
2013-04-14,3.84,High
2013-04-15,3.91,High
2013-04-16,4.02,High
2013-04-17,3.96,High
2013-04-18,3.81,High
2013-04-19,3.68,High
2013-04-20,3.57,High
2013-04-21,3.46,High
2013-04-22,3.36,High
2013-04-23,3.26,High
2013-04-24,3.15,High
2013-04-25,3.05,High
2013-04-26,2.98,High
2013-04-27,2.9,High
2013-04-28,2.84,High
2013-04-29,2.79,High
2013-04-30,2.72,High
2013-05-01,2.65,High
2013-05-02,2.67,High
2013-05-03,2.67,High
2013-05-04,2.63,High
2013-05-05,2.6,High
2013-05-06,2.56,High
2013-05-07,2.52,Falling
2013-05-08,2.49,Falling
2013-05-09,2.53,Falling
2013-05-10,2.57,Falling
2013-05-11,2.59,Falling
2013-05-12,2.61,Falling
2013-05-13,2.59,Falling
2013-05-14,2.56,Falling
2013-05-15,2.53,Falling
2013-05-16,2.51,Falling
2013-05-17,2.56,Falling
2013-05-18,2.6,Falling
2013-05-19,2.64,Falling
2013-05-20,2.68,Falling
2013-05-21,2.71,Falling
2013-05-22,2.67,Falling
2013-05-23,2.63,Falling
2013-05-24,2.59,Falling
2013-05-25,2.55,Falling
2013-05-26,2.51,Falling
2013-05-27,2.44,Falling
2013-05-28,2.39,Falling
2013-05-29,2.33,Falling
2013-05-30,2.28,Falling
2013-05-31,2.23,Falling
2013-06-01,2.21,Falling
2013-06-02,2.25,Falling
2013-06-03,2.29,Falling
2013-06-04,2.32,Falling
2013-06-05,2.35,Falling
2013-06-06,2.39,Falling
2013-06-07,2.41,Falling
2013-06-08,2.4,Falling
2013-06-09,2.36,Falling
2013-06-10,2.32,Falling
2013-06-11,2.26,Falling
2013-06-12,2.16,Falling
2013-06-13,2.07,Falling
2013-06-14,2.1,Falling
2013-06-15,2.13,Rising
2013-06-16,2.14,Rising
2013-06-17,2.12,Rising
2013-06-18,2.1,Rising
2013-06-19,2.09,Rising
2013-06-20,2.1,Rising
2013-06-21,2.11,Rising
2013-06-22,2.08,Rising
2013-06-23,2.09,Rising
2013-06-24,2.11,Rising
2013-06-25,2.13,Rising
2013-06-26,2.16,Rising
2013-06-27,2.19,Rising
2013-06-28,2.24,Rising
2013-06-29,2.29,Rising
2013-06-30,2.37,Falling
2013-07-01,2.45,Falling
2013-07-02,2.47,Falling
2013-07-03,2.49,Falling
2013-07-04,2.52,Falling
2013-07-05,2.52,Falling
2013-07-06,2.52,Falling
2013-07-07,2.53,Falling
2013-07-08,2.55,Falling
2013-07-09,2.57,Falling
2013-07-10,2.53,Falling
2013-07-11,2.36,Falling
2013-07-12,2.22,Falling
2013-07-13,2.12,Falling
2013-07-14,2.08,Falling
2013-07-15,2.05,Falling
2013-07-16,2.04,Falling
2013-07-17,2.01,Falling
2013-07-18,1.99,Falling
2013-07-19,1.96,Falling
2013-07-20,1.93,Falling
2013-07-21,1.91,Falling
2013-07-22,1.89,Falling
2013-07-23,1.85,Falling
2013-07-24,1.84,Falling
2013-07-25,1.81,Falling
2013-07-26,1.79,Falling
2013-07-27,1.79,Falling
2013-07-28,1.78,Falling
2013-07-29,1.79,Falling
2013-07-30,1.81,Falling
2013-07-31,1.79,Falling
2013-08-01,1.75,Falling
2013-08-02,1.73,Falling
2013-08-03,1.79,Falling
2013-08-04,1.8,Low
2013-08-05,1.79,Low
2013-08-06,1.75,Low
2013-08-07,1.7,Low
2013-08-08,1.68,Low
2013-08-09,1.69,Low
2013-08-10,1.71,Low
2013-08-11,1.73,Low
2013-08-12,1.71,Low
2013-08-13,1.69,Low
2013-08-14,1.66,Low
2013-08-15,1.65,Low
2013-08-16,1.67,Low
2013-08-17,1.68,Low
2013-08-18,1.66,Low
2013-08-19,1.65,Low
2013-08-20,1.64,Low
2013-08-21,1.63,Low
2013-08-22,1.65,Low
2013-08-23,1.67,Low
2013-08-24,1.68,Low
2013-08-25,1.67,Low
2013-08-26,1.65,Low
2013-08-27,1.62,Low
2013-08-28,1.63,Low
2013-08-29,1.65,Low
2013-08-30,1.66,Low
2013-08-31,1.68,Low
2013-09-01,1.69,Low
2013-09-02,1.71,Low
2013-09-03,1.73,Low
2013-09-04,1.71,Low
2013-09-05,1.69,Low
2013-09-06,1.7,Low
2013-09-07,1.72,Low
2013-09-08,1.74,Low
2013-09-09,1.76,Low
2013-09-10,1.79,Low
2013-09-11,1.83,Low
2013-09-12,1.78,Low
2013-09-13,1.74,Low
2013-09-14,1.69,Low
2013-09-15,1.65,Low
2013-09-16,1.65,Low
2013-09-17,1.67,Low
2013-09-18,1.69,Low
2013-09-19,1.63,Low
2013-09-20,1.58,Low
2013-09-21,1.6,Low
2013-09-22,1.6,Low
2013-09-23,1.58,Low
2013-09-24,1.55,Low
2013-09-25,1.53,Low
2013-09-26,1.54,Low
2013-09-27,1.56,Low
2013-09-28,1.61,Low
2013-09-29,1.66,Low
2013-09-30,1.72,Low
2013-10-01,1.73,Low
2013-10-02,1.65,Low
2013-10-03,1.62,Low
2013-10-04,1.59,Low
2013-10-05,1.6,Low
2013-10-06,1.63,Low
2013-10-07,1.66,Low
2013-10-08,1.69,Low
2013-10-09,1.69,Low
2013-10-10,1.68,Low
2013-10-11,1.73,Low
2013-10-12,1.75,Low
2013-10-13,1.72,Low
2013-10-14,1.72,Low
2013-10-15,1.75,Low
2013-10-16,1.78,Low
2013-10-17,1.81,Low
2013-10-18,1.85,Low
2013-10-19,1.88,Low
2013-10-20,1.9,Low
2013-10-21,1.99,Low
2013-10-22,2.04,Low
2013-10-23,2.02,Low
2013-10-24,2.0,Low
2013-10-25,2.0,Low
2013-10-26,1.99,Low
2013-10-27,1.96,Rising
2013-10-28,1.95,Rising
2013-10-29,1.99,Rising
2013-10-30,2.01,Rising
2013-10-31,2.02,Rising
2013-11-01,1.98,Rising
2013-11-02,1.97,Falling
2013-11-03,2.04,Falling
2013-11-04,2.09,Falling
2013-11-05,2.16,Falling
2013-11-06,2.26,Falling
2013-11-07,2.37,Falling
2013-11-08,2.41,Falling
2013-11-09,2.31,Rising
2013-11-10,2.24,Rising
2013-11-11,2.15,Rising
2013-11-12,2.04,Rising
2013-11-13,1.96,Rising
2013-11-14,1.88,Rising
2013-11-15,1.81,Rising
2013-11-16,1.75,Rising
2013-11-17,1.77,Rising
2013-11-18,1.79,Rising
2013-11-19,1.82,Rising
2013-11-20,1.85,Rising
2013-11-21,1.89,Rising
2013-11-22,1.96,Rising
2013-11-23,2.04,Falling
2013-11-24,2.11,Falling
2013-11-25,2.19,Falling
2013-11-26,2.28,Rising
2013-11-27,2.35,Rising
2013-11-28,2.34,Rising
2013-11-29,2.38,Rising
2013-11-30,2.41,Rising
2013-12-01,2.43,Rising
2013-12-02,2.39,Rising
2013-12-03,2.34,Rising
2013-12-04,2.29,Rising
2013-12-05,2.25,Rising
2013-12-06,2.28,Rising
2013-12-07,2.33,Rising
2013-12-08,2.3,Falling
2013-12-09,2.28,Falling
2013-12-10,2.25,Falling
2013-12-11,2.22,Falling
2013-12-12,2.19,Falling
2013-12-13,2.16,Falling
2013-12-14,2.13,Falling
2013-12-15,2.09,Falling
2013-12-16,2.05,Falling
2013-12-17,2.0,Falling
2013-12-18,1.98,Falling
2013-12-19,2.01,Falling
2013-12-20,1.99,Falling
2013-12-21,1.96,Falling
2013-12-22,1.92,Falling
2013-12-23,1.89,Falling
2013-12-24,1.86,Falling
2013-12-25,1.83,Falling
2013-12-26,1.81,Falling
2013-12-27,1.8,Rising
2013-12-28,1.82,Rising
2013-12-29,1.83,Rising
2013-12-30,1.85,Rising
2013-12-31,1.87,Rising
2014-01-01,1.9,Rising
2014-01-02,1.93,Rising
2014-01-03,1.96,Rising
2014-01-04,2.01,Rising
2014-01-05,2.07,Rising
2014-01-06,2.12,Rising
2014-01-07,2.15,Rising
2014-01-08,2.17,Rising
2014-01-09,2.2,Rising
2014-01-10,2.23,Rising
2014-01-11,2.26,Rising
2014-01-12,2.29,Rising
2014-01-13,2.31,Rising
2014-01-14,2.33,Rising
2014-01-15,2.35,Rising
2014-01-16,2.35,Rising
2014-01-17,2.31,Rising
2014-01-18,2.33,Rising
2014-01-19,2.36,Rising
2014-01-20,2.39,Rising
2014-01-21,2.42,Rising
2014-01-22,2.45,Rising
2014-01-23,2.48,Rising
2014-01-24,2.52,Rising
2014-01-25,2.56,Rising
2014-01-26,2.61,Rising
2014-01-27,2.64,Rising
2014-01-28,2.67,Rising
2014-01-29,2.71,Rising
2014-01-30,2.78,Rising
2014-01-31,2.87,Rising
2014-02-01,2.97,Rising
2014-02-02,3.09,Rising
2014-02-03,3.25,Rising
2014-02-04,3.38,Rising
2014-02-05,3.46,Rising
2014-02-06,3.53,Rising
2014-02-07,3.56,Rising
2014-02-08,3.54,Rising
2014-02-09,3.51,Rising
2014-02-10,3.47,Rising
2014-02-11,3.43,Rising
2014-02-12,3.43,Rising
2014-02-13,3.57,High
2014-02-14,3.72,High
2014-02-15,3.84,High
2014-02-16,3.98,High
2014-02-17,4.06,High
2014-02-18,4.16,High
2014-02-19,4.27,High
2014-02-20,4.37,High
2014-02-21,4.54,High
2014-02-22,4.71,High
2014-02-23,4.81,High
2014-02-24,4.9,High
2014-03-01,4.92,High
2014-03-02,4.85,High
2014-03-03,4.79,High
2014-03-04,4.86,High
2014-03-05,4.76,High
2014-03-06,4.69,High
2014-03-07,4.62,High
2014-03-08,4.56,High
2014-03-09,4.51,High
2014-03-10,4.45,High
2014-03-11,4.41,High
2014-03-12,4.37,High
2014-03-13,4.33,High
2014-03-14,4.28,High
2014-03-15,4.32,High
2014-03-16,4.62,High
2014-03-17,4.89,High
2014-03-18,4.83,High
2014-03-19,4.71,High
2014-03-20,4.6,High
2014-03-21,4.43,High
2014-03-22,4.23,High
2014-03-23,4.06,High
2014-03-24,3.93,High
2014-03-25,3.93,High
2014-03-26,3.95,High
2014-03-27,3.97,High
2014-03-28,4.07,High
2014-03-29,4.2,High
2014-03-30,4.29,High
2014-03-31,4.36,High
2014-04-01,4.48,High
2014-04-02,4.59,High
2014-04-03,4.62,High
2014-04-04,4.63,High
2014-04-05,4.6,High
2014-04-06,4.56,High
2014-04-07,4.5,High
2014-04-08,4.39,High
2014-04-09,4.3,High
2014-04-10,4.24,High
2014-04-11,4.16,High
2014-04-12,4.05,High
2014-04-13,3.92,High
2014-04-14,3.82,High
2014-04-15,3.79,High
2014-04-16,3.77,High
2014-04-17,3.75,High
2014-04-18,3.74,High
2014-04-19,3.75,High
2014-04-20,3.78,High
2014-04-21,3.8,High
2014-04-22,3.78,High
2014-04-23,3.81,High
2014-04-24,3.85,High
2014-04-25,3.88,Falling
2014-04-26,3.91,Falling
2014-04-27,3.95,Falling
2014-04-28,3.99,Falling
2014-04-29,3.98,Rising
2014-04-30,3.91,Rising
2014-05-01,3.86,Rising
2014-05-02,3.76,Rising
2014-05-03,3.72,Rising
2014-05-04,3.61,High
2014-05-05,3.52,High
2014-05-06,3.43,High
2014-05-07,3.32,High
2014-05-08,3.18,High
2014-05-09,3.13,High
2014-05-10,3.34,High
2014-05-11,3.63,High
2014-05-12,3.95,High
2014-05-13,4.2,High
2014-05-14,4.27,High
2014-05-15,4.3,High
2014-05-16,4.33,High
2014-05-17,4.29,High
2014-05-18,4.26,High
2014-05-19,4.23,High
2014-05-20,4.2,High
2014-05-21,4.17,High
2014-05-22,4.14,High
2014-05-23,4.11,High
2014-05-24,4.09,High
2014-05-25,4.15,High
2014-05-26,4.22,High
2014-05-27,4.32,High
2014-05-28,4.43,High
2014-05-29,4.52,High
2014-05-30,4.49,High
2014-06-01,4.17,Falling
2014-06-02,4.03,Falling
2014-06-03,3.85,Falling
2014-06-04,3.7,Falling
2014-06-05,3.58,Falling
2014-06-06,3.42,Falling
2014-06-07,3.27,Falling
2014-06-08,3.13,Falling
2014-06-09,3.02,Falling
2014-06-10,2.96,Falling
2014-06-11,2.96,Falling
2014-06-12,2.96,Falling
2014-06-13,2.95,Falling
2014-06-14,2.92,Falling
2014-06-15,2.88,Falling
2014-06-16,2.82,Falling
2014-06-17,2.75,Falling
2014-06-18,2.72,Falling
2014-06-19,2.67,Falling
2014-06-20,2.66,Falling
2014-06-21,2.65,Falling
2014-06-22,2.63,Falling
2014-06-23,2.59,Falling
2014-06-24,2.55,Falling
2014-06-25,2.52,Falling
2014-06-26,2.45,Falling
2014-06-27,2.38,Falling
2014-06-28,2.33,Falling
2014-06-29,2.32,Falling
2014-06-30,2.3,Falling
2014-07-01,2.29,Falling
2014-07-02,2.28,Falling
2014-07-03,2.28,Falling
2014-07-04,2.33,Falling
2014-07-05,2.32,Falling
2014-07-06,2.31,Falling
2014-07-07,2.33,Falling
2014-07-08,2.32,Falling
2014-07-09,2.3,Falling
2014-07-10,2.3,Falling
2014-07-11,2.29,Falling
2014-07-12,2.27,Falling
2014-07-13,2.24,Falling
2014-07-14,2.19,Falling
2014-07-15,2.17,Falling
2014-07-16,2.19,Falling
2014-07-17,2.18,Falling
2014-07-18,2.16,Falling
2014-07-19,2.13,Falling
2014-07-20,2.12,Falling
2014-07-21,2.12,Falling
2014-07-22,2.14,Falling
2014-07-23,2.13,Falling
2014-07-24,2.14,Falling
2014-07-25,2.17,Falling
2014-07-26,2.19,Falling
2014-07-27,2.23,Falling
2014-07-28,2.25,Falling
2014-07-29,2.24,Falling
2014-07-30,2.27,Falling
2014-07-31,2.29,Falling
2014-08-01,2.28,Falling
2014-08-02,2.25,Falling
2014-08-03,2.22,Falling
2014-08-04,2.17,Falling
2014-08-05,2.11,Falling
2014-08-06,2.07,Falling
2014-08-07,2.02,Falling
2014-08-08,2.04,Falling
2014-08-09,2.02,Falling
2014-08-10,1.99,Falling
2014-08-11,1.96,Falling
2014-08-12,1.94,Falling
2014-08-13,1.93,Falling
2014-08-14,1.92,Falling
2014-08-15,1.91,Falling
2014-08-16,1.92,Falling
2014-08-17,2.14,Falling
2014-08-18,2.12,Falling
2014-08-19,2.06,Falling
2014-08-20,1.99,Low
2014-08-21,1.94,Low
2014-08-22,1.89,Low
2014-08-23,2.02,Low
2014-08-24,2.05,Low
2014-08-25,2.06,Low
2014-08-26,2.07,Low
2014-08-27,2.03,Low
2014-08-28,1.99,Low
2014-08-29,1.97,Low
2014-08-30,1.93,Low
2014-08-31,1.9,Low
2014-09-01,1.86,Rising
2014-09-02,1.83,Falling
2014-09-03,1.79,Falling
2014-09-04,1.81,Falling
2014-09-05,1.85,Falling
2014-09-06,1.87,Falling
2014-09-07,1.85,Falling
2014-09-08,1.88,Falling
2014-09-09,1.87,Falling
2014-09-10,1.9,Falling
2014-09-11,1.92,Falling
2014-09-12,1.95,Falling
2014-09-13,1.92,Rising
2014-09-14,1.92,Rising
2014-09-15,1.92,Rising
2014-09-16,1.88,Rising
2014-09-17,1.84,Rising
2014-09-18,1.84,Rising
2014-09-19,1.84,Rising
2014-09-20,1.85,Rising
2014-09-21,1.88,Rising
2014-09-22,1.91,Rising
2014-09-23,1.93,Rising
2014-09-24,1.96,Rising
2014-09-25,1.95,Rising
2014-09-26,1.97,Falling
2014-09-27,2.0,Falling
2014-09-28,2.02,Falling
2014-09-29,2.06,Falling
2014-09-30,2.08,Falling
2014-10-01,2.11,Falling
2014-10-02,2.13,Falling
2014-10-03,2.1,Falling
2014-10-04,2.06,Falling
2014-10-05,2.03,Falling
2014-10-06,1.99,Falling
2014-10-07,1.94,Falling
2014-10-08,1.9,Rising
2014-10-09,1.87,Falling
2014-10-10,1.85,Falling
2014-10-11,1.84,Falling
2014-10-12,1.86,Falling
2014-10-13,1.89,Falling
2014-10-14,1.89,Falling
2014-10-15,1.83,Falling
2014-10-16,1.77,Falling
2014-10-17,1.71,Falling
2014-10-18,1.65,Falling
2014-10-19,1.64,Falling
2014-10-20,1.74,Rising
2014-10-21,1.84,Rising
2014-10-22,1.93,Rising
2014-10-23,1.91,Rising
2014-10-24,1.9,Rising
2014-10-25,1.9,Rising
2014-10-26,1.94,Rising
2014-10-27,1.96,Rising
2014-10-28,1.98,Rising
2014-10-29,1.99,Rising
2014-10-30,2.01,Rising
2014-10-31,2.04,Rising
2014-11-01,2.02,Rising
2014-11-02,2.04,Rising
2014-11-03,2.08,Falling
2014-11-04,2.13,Falling
2014-11-05,2.16,Rising
2014-11-06,2.19,Falling
2014-11-07,2.21,Falling
2014-11-08,2.24,Rising
2014-11-09,2.26,Rising
2014-11-10,2.22,Rising
2014-11-11,2.19,Rising
2014-11-12,2.11,Rising
2014-11-13,2.06,Rising
2014-11-14,2.01,Rising
2014-11-15,1.93,Rising
2014-11-16,1.76,Rising
2014-11-17,1.57,Rising
2014-11-18,1.32,Rising
2014-11-19,1.94,Rising
2014-11-20,1.66,Rising
2014-11-23,2.04,Rising
2014-11-24,2.04,Rising
2014-11-25,2.05,Rising
2014-11-26,2.09,Rising
2014-11-27,2.12,Rising
2014-11-28,2.13,Rising
2014-11-29,2.17,Rising
2014-11-30,2.22,Rising
2014-12-01,2.32,Rising
2014-12-02,2.43,Rising
2014-12-03,2.5,Rising
2014-12-04,2.55,Rising
2014-12-05,2.62,Rising
2014-12-06,2.68,Rising
2014-12-07,2.73,Rising
2014-12-08,2.79,Rising
2014-12-09,2.86,High
2014-12-10,2.86,High
2014-12-11,2.86,High
2014-12-12,2.84,High
2014-12-13,2.87,High
2014-12-14,2.87,High
2014-12-15,2.87,High
2014-12-16,2.91,High
2014-12-17,2.94,High
2014-12-18,2.98,High
2014-12-19,3.02,High
2014-12-20,3.03,High
2014-12-21,3.04,High
2014-12-22,3.01,High
2014-12-23,3.03,High
2014-12-24,2.94,High
2014-12-25,2.9,High
2014-12-26,2.88,High
2014-12-27,2.85,High
2014-12-28,2.82,High
2014-12-29,2.8,High
2014-12-30,2.8,High
2014-12-31,2.8,High
2015-01-01,2.83,High
2015-01-02,2.88,High
2015-01-03,2.94,High
2015-01-04,2.98,High
2015-01-05,3.02,High
2015-01-06,3.04,High
2015-01-07,3.01,High
2015-01-08,2.97,High
2015-01-09,2.96,High
2015-01-10,3.0,High
2015-01-11,3.05,High
2015-01-12,3.1,High
2015-01-13,3.15,High
2015-01-14,3.18,High
2015-01-15,3.16,High
2015-01-16,3.16,High
2015-01-17,3.14,High
2015-01-18,3.12,High
2015-01-19,3.11,High
2015-01-20,3.13,High
2015-01-21,3.12,High
2015-01-22,3.12,High
2015-01-23,3.13,High
2015-01-24,3.1,High
2015-01-25,3.07,High
2015-01-26,3.05,High
2015-01-27,3.04,High
2015-01-28,3.02,High
2015-01-29,3.0,High
2015-01-30,2.96,High
2015-01-31,2.93,High
2015-02-01,2.89,High
2015-02-02,2.86,High
2015-02-03,2.83,High
2015-02-04,2.79,High
2015-02-05,2.74,High
2015-02-06,2.63,Falling
2015-02-07,2.57,Falling
2015-02-08,2.49,Falling
2015-02-09,2.43,Falling
2015-02-10,2.37,Falling
2015-02-11,2.31,Falling
2015-02-12,2.26,Falling
2015-02-13,2.2,Falling
2015-02-14,2.2,Falling
2015-02-15,2.18,Falling
2015-02-16,2.17,Falling
2015-02-17,2.15,Falling
2015-02-18,2.12,Falling
2015-02-19,2.1,Falling
2015-02-20,2.17,Rising
2015-02-21,2.28,Rising
2015-02-22,2.37,Rising
2015-02-23,2.45,Rising
2015-02-24,2.53,Rising
2015-02-25,2.59,Rising
2015-02-26,2.64,Rising
2015-02-27,2.69,Rising
2015-02-28,2.74,Rising
2015-03-01,2.8,Rising
2015-03-02,2.82,Rising
2015-03-03,2.86,Rising
2015-03-04,2.84,Rising
2015-03-05,2.83,High
2015-03-06,2.85,High
2015-03-07,2.88,High
2015-03-08,2.92,High
2015-03-09,2.95,High
2015-03-10,2.93,High
2015-03-11,2.72,High
2015-03-12,2.67,Falling
2015-03-13,2.61,Falling
2015-03-14,2.64,Falling
2015-03-15,2.63,Falling
2015-03-16,2.65,Falling
2015-03-17,2.66,Falling
2015-03-18,2.68,Falling
2015-03-19,2.59,Falling
2015-03-20,2.43,Falling
2015-03-21,2.32,Falling
2015-03-22,2.24,Falling
2015-03-23,2.18,Falling
2015-03-24,2.18,Falling
2015-03-25,2.16,Falling
2015-03-26,2.17,Falling
2015-03-27,2.33,Falling
2015-03-28,2.37,Falling
2015-03-29,2.37,Falling
2015-03-30,2.3,Falling
2015-03-31,2.25,Falling
2015-04-01,2.56,Falling
2015-04-06,2.77,Falling
2015-04-07,2.8,Falling
2015-04-08,2.77,Falling
2015-04-09,2.7,Rising
2015-04-10,2.59,Rising
2015-04-11,2.53,Falling
2015-04-12,2.45,Falling
2015-04-13,2.3,Rising
2015-04-14,2.22,Rising
2015-04-15,2.2,Rising
2015-04-16,2.15,Rising
2015-04-17,2.14,Falling
2015-04-18,2.15,Falling
2015-04-19,2.19,Falling
2015-04-20,2.17,Falling
2015-04-21,2.14,Falling
2015-04-22,2.15,Falling
2015-04-23,2.28,Falling
2015-04-24,3.76,Falling
2015-04-25,2.02,Falling
2015-04-26,2.31,Falling
2015-04-27,2.64,Falling
2015-04-28,2.6,Falling
2015-04-29,2.91,Falling
2015-04-30,2.5,Falling
2015-05-01,2.55,Falling
2015-05-02,1.18,Falling
2015-05-03,1.1,Falling
2015-05-04,0.6,Low
2015-05-05,0.95,Low
2015-05-06,0.88,Low
2015-05-07,0.83,Low
2015-05-08,0.77,Low
2015-05-09,0.74,Low
2015-05-10,0.75,Low
2015-05-11,0.75,Low
2015-05-12,0.74,Low
2015-05-13,0.72,Low
2015-05-14,0.73,Low
2015-05-15,0.74,Low
2015-05-16,0.76,Low
2015-05-17,0.78,Low
2015-05-18,0.79,Low
2015-05-19,0.8,Low
2015-05-20,0.78,Low
2015-05-21,0.78,Low
2015-05-22,0.81,Low
2015-05-23,0.8,Low
2015-05-24,0.81,Low
2015-05-25,0.82,Low
2015-05-26,0.81,Low
2015-05-27,0.84,Low
2015-05-28,0.85,Low
2015-05-29,1.0,Low
2015-05-30,1.3,Low
2015-05-31,1.0,Low
2015-06-01,1.2,Low
2015-06-02,1.7,Low
2015-06-03,1.04,Low
2015-06-04,0.88,Low
2015-06-05,0.76,Low
2015-06-06,0.74,Low
2015-06-07,0.6,Low
2015-06-08,0.53,Low
2015-06-09,0.48,Low
2015-06-10,0.46,Low
2015-06-11,0.43,Low
2015-06-12,0.38,Low
2015-06-13,0.36,Low
2015-06-14,0.3,Low
2015-06-15,0.21,Low
2015-06-16,0.18,Low
2015-06-17,0.17,Low
2015-06-18,0.15,Low
2015-06-19,0.15,Low
2015-06-20,0.13,Low
2015-06-21,0.12,Low
2015-06-22,0.12,Low
2015-06-23,0.12,Low
2015-06-24,0.11,Low
2015-06-25,0.1,Low
2015-06-26,0.12,Low
2015-06-27,0.09,Low
2015-06-28,0.08,Low
2015-06-29,0.07,Low
2015-06-30,0.1,Low
2015-07-01,1.0,Low
2015-07-02,0.98,Low
2015-07-03,0.98,Low
2015-07-04,0.97,Low
2015-07-05,0.97,Low
2015-07-06,0.95,Low
2015-07-07,0.96,Low
2015-07-08,0.95,Low
2015-07-09,0.95,Low
2015-07-10,0.94,Low
2015-07-11,0.97,Low
2015-07-12,0.98,Low
2015-07-13,0.96,Low
2015-07-14,0.94,Low
2015-07-15,0.94,Low
2015-07-16,0.93,Low
2015-07-17,0.89,Low
2015-07-18,0.88,Low
2015-07-19,0.87,Low
2015-07-20,0.89,Low
2015-07-21,0.9,Low
2015-07-22,0.92,Low
2015-07-23,0.94,Low
2015-07-24,0.92,Low
2015-07-25,0.89,Low
2015-07-26,0.87,Low
2015-07-27,0.85,Low
2015-07-28,0.83,Low
2015-07-29,0.84,Low
2015-07-30,0.85,Low
2015-07-31,0.84,Low
2015-08-01,1.84,Low
2015-08-02,1.84,Low
2015-08-03,1.83,Low
2015-08-04,1.82,Low
2015-08-05,1.82,Low
2015-08-06,1.83,Low
2015-08-07,1.84,Low
2015-08-08,1.85,Low
2015-08-09,1.84,Low
2015-08-10,1.83,Rising
2015-08-11,1.83,Rising
2015-08-12,1.75,Rising
2015-08-13,1.77,Rising
2015-08-14,1.75,Rising
2015-08-15,1.74,Rising
2015-08-16,1.74,Rising
2015-08-17,1.73,Rising
2015-08-18,1.72,Rising
2015-08-19,1.71,Falling
2015-08-20,1.7,Falling
2015-08-21,1.69,Falling
2015-08-22,1.68,Falling
2015-08-23,1.67,Falling
2015-08-24,1.64,Falling
2015-08-25,1.63,Falling
2015-08-26,1.73,Falling
2015-08-27,1.65,Falling
2015-08-28,1.68,Rising
2015-08-29,1.7,Falling
2015-08-30,1.81,Rising
2015-08-31,1.85,Rising
2015-09-01,1.87,Low
2015-09-02,1.74,Low
2015-09-03,1.75,Low
2015-09-04,1.74,Low
2015-09-05,1.73,Low
2015-09-06,1.72,Low
2015-09-07,1.7,Low
2015-09-08,1.71,Low
2015-09-09,1.74,Low
2015-09-10,1.75,Low
2015-09-11,1.77,Low
2015-09-12,1.77,Low
2015-09-13,1.76,Low
2015-09-14,1.76,Low
2015-09-15,1.76,Low
2015-09-16,1.73,Low
2015-09-17,1.7,Low
2015-09-18,1.68,Low
2015-09-19,1.66,Low
2015-09-20,1.66,Low
2015-09-21,1.67,Low
2015-09-22,1.68,Low
2015-09-23,1.68,Low
2015-09-24,1.65,Low
2015-09-25,1.64,Low
2015-09-26,1.65,Low
2015-09-27,1.67,Low
2015-09-28,1.68,Low
2015-09-29,1.69,Low
2015-09-30,1.69,Low
2015-10-01,1.71,Low
2015-10-02,1.74,Low
2015-10-03,1.76,Low
2015-10-04,1.82,Low
2015-10-05,1.9,Low
2015-10-06,1.98,Low
2015-10-07,2.12,Low
2015-10-08,2.11,Low
2015-10-09,2.07,Low
2015-10-10,2.05,Low
2015-10-11,2.01,Low
2015-10-12,1.99,Low
2015-10-13,1.95,Low
2015-10-14,1.92,Low
2015-10-15,1.88,Low
2015-10-16,1.85,Low
2015-10-17,1.81,Low
2015-10-18,1.83,Low
2015-10-19,1.83,Low
2015-10-20,1.81,Low
2015-10-21,1.81,Low
2015-10-22,1.8,Low
2015-10-23,1.8,Low
2015-10-24,1.79,Low
2015-10-25,1.79,Low
2015-10-26,1.78,Low
2015-10-27,1.78,Low
2015-10-28,1.76,Low
2015-10-29,1.77,Low
2015-10-30,1.77,Rising
2015-10-31,1.77,Rising
2015-11-01,1.81,Rising
2015-11-02,1.82,Rising
2015-11-03,1.84,Rising
2015-11-04,1.87,Rising
2015-11-05,1.92,Rising
2015-11-06,2.33,Rising
2015-11-07,2.38,Rising
2015-11-08,2.41,Falling
2015-11-09,2.45,Falling
2015-11-10,2.46,Falling
2015-11-11,2.47,Falling
2015-11-12,2.38,Falling
2015-11-13,2.35,Rising
2015-11-14,2.22,Rising
2015-11-15,2.21,Rising
2015-11-16,2.2,Rising
2015-11-17,2.18,Rising
2015-11-18,2.15,Rising
2015-11-19,2.08,Rising
2015-11-20,1.89,Rising
2015-11-21,1.83,Rising
2015-11-22,1.7,Falling
2015-11-23,1.66,Falling
2015-11-24,1.69,Falling
2015-11-25,1.71,Falling
2015-11-26,1.72,Falling
2015-11-27,1.76,Falling
2015-11-28,1.82,Falling
2015-11-29,1.88,Falling
2015-11-30,1.9,Rising
2015-12-01,1.94,Rising
2015-12-02,1.96,Rising
2015-12-03,1.99,Rising
2015-12-04,1.99,Rising
2015-12-05,2.01,Rising
2015-12-06,2.03,Rising
2015-12-07,2.04,Rising
2015-12-08,2.09,Rising
2015-12-09,2.12,Rising
2015-12-10,2.19,Rising
2015-12-11,2.23,Rising
2015-12-12,2.26,Rising
2015-12-13,2.3,Rising
2015-12-14,2.36,Rising
2015-12-15,2.43,Rising
2015-12-16,2.47,Rising
2015-12-17,2.39,Rising
2015-12-18,2.3,Rising
2015-12-19,2.14,Rising
2015-12-20,2.15,Rising
2015-12-21,2.19,Rising
2015-12-22,2.17,Rising
2015-12-23,2.17,Rising
2015-12-24,2.13,Rising
2015-12-25,2.11,Rising
2015-12-26,2.08,Rising
2015-12-27,1.99,Falling
2015-12-28,1.99,Falling
2015-12-29,1.97,Falling
2015-12-30,1.99,Falling
2015-12-31,2.0,Falling
2016-01-01,2.1,Falling
2016-01-02,2.12,Falling
2016-01-03,2.14,Rising
2016-01-04,2.14,Rising
2016-01-05,2.15,Rising
2016-01-06,2.16,Rising
2016-01-07,2.17,Rising
2016-01-08,2.18,Rising
2016-01-09,2.2,Rising
2016-01-10,2.22,Rising
2016-01-11,2.23,Rising
2016-01-12,2.25,Rising
2016-01-13,2.27,Rising
2016-01-14,2.28,Rising
2016-01-15,2.31,Rising
2016-01-16,2.35,Rising
2016-01-17,2.35,Rising
2016-01-18,2.36,Rising
2016-01-19,2.37,Rising
2016-01-20,2.39,Rising
2016-01-21,2.41,Rising
2016-01-22,2.45,Rising
2016-01-23,2.46,Rising
2016-01-24,2.48,Rising
2016-01-25,2.54,Rising
2016-01-26,2.56,Rising
2016-01-27,2.58,Rising
2016-01-28,2.62,Rising
2016-01-29,2.65,Rising
2016-01-30,2.66,Rising
2016-01-31,2.66,Rising
2016-02-01,2.65,Rising
2016-02-02,2.62,Rising
2016-02-03,2.56,High
2016-02-04,2.6,High
2016-02-05,2.66,High
2016-02-06,2.72,High
2016-02-07,2.81,High
2016-02-08,2.87,High
2016-02-09,2.92,High
2016-02-10,2.98,High
2016-02-11,3.14,High
2016-02-12,3.2,High
2016-02-13,3.24,High
2016-02-14,3.27,High
2016-02-15,3.27,High
2016-02-16,3.34,High
2016-02-17,3.45,High
2016-02-18,3.53,High
2016-02-19,3.51,High
2016-02-20,3.48,High
2016-02-21,3.41,High
2016-02-22,3.36,High
2016-02-23,3.2,High
2016-02-24,3.15,High
2016-02-25,3.1,High
2016-02-26,3.08,High
2016-02-27,3.23,High
2016-02-28,3.59,High
2016-02-29,3.96,High
2016-03-01,4.21,High
2016-03-02,4.28,High
2016-03-03,4.35,High
2016-03-04,4.31,High
2016-03-05,4.28,High
2016-03-06,4.24,High
2016-03-07,4.21,High
2016-03-08,4.19,High
2016-03-09,4.2,High
2016-03-10,4.22,High
2016-03-11,4.36,High
2016-03-12,4.53,High
2016-03-13,4.54,High
2016-03-14,4.56,High
2016-03-15,4.57,High
2016-03-16,4.49,High
2016-03-17,4.36,High
2016-03-18,4.32,High
2016-03-19,4.29,High
2016-03-20,4.21,High
2016-03-21,3.97,High
2016-03-22,3.92,High
2016-03-23,3.88,High
2016-03-24,3.91,High
2016-03-25,3.96,High
2016-03-26,4.03,High
2016-03-27,4.16,High
2016-03-28,4.32,High
2016-03-29,4.39,High
2016-03-30,4.41,High
2016-03-31,4.35,High
2016-04-01,4.25,High
2016-04-02,4.17,High
2016-04-03,4.1,High
2016-04-04,4.02,High
2016-04-05,3.97,High
2016-04-06,3.85,High
2016-04-07,3.76,High
2016-04-08,3.69,High
2016-04-09,3.61,High
2016-04-10,3.55,High
2016-04-11,3.47,High
2016-04-12,3.39,High
2016-04-13,3.25,High
2016-04-14,3.16,High
2016-04-15,3.09,High
2016-04-16,3.06,High
2016-04-17,3.05,High
2016-04-18,3.02,High
2016-04-19,3.0,High
2016-04-20,2.98,High
2016-04-21,2.97,High
2016-04-22,2.96,High
2016-04-23,2.92,High
2016-04-24,2.89,High
2016-04-25,2.88,High
2016-04-26,2.87,High
2016-04-27,2.86,High
2016-04-28,2.84,High
2016-04-29,2.84,High
2016-04-30,2.85,High
2016-05-01,2.86,High
2016-05-02,2.84,High
2016-05-03,2.83,High
2016-05-04,2.81,High
2016-05-05,2.8,High
2016-05-06,2.79,High
2016-05-07,2.77,Falling
2016-05-08,2.75,Falling
2016-05-09,2.74,Falling
2016-05-10,2.71,Falling
2016-05-11,2.68,Falling
2016-05-12,2.66,Falling
2016-05-13,2.64,Falling
2016-05-14,2.6,Falling
2016-05-15,2.58,Falling
2016-05-16,2.57,Falling
2016-05-17,2.56,Falling
2016-05-18,2.54,Falling
2016-05-19,2.52,Falling
2016-05-20,2.49,Falling
2016-05-21,2.48,Falling
2016-05-22,2.46,Falling
2016-05-23,2.44,Falling
2016-05-24,2.41,Falling
2016-05-25,2.38,Falling
2016-05-26,2.36,Falling
2016-05-27,2.34,Falling
2016-05-28,2.33,Falling
2016-05-29,2.3,Falling
2016-05-30,2.26,Falling
2016-05-31,2.25,Falling
2016-06-01,2.26,Falling
2016-06-02,2.24,Falling
2016-06-03,2.24,Falling
2016-06-04,2.25,Falling
2016-06-05,2.24,Falling
2016-06-06,2.23,Falling
2016-06-07,2.22,Falling
2016-06-08,2.2,Falling
2016-06-09,2.19,Falling
2016-06-10,2.18,Falling
2016-06-11,2.17,Falling
2016-06-12,2.15,Falling
2016-06-13,2.14,Falling
2016-06-14,2.13,Falling
2016-06-15,2.13,Falling
2016-06-16,2.11,Falling
2016-06-17,2.1,Falling
2016-06-18,2.09,Falling
2016-06-19,2.09,Falling
2016-06-20,2.08,Falling
2016-06-21,2.06,Falling
2016-06-22,2.04,Falling
2016-06-23,2.02,Falling
2016-06-24,2.0,Falling
2016-06-25,2.02,Falling
2016-06-26,2.01,Falling
2016-06-27,2.0,Falling
2016-06-28,2.0,Falling
2016-06-29,2.0,Falling
2016-06-30,2.0,Falling
2016-07-01,2.0,Falling
2016-07-02,2.0,Falling
2016-07-03,2.0,Falling
2016-07-04,2.0,Falling
2016-07-05,2.0,Falling
2016-07-06,2.0,Falling
2016-07-07,2.0,Falling
2016-07-08,2.0,Falling
2016-07-09,2.0,Falling
2016-07-10,2.0,Falling
2016-07-11,2.0,Falling
2016-07-12,2.0,Falling
2016-07-13,2.0,Falling
2016-07-14,2.0,Falling
2016-07-15,2.0,Falling
2016-07-16,2.0,Falling
2016-07-17,2.0,Falling
2016-07-18,2.0,Falling
2016-07-19,2.0,Falling
2016-07-20,2.0,Falling
2016-07-21,1.99,Falling
2016-07-22,1.98,Falling
2016-07-23,1.98,Falling
2016-07-24,1.99,Falling
2016-07-25,1.99,Falling
2016-07-26,1.99,Falling
2016-07-27,2.0,Falling
2016-07-28,2.0,Falling
2016-07-29,2.0,Falling
2016-07-30,2.0,Falling
2016-07-31,2.0,Falling
2016-08-01,1.99,Falling
2016-08-02,1.99,Falling
2016-08-03,1.99,Falling
2016-08-04,1.99,Low
2016-08-05,1.99,Low
2016-08-06,1.98,Low
2016-08-07,1.98,Low
2016-08-08,2.0,Low
2016-08-09,2.0,Low
2016-08-10,2.0,Low
2016-08-11,2.0,Low
2016-08-12,1.96,Low
2016-08-13,1.93,Low
2016-08-14,1.89,Low
2016-08-15,1.85,Low
2016-08-16,1.82,Low
2016-08-17,1.78,Low
2016-08-18,1.74,Low
2016-08-19,1.71,Low
2016-08-20,1.67,Low
2016-08-21,1.67,Low
2016-08-22,1.66,Low
2016-08-23,1.68,Low
2016-08-24,1.68,Low
2016-08-25,1.69,Low
2016-08-26,1.7,Low
2016-08-27,1.73,Low
2016-08-28,1.74,Low
2016-08-29,1.79,Low
2016-08-30,1.82,Low
2016-08-31,1.96,Low
2016-09-01,1.98,Low
2016-09-02,1.99,Low
2016-09-03,2.0,Low
2016-09-04,2.0,Low
2016-09-05,1.98,Low
2016-09-06,1.94,Low
2016-09-07,1.9,Low
2016-09-08,1.85,Low
2016-09-09,1.8,Low
2016-09-10,1.75,Low
2016-09-11,1.7,Low
2016-09-12,1.66,Low
2016-09-13,1.64,Low
2016-09-14,1.63,Low
2016-09-15,1.61,Low
2016-09-16,1.91,Low
2016-09-17,1.91,Low
2016-09-18,1.92,Low
2016-09-19,1.92,Low
2016-09-20,1.9,Low
2016-09-21,1.89,Low
2016-09-22,1.89,Low
2016-09-23,1.86,Low
2016-09-24,1.83,Low
2016-09-25,1.81,Low
2016-09-26,1.79,Low
2016-09-27,1.79,Low
2016-09-28,1.79,Low
2016-09-29,1.76,Low
2016-09-30,1.78,Low
2016-10-01,1.76,Low
2016-10-02,1.73,Low
2016-10-03,1.72,Low
2016-10-04,1.72,Low
2016-10-05,1.71,Low
2016-10-06,1.73,Low
2016-10-07,1.73,Low
2016-10-08,1.76,Low
2016-10-09,1.76,Low
2016-10-10,1.79,Low
2016-10-11,1.79,Low
2016-10-12,1.89,Low
2016-10-13,1.88,Low
2016-10-14,1.86,Low
2016-10-15,1.85,Low
2016-10-16,1.83,Low
2016-10-17,1.82,Low
2016-10-18,1.81,Low
2016-10-19,1.83,Low
2016-10-20,1.85,Low
2016-10-21,1.87,Low
2016-10-22,1.89,Low
2016-10-23,1.98,Low
2016-10-24,1.96,Low
2016-10-25,1.95,Low
2016-10-26,1.94,Low
2016-10-27,1.92,Low
2016-10-28,1.91,Low
2016-10-29,1.89,Low
2016-10-30,1.88,Low
2016-10-31,1.92,Low
2016-11-01,1.86,Low
2016-11-02,1.86,Low
2016-11-03,1.85,Low
2016-11-04,1.84,Low
2016-11-05,1.81,Low
2016-11-06,1.77,Low
2016-11-07,1.75,Rising
2016-11-08,1.73,Falling
2016-11-09,1.78,Rising
2016-11-10,1.89,Rising
2016-11-11,1.89,Rising
2016-11-12,1.9,Rising
2016-11-13,1.9,Rising
2016-11-14,1.92,Rising
2016-11-15,1.94,Rising
2016-11-16,1.94,Rising
2016-11-17,1.94,Rising
2016-11-18,1.95,Rising
2016-11-19,1.96,Rising
2016-11-20,1.97,Rising
2016-11-21,1.98,Rising
2016-11-22,1.98,Rising
2016-11-23,1.99,Rising
2016-11-24,2.0,Rising
2016-11-25,2.01,Rising
2016-11-26,2.04,Rising
2016-11-27,2.05,Rising
2016-11-28,2.06,Rising
2016-11-29,2.08,Rising
2016-11-30,2.1,Rising
2016-12-01,2.1,Rising
2016-12-02,2.11,Rising
2016-12-03,2.12,Rising
2016-12-04,2.12,Rising
2016-12-05,2.13,Rising
2016-12-06,2.13,Rising
2016-12-07,2.15,Rising
2016-12-08,2.15,Rising
2016-12-09,2.16,Rising
2016-12-10,2.17,Rising
2016-12-11,2.18,Rising
2016-12-12,2.19,Rising
2016-12-13,2.2,Rising
2016-12-14,2.21,Rising
2016-12-15,2.22,Rising
2016-12-16,2.24,Rising
2016-12-17,2.25,Rising
2016-12-18,2.28,Rising
2016-12-19,2.3,Rising
2016-12-20,2.35,Rising
2016-12-21,2.37,Rising
2016-12-22,2.41,Rising
2016-12-23,2.43,Rising
2016-12-24,2.46,Rising
2016-12-25,2.47,Rising
2016-12-26,2.48,Rising
2016-12-27,2.49,Rising
2016-12-28,2.5,Rising
2016-12-29,2.51,Rising
2016-12-30,2.52,Rising
2016-12-31,2.53,Rising
2017-01-01,2.53,Rising
2017-01-02,2.54,Rising
2017-01-03,2.55,Rising
2017-01-04,2.55,Rising
2017-01-05,2.56,Rising
2017-01-06,2.57,Rising
2017-01-07,2.58,Rising
2017-01-08,2.6,Rising
2017-01-09,2.61,Rising
2017-01-10,2.62,Rising
2017-01-11,2.63,Rising
2017-01-12,2.64,Rising
2017-01-13,2.65,Rising
2017-01-14,2.66,Rising
2017-01-15,2.68,Rising
2017-01-16,2.68,Rising
2017-01-17,2.69,Rising
2017-01-18,2.7,Rising
2017-01-19,2.72,Rising
2017-01-20,2.73,Rising
2017-01-21,2.75,Rising
2017-01-22,2.76,Rising
2017-01-23,2.79,Rising
2017-01-24,2.81,Rising
2017-01-25,2.83,Rising
2017-01-26,2.87,Rising
2017-01-27,2.92,Rising
2017-01-28,2.97,Rising
2017-01-29,2.99,Rising
2017-01-30,3.02,Rising
2017-01-31,3.02,Rising
2017-02-01,3.11,Rising
2017-02-02,3.14,Rising
2017-02-03,3.19,High
2017-02-04,3.26,High
2017-02-05,3.38,High
2017-02-06,3.47,High
2017-02-07,3.54,High
2017-02-08,3.61,High
2017-02-09,3.68,High
2017-02-10,3.76,High
2017-02-11,3.84,High
2017-02-12,3.93,High
2017-02-13,3.99,High
2017-02-14,4.0,High
2017-02-15,4.05,High
2017-02-16,4.02,High
2017-02-17,4.06,High
2017-02-18,4.25,High
2017-02-19,4.47,High
2017-02-20,4.81,High
2017-02-21,4.91,High
2017-02-22,4.96,High
2017-02-23,4.97,High
2017-02-24,4.97,High
2017-02-25,4.89,High
2017-02-26,4.81,High
2017-02-27,4.48,High
2017-02-28,4.47,High
2017-03-01,4.58,High
2017-03-02,4.51,High
2017-03-03,4.46,High
2017-03-04,4.42,High
2017-03-05,4.37,High
2017-03-06,4.32,High
2017-03-07,4.26,High
2017-03-08,4.2,High
2017-03-09,4.17,High
2017-03-10,4.09,High
2017-03-11,4.03,High
2017-03-12,3.88,High
2017-03-13,3.82,High
2017-03-14,3.76,High
2017-03-15,3.73,High
2017-03-16,3.73,High
2017-03-17,3.77,High
2017-03-18,3.98,High
2017-03-19,4.54,High
2017-03-20,4.79,High
2017-03-21,4.88,High
2017-03-22,4.79,High
2017-03-23,4.69,High
2017-03-24,4.57,High
2017-03-25,4.4,High
2017-03-26,4.33,High
2017-03-27,4.15,High
2017-03-28,4.11,High
2017-03-29,4.1,High
2017-03-30,4.11,High
2017-03-31,4.11,High
2017-04-01,4.18,High
2017-04-02,4.21,High
2017-04-03,4.31,High
2017-04-04,4.42,High
2017-04-05,4.45,High
2017-04-06,4.42,High
2017-04-07,4.37,High
2017-04-08,4.18,High
2017-04-09,4.08,High
2017-04-10,3.94,High
2017-04-11,3.83,High
2017-04-12,3.76,High
2017-04-13,3.74,High
2017-04-14,3.71,High
2017-04-15,3.68,High
2017-04-16,3.66,High
2017-04-17,3.83,High
2017-04-18,3.75,High
2017-04-19,3.66,High
2017-04-20,3.59,High
2017-04-21,3.56,High
2017-04-22,3.54,High
2017-04-23,3.52,High
2017-04-24,3.48,High
2017-04-25,3.47,High
2017-04-26,3.46,High
2017-04-27,3.45,High
2017-04-28,3.44,High
2017-04-29,3.43,High
2017-04-30,3.42,High
2017-05-01,3.39,High
2017-05-02,3.37,High
2017-05-03,3.34,High
2017-05-04,3.33,High
2017-05-05,3.32,High
2017-05-06,3.29,Falling
2017-05-07,3.28,Falling
2017-05-08,3.27,Falling
2017-05-09,3.25,Falling
2017-05-10,3.23,Falling
2017-05-11,3.19,Falling
2017-05-12,3.15,Falling
2017-05-13,3.13,Falling
2017-05-14,3.1,Falling
2017-05-15,3.06,Falling
2017-05-16,3.01,Falling
2017-05-17,2.97,Falling
2017-05-18,2.95,Falling
2017-05-19,2.9,Falling
2017-05-20,2.85,Falling
2017-05-21,2.81,Falling
2017-05-22,2.77,Falling
2017-05-23,2.76,Falling
2017-05-24,2.76,Falling
2017-05-25,2.75,Falling
2017-05-26,2.74,Falling
2017-05-27,2.73,Falling
2017-05-28,2.72,Falling
2017-05-29,2.7,Falling
2017-05-30,2.69,Falling
2017-05-31,2.66,Falling
2017-06-01,2.66,Falling
2017-06-02,2.65,Falling
2017-06-03,2.65,Falling
2017-06-04,2.64,Falling
2017-06-05,2.63,Falling
2017-06-06,2.62,Falling
2017-06-07,2.6,Falling
2017-06-08,2.59,Falling
2017-06-09,2.58,Falling
2017-06-10,2.55,Falling
2017-06-11,2.53,Falling
2017-06-12,2.52,Falling
2017-06-13,2.49,Falling
2017-06-14,2.48,Falling
2017-06-15,2.46,Falling
2017-06-16,2.46,Falling
2017-06-17,2.43,Falling
2017-06-18,2.43,Falling
2017-06-19,2.42,Falling
2017-06-20,2.4,Falling
2017-06-21,2.39,Falling
2017-06-22,2.38,Falling
2017-06-23,2.36,Falling
2017-06-24,2.36,Falling
2017-06-25,2.34,Falling
2017-06-26,2.29,Falling
2017-06-27,2.26,Falling
2017-06-28,2.26,Falling
2017-06-29,2.24,Falling
2017-06-30,2.22,Falling
2017-07-01,2.08,Falling
2017-07-02,1.98,Falling
2017-07-03,1.9,Falling
2017-07-04,1.92,Falling
2017-07-05,1.91,Falling
2017-07-06,1.9,Falling
2017-07-07,1.9,Falling
2017-07-08,1.9,Falling
2017-07-09,1.89,Falling
2017-07-10,1.89,Falling
2017-07-11,1.88,Falling
2017-07-12,1.88,Falling
2017-07-13,1.87,Falling
2017-07-14,1.87,Falling
2017-07-15,1.86,Low
2017-07-16,1.86,Low
2017-07-17,1.85,Low
2017-07-18,1.85,Low
2017-07-19,1.85,Low
2017-07-20,1.84,Low
2017-07-21,1.84,Low
2017-07-22,1.84,Low
2017-07-23,1.83,Low
2017-07-24,1.83,Low
2017-07-25,1.83,Low
2017-07-26,1.83,Low
2017-07-27,1.82,Low
2017-07-28,1.82,Low
2017-07-29,1.81,Low
2017-07-30,1.8,Low
2017-07-31,1.8,Low
2017-08-15,1.83,Rising
2017-08-16,1.88,Rising
2017-08-17,1.93,Rising
2017-08-18,2.01,Rising
2017-08-19,2.13,Rising
2017-08-20,2.21,Rising
2017-08-21,2.19,Rising
2017-08-22,2.18,Rising
2017-08-23,2.15,Falling
2017-08-24,2.14,Falling
2017-08-25,2.11,Falling
2017-08-26,2.04,Falling
2017-08-27,1.93,Falling
2017-08-28,1.9,Falling
2017-08-29,1.89,Falling
2017-08-30,1.89,Falling
2017-08-31,1.86,Falling
2017-09-01,1.86,Low
2017-09-02,1.86,Low
2017-09-03,1.84,Low
2017-09-04,1.82,Low
2017-09-05,1.82,Low
2017-09-06,1.81,Low
2017-10-16,1.69,Low
2017-10-17,1.69,Low
2017-10-18,1.69,Low
2017-10-19,1.69,Low
2017-10-20,1.7,Low
2017-10-21,1.7,Low
2017-10-22,1.71,Low
2017-10-23,1.71,Low
2017-10-24,1.71,Low
2017-10-25,1.69,Low
2017-10-26,1.69,Low
2017-10-27,1.68,Low
2017-10-28,1.69,Low
2017-10-29,1.69,Low
2017-10-30,1.69,Low
2017-10-31,1.69,Low
2017-11-01,1.69,Low
2017-11-02,1.71,Low
2017-11-03,1.72,Low
2017-11-04,1.72,Low
2017-11-05,1.74,Low
2017-11-06,1.78,Low
2017-11-07,1.79,Low
2017-11-08,1.79,Low
2017-11-09,2.0,Low
2017-11-10,2.04,Low
2017-11-11,2.09,Low
2017-11-12,2.13,Low
2017-11-13,2.17,Low
2017-11-14,2.19,Low
2017-11-15,2.2,Low
2017-11-16,2.21,Low
2017-11-17,2.21,Rising
2017-11-18,2.21,Rising
2017-11-19,2.22,Rising
2017-11-20,2.22,Rising
2017-11-21,2.23,Rising
2017-11-22,2.23,Rising
2017-11-23,2.24,Rising
2017-11-24,2.25,Rising
2017-11-25,2.25,Rising
2017-11-26,2.25,Rising
2017-11-27,2.25,Rising
2017-11-28,2.26,Rising
2017-11-29,2.27,Rising
2017-11-30,2.27,Rising
2017-12-01,2.27,Rising
2017-12-02,2.28,Rising
2017-12-03,2.28,Rising
2017-12-04,2.28,Rising
2017-12-05,2.29,Rising
2017-12-06,2.29,Rising
2017-12-07,2.29,Rising
2017-12-08,2.3,Rising
2017-12-09,2.31,Rising
2017-12-10,2.32,Rising
2017-12-11,2.32,Rising
2017-12-12,2.33,Rising
2017-12-13,2.34,Rising
2017-12-14,2.34,Rising
2017-12-15,2.36,Rising
2017-12-16,2.36,Rising
2017-12-17,2.38,Rising
2017-12-18,2.39,Rising
2017-12-19,2.42,Rising
2017-12-20,2.44,Rising
2017-12-21,2.44,Rising
2017-12-22,2.47,Rising
2017-12-23,2.48,Rising
2017-12-24,2.5,Rising
2017-12-25,2.53,Rising
2017-12-26,2.55,Rising
2017-12-27,2.58,Rising
2017-12-28,2.61,Rising
2017-12-29,2.66,Rising
2017-12-30,2.71,Rising
2017-12-31,2.77,Rising
2018-01-01,2.84,Rising
2018-01-02,2.85,Rising
2018-01-03,2.87,Rising
2018-01-04,2.86,Rising
2018-01-05,2.82,Rising
2018-01-06,2.75,Rising
2018-01-07,2.93,Rising
2018-01-08,3.03,Rising
2018-01-09,3.02,Rising
2018-01-10,3.0,Rising
2018-01-11,3.01,Rising
2018-01-12,3.1,Rising
2018-01-13,3.22,Rising
2018-01-14,3.32,Rising
2018-01-15,3.77,Rising
2018-01-16,4.08,Rising
2018-01-17,4.15,Rising
2018-01-18,4.2,Rising
2018-01-19,4.24,Rising
2018-01-20,4.35,Rising
2018-01-21,4.44,Rising
2018-01-22,4.42,Rising
2018-01-23,4.3,Rising
2018-01-24,4.13,Rising
2018-01-25,3.95,High
2018-01-26,3.72,High
2018-01-27,3.56,High
2018-01-28,3.43,High
2018-01-29,3.3,High
2018-01-30,3.22,High
2018-01-31,3.19,High
2018-02-01,3.15,High
2018-02-02,3.43,High
2018-02-03,3.63,High
2018-02-04,3.8,High
2018-02-05,3.91,High
2018-02-06,4.08,High
2018-02-07,4.07,High
2018-02-08,4.1,High
2018-02-09,4.23,High
2018-02-10,4.35,High
2018-02-11,4.27,High
2018-02-12,4.19,High
2018-02-13,4.25,High
2018-02-14,4.37,High
2018-02-15,4.47,High
2018-02-16,4.47,High
2018-02-17,4.43,High
2018-02-18,4.4,High
2018-02-19,4.36,High
2018-02-20,4.31,High
2018-02-21,4.28,High
2018-02-22,4.24,High
2018-02-23,4.23,High
2018-02-24,4.21,High
2018-02-25,4.19,High
2018-02-26,4.15,High
2018-02-27,4.14,High
2018-02-28,4.12,High
2018-03-01,4.09,High
2018-03-02,4.13,High
2018-03-03,4.17,High
2018-03-04,4.24,High
2018-03-05,4.23,High
2018-03-06,4.21,High
2018-03-07,4.18,High
2018-03-08,4.1,High
2018-03-09,3.75,High
2018-03-10,3.68,High
2018-03-11,3.6,High
2018-03-12,3.68,High
2018-03-13,3.75,High
2018-03-14,3.75,Falling
2018-03-15,3.73,Falling
2018-03-16,3.64,Falling
2018-03-17,3.59,Falling
2018-03-18,3.54,Falling
2018-03-19,3.47,Rising
2018-03-20,3.42,Rising
2018-03-21,3.38,Rising
2018-03-22,3.36,Rising
2018-03-23,3.23,Rising
2018-03-24,3.18,Rising
2018-03-25,3.17,Rising
2018-03-26,3.14,Rising
2018-03-27,3.13,Rising
2018-03-28,3.15,Rising
2018-03-29,3.24,High
2018-03-30,3.38,High
2018-03-31,3.4,High
2018-04-01,3.76,High
2018-04-02,4.21,High
2018-04-03,4.35,High
2018-04-04,4.41,High
2018-04-05,4.42,High
2018-04-06,4.44,High
2018-04-07,4.42,High
2018-04-08,4.4,High
2018-04-09,4.42,High
2018-04-10,4.2,High
2018-04-11,3.99,High
2018-04-12,3.97,High
2018-04-13,3.94,High
2018-04-14,3.93,High
2018-04-15,3.93,High
2018-04-16,3.92,High
2018-04-17,3.89,High
2018-04-18,3.87,High
2018-04-19,3.88,High
2018-04-20,3.79,High
2018-04-21,3.74,Falling
2018-04-22,3.7,Falling
2018-04-23,3.68,Falling
2018-04-24,3.64,Falling
2018-04-25,3.57,Falling
2018-04-26,3.55,Falling
2018-04-27,3.49,Falling
2018-04-28,3.44,Falling
2018-04-29,3.41,Falling
2018-04-30,3.35,Falling
2018-05-01,3.25,Falling
2018-05-02,2.89,Falling
2018-05-03,2.76,Falling
2018-05-04,2.73,Falling
2018-05-05,2.72,Falling
2018-05-06,2.67,Falling
2018-05-07,2.65,Falling
2018-05-08,2.63,Falling
2018-05-09,2.62,Falling
2018-05-10,2.59,Falling
2018-05-11,2.58,Falling
2018-05-12,2.56,Falling
2018-05-13,2.54,Falling
2018-05-14,2.5,Falling
2018-05-15,2.49,Falling
2018-05-16,2.47,Falling
2018-05-17,2.45,Falling
2018-05-18,2.41,Falling
2018-05-19,2.37,Falling
2018-05-20,2.34,Falling
2018-05-21,2.29,Falling
2018-05-22,2.25,Falling
2018-05-23,2.23,Falling
2018-05-24,2.2,Falling
2018-05-25,2.19,Falling
2018-05-26,2.17,Falling
2018-05-27,2.16,Falling
2018-05-28,2.16,Falling
2018-05-29,2.15,Falling
2018-05-30,2.15,Falling
2018-05-31,2.15,Falling
2018-06-01,2.13,Falling
2018-06-02,2.12,Falling
2018-06-03,2.11,Falling
2018-06-04,2.11,Falling
2018-06-05,2.1,Falling
2018-06-06,2.09,Falling
2018-06-07,2.08,Low
2018-06-08,2.07,Low
2018-06-09,2.06,Low
2018-06-10,2.04,Low
2018-06-11,2.02,Low
2018-06-12,2.01,Low
2018-10-16,1.74,Low
2018-10-17,1.76,Low
2018-10-18,1.74,Low
2018-10-19,1.74,Low
2018-10-20,1.77,Low
2018-10-21,1.72,Low
2018-10-22,1.74,Low
2018-10-23,1.76,Low
2018-10-24,1.8,Low
2018-10-25,1.78,Low
2018-10-26,1.84,Low
2018-10-27,1.92,Low
2018-10-28,1.94,Low
2018-10-29,2.01,Low
2018-10-30,1.92,Low
2018-10-31,1.9,Low
2018-11-01,1.89,Low
2018-11-02,1.96,Low
2018-11-03,1.97,Rising
2018-11-04,1.97,Rising
2018-11-05,2.02,Rising
2018-11-06,2.05,Rising
2018-11-07,2.06,Rising
2018-11-08,2.13,Rising
2018-11-09,2.16,Rising
2018-11-10,2.19,Rising
2018-11-11,2.2,Rising
2018-11-12,2.19,Rising
2018-11-13,2.21,Rising
2018-11-14,2.23,Rising
2018-11-15,2.24,Rising
2018-11-16,2.28,Rising
2018-11-17,2.29,Rising
2018-11-18,2.31,Rising
2018-11-19,2.42,Rising
2018-11-20,2.45,Rising
2018-11-21,2.47,Rising
2018-11-22,2.5,Rising
2018-11-23,2.53,Rising
2018-11-24,2.58,Rising
2018-11-25,2.64,Rising
2018-11-26,2.72,Rising
2018-11-27,2.81,Rising
2018-11-28,2.86,Rising
2018-11-29,2.93,Rising
2018-11-30,2.98,Rising
2018-12-01,3.06,Rising
2018-12-02,3.12,Rising
2018-12-03,3.16,Rising
2018-12-04,3.08,Rising
2018-12-05,3.0,Falling
2018-12-06,3.0,Falling
2018-12-07,3.04,Falling
2018-12-08,3.0,Falling
2018-12-09,2.94,Falling
2018-12-10,2.84,Falling
2018-12-11,2.84,Falling
2018-12-12,2.72,Falling
2018-12-13,2.7,Falling
2018-12-14,2.66,Falling
2018-12-15,2.58,Falling
2018-12-16,2.53,Falling
2018-12-17,2.51,Falling
2018-12-18,2.43,Falling
2018-12-19,2.4,Falling
2018-12-20,2.39,Falling
2018-12-21,2.39,Falling
2018-12-22,2.44,Falling
2018-12-23,2.45,Falling
2018-12-24,2.47,Falling
2018-12-25,2.48,Falling
2018-12-26,2.5,Falling
2018-12-27,2.51,Falling
2018-12-28,2.53,Falling
2018-12-29,2.55,Falling
2018-12-30,2.56,Rising
2018-12-31,2.57,Rising
2019-01-01,2.57,Rising
2019-01-02,2.58,Rising
2019-01-03,2.58,Rising
2019-01-04,2.58,Rising
2019-01-05,2.59,Rising
2019-01-06,2.59,Rising
2019-01-07,2.6,Rising
2019-01-08,2.61,Rising
2019-01-09,2.63,Rising
2019-01-10,2.64,Rising
2019-01-11,2.65,Rising
2019-01-12,2.66,Rising
2019-01-13,2.67,Rising
2019-01-14,2.69,Rising
2019-01-15,2.73,Rising
2019-01-16,2.76,Rising
2019-01-17,2.79,Rising
2019-01-18,2.85,Rising
2019-01-19,2.89,Rising
2019-01-20,2.96,Rising
2019-01-21,2.99,Rising
2019-01-22,2.99,Rising
2019-01-23,2.98,Rising
2019-01-24,2.92,Rising
2019-01-25,2.89,Rising
2019-01-26,2.86,Falling
2019-01-27,2.82,Falling
2019-01-28,2.79,Falling
2019-01-29,2.78,Falling
2019-01-30,2.78,Falling
2019-01-31,2.76,Falling
2019-02-01,2.73,Falling
2019-02-02,2.72,Falling
2019-02-03,2.7,Falling
2019-02-04,2.68,Falling
2019-02-05,2.67,Falling
2019-02-06,2.65,Falling
2019-02-07,2.64,Falling
2019-02-08,2.63,Falling
2019-02-09,2.63,Falling
2019-02-10,2.62,Falling
2019-02-11,2.61,Falling
2019-02-12,2.6,Falling
2019-02-13,2.61,Rising
2019-02-14,2.62,Rising
2019-02-15,2.62,Rising
2019-02-16,2.64,Rising
2019-02-17,2.65,Rising
2019-02-18,2.67,Rising
2019-02-19,2.69,Rising
2019-02-20,2.71,Rising
2019-02-21,2.73,Rising
2019-02-22,2.74,Rising
2019-02-23,2.76,Rising
2019-02-24,2.78,Rising
2019-02-25,2.79,Rising
2019-02-26,2.8,Rising
2019-02-27,2.82,Rising
2019-02-28,2.85,Rising
2019-03-01,2.9,Rising
2019-03-02,2.94,Rising
2019-03-03,2.96,Rising
2019-03-04,2.99,High
2019-03-05,3.03,High
2019-03-06,3.12,High
2019-03-07,3.19,High
2019-03-08,3.3,High
2019-03-09,3.38,High
2019-03-10,3.44,High
2019-03-11,3.46,High
2019-03-12,3.48,High
2019-03-13,3.44,High
2019-03-14,3.42,High
2019-03-15,3.41,High
2019-03-16,3.36,High
2019-03-17,3.33,High
2019-03-18,3.3,High
2019-03-19,3.27,High
2019-03-20,3.25,High
2019-03-21,3.22,High
2019-03-22,3.22,High
2019-03-23,3.25,High
2019-03-24,3.25,High
2019-03-25,3.23,High
2019-03-26,3.24,High
2019-03-27,3.24,High
2019-03-28,3.19,High
2019-03-29,3.11,High
2019-03-30,3.05,High
2019-03-31,2.97,High
2019-04-01,2.92,High
2019-04-02,2.85,High
2019-04-03,3.79,High
2019-04-04,3.81,High
2019-04-05,3.86,High
2019-04-06,3.9,High
2019-04-07,3.96,High
2019-04-08,4.11,High
2019-04-09,3.98,High
2019-04-10,3.9,High
2019-04-11,3.8,High
2019-04-12,3.75,High
2019-04-13,3.72,High
2019-04-14,3.56,High
2019-04-15,3.25,High
2019-04-16,3.22,High
2019-04-17,3.31,High
2019-04-18,3.41,High
2019-04-19,3.44,High
2019-04-20,3.42,High
2019-04-21,3.4,High
2019-04-22,3.34,High
2019-04-23,3.29,High
2019-04-24,3.25,High
2019-04-25,3.22,High
2019-04-26,3.22,High
2019-04-27,3.21,High
2019-04-28,3.23,High
2019-04-29,3.24,High
2019-04-30,3.24,High
2019-05-01,3.24,High
2019-05-02,3.26,High
2019-05-03,3.29,High
2019-05-04,3.32,High
2019-05-05,3.33,High
2019-05-06,3.33,High
2019-05-07,3.33,High
2019-05-08,3.33,High
2019-05-09,3.3,High
2019-05-10,3.25,High
2019-05-11,3.22,High
2019-05-12,3.2,High
2019-05-13,3.16,High
2019-05-14,3.14,High
2019-05-15,3.13,High
2019-05-16,3.13,High
2019-05-17,3.13,High
2019-05-18,3.12,High
2019-05-19,3.12,High
2019-05-20,3.1,High
2019-05-21,3.08,High
2019-05-22,3.06,Falling
2019-05-23,3.02,Falling
2019-05-24,2.99,Falling
2019-05-25,2.98,Falling
2019-05-26,2.94,Falling
2019-05-27,2.92,Falling
2019-05-28,2.89,Falling
2019-05-29,2.85,Falling
2019-05-30,2.84,Falling
2019-05-31,2.82,Falling
2019-06-01,2.81,Falling
2019-06-02,2.8,Falling
2019-06-03,2.76,Falling
2019-06-04,2.74,Falling
2019-06-05,2.74,Falling
2019-06-06,2.73,Falling
2019-06-07,2.71,Falling
2019-06-08,2.68,Falling
2019-06-09,2.65,Falling
2019-06-10,2.62,Falling
2019-06-11,2.59,Falling
2019-06-12,2.56,Falling
2019-06-13,2.54,Falling
2019-06-14,2.51,Falling
2019-06-15,2.5,Falling
2019-06-16,2.48,Falling
2019-06-17,2.46,Falling
2019-06-18,2.44,Falling
2019-06-19,2.41,Falling
2019-06-20,2.38,Falling
2019-06-21,2.35,Falling
2019-06-22,2.31,Falling
2019-06-23,2.26,Falling
2019-06-24,2.24,Falling
2019-06-25,2.21,Falling
2019-06-26,2.15,Falling
2019-06-27,2.13,Falling
2019-06-28,2.1,Falling
2019-06-29,2.04,Falling
2019-06-30,1.99,Falling
2019-07-01,1.98,Falling
2019-07-02,1.98,Falling
2019-07-03,1.98,Falling
2019-07-04,1.97,Falling
2019-07-05,1.97,Falling
2019-07-06,1.97,Falling
2019-07-07,1.96,Falling
2019-07-08,1.96,Falling
2019-07-09,1.96,Falling
2019-07-10,1.95,Low
2019-07-11,1.95,Low
2019-07-12,1.95,Low
2019-07-13,1.95,Low
2019-07-14,1.95,Low
2019-07-15,1.94,Low
2019-07-16,1.94,Low
2019-07-17,1.93,Low
2019-07-18,1.93,Low
2019-07-19,1.92,Low
2019-07-20,1.92,Low
2019-07-21,1.91,Low
2019-07-22,1.91,Low
2019-07-23,1.91,Low
2019-07-24,1.91,Low
2019-07-25,1.9,Low
2019-07-26,1.9,Low
2019-07-27,1.9,Low
2019-07-28,1.89,Low
2019-07-29,1.89,Low
2019-07-30,1.89,Low
2019-07-31,1.89,Low
2019-08-01,1.88,Low
2019-08-02,1.88,Low
2019-08-03,1.87,Low
2019-08-04,1.87,Low
2019-08-05,1.86,Low
2019-08-06,1.85,Low
2019-08-07,1.84,Low
2019-08-08,1.83,Low
2019-08-09,1.82,Low
2019-08-10,1.81,Low
2019-08-11,1.81,Low
2019-08-12,1.8,Low
2019-08-13,1.79,Low
2019-08-14,1.78,Low
2019-08-15,1.78,Low
2019-08-16,1.78,Low
2019-08-17,1.77,Low
2019-08-18,1.76,Low
2019-08-19,1.75,Low
2019-08-20,1.75,Low
2019-08-21,1.74,Low
2019-08-22,1.73,Low
2019-08-23,1.73,Low
2019-08-24,1.72,Low
2019-08-25,1.72,Low
2019-08-26,1.72,Low
2019-08-27,1.71,Low
2019-08-28,1.7,Low
2019-08-29,1.69,Low
2019-08-30,1.69,Low
2019-08-31,1.68,Low
2019-09-01,1.68,Falling
2019-09-02,1.68,Falling
2019-09-03,1.66,Falling
2019-09-04,1.65,Falling
2019-09-05,1.64,Falling
2019-09-06,1.64,Falling
2019-09-07,1.63,Falling
2019-09-08,1.63,Falling
2019-09-09,1.63,Falling
2019-09-10,1.62,Falling
2019-09-11,1.62,Falling
2019-09-12,1.6,Falling
2019-09-13,1.6,Falling
2019-09-14,1.6,Rising
2019-09-15,1.6,Rising
2019-09-16,1.6,Rising
2019-09-17,1.6,Rising
2019-09-18,1.62,Rising
2019-09-19,1.62,Rising
2019-09-20,1.6,Rising
2019-09-21,1.6,Rising
2019-09-22,1.61,Rising
2019-09-23,1.61,Rising
2019-09-24,1.59,Rising
2019-09-25,1.59,Rising
2019-09-26,1.59,Rising
2019-09-27,1.6,Rising
2019-09-28,1.96,Rising
2019-09-29,1.96,Rising
2019-09-30,1.9,Rising
2020-02-01,0.8,Low
2020-02-02,0.84,Low
2020-02-03,0.89,Low
2020-02-04,0.94,Low
2020-02-05,0.97,Rising
2020-02-06,1.06,Rising
2020-02-07,1.14,Rising
2020-02-08,1.22,Rising
2020-02-09,1.3,Rising
2020-02-10,1.42,Rising
2020-02-11,1.63,Rising
2020-02-12,2.04,Rising
2020-02-13,2.32,Rising
2020-02-14,2.4,Rising
2020-02-15,2.48,Rising
2020-02-16,2.5,Rising
2020-02-17,2.5,Rising
2020-02-18,2.51,Rising
2020-02-19,2.56,Rising
2020-02-20,2.61,Rising
2020-02-21,2.65,Rising
2020-02-22,2.73,Rising
2020-02-23,2.79,Rising
2020-02-24,2.82,Rising
2020-02-25,2.87,Rising
2020-02-26,3.52,Rising
2020-02-27,3.85,Rising
2020-02-28,4.7,High
2020-02-29,4.94,High
2020-03-01,4.7,High
2020-03-02,4.03,High
2020-03-03,3.81,High
2020-03-04,3.59,High
2020-03-05,3.51,High
2020-03-06,3.45,High
2020-03-07,3.29,High
2020-03-08,3.26,High
2020-03-09,3.2,High
2021-03-24,3.12,High
2021-03-25,3.52,High
2021-03-26,4.05,High
2021-03-27,4.12,High
2021-03-28,4.08,High
2021-03-29,4.02,High
2021-03-30,3.94,High
2021-03-31,3.82,High
2021-04-01,3.64,High
2021-04-02,3.52,High
2021-04-03,3.19,High
2021-04-04,3.01,High
2021-04-16,3.1,Falling
2021-04-17,3.22,Falling
2021-04-18,3.33,Falling
2021-04-19,3.28,Falling
2021-04-20,3.18,Falling
2021-04-21,3.1,Falling
2021-09-01,1.42,Low
2021-09-02,1.42,Low
2021-09-03,1.42,Low
2021-09-04,1.44,Low
2021-09-05,1.45,Low
2021-09-06,1.47,Low
2021-09-07,1.47,Low
2021-09-08,1.47,Low
2021-09-09,1.47,Low
2021-09-10,1.46,Low
2021-09-11,1.44,Low
2021-09-12,1.44,Low
2021-09-13,1.44,Low
2021-09-14,1.44,Low
2021-09-15,1.45,Low
2021-09-16,1.46,Low
2021-09-17,1.47,Low
2021-09-18,1.47,Low
2021-09-19,1.48,Low
2021-09-20,1.48,Low
2021-09-21,1.47,Low
2021-09-22,1.45,Low
2021-09-23,1.42,Low
2021-09-24,1.42,Low
2021-09-25,1.42,Low
2021-09-26,1.42,Low
2021-09-27,1.45,Low
2021-09-28,1.45,Low
2021-09-29,1.45,Low
2021-09-30,1.48,Low
2021-10-01,1.48,Low
2021-10-02,1.44,Low
2021-10-03,1.44,Low
2021-10-04,1.44,Low
2021-10-05,1.43,Low
2021-10-06,1.43,Low
2021-10-07,1.45,Low
2021-10-08,1.45,Low
2021-10-09,1.46,Low
2021-10-10,1.46,Low
2021-10-11,1.48,Low
2021-10-12,1.48,Low
2021-10-13,1.48,Low
2021-10-14,1.46,Low
2021-10-15,1.44,Low
2021-10-16,1.43,Low
2021-10-17,1.43,Low
2021-10-18,1.49,Low
2021-10-19,1.5,Low
2021-10-20,1.5,Low
2021-10-21,1.5,Low
2021-10-22,1.49,Low
2021-10-23,1.44,Low
2021-10-24,1.44,Low
2021-10-25,1.42,Low
2021-10-26,1.42,Low
2021-10-27,1.45,Low
2021-10-28,1.47,Low
2021-10-29,1.49,Low
2021-10-30,1.48,Low
2021-10-31,1.45,Low
2021-11-01,1.45,Rising
2021-11-02,1.45,Rising
2021-11-03,1.48,Rising
2021-11-04,1.48,Rising
2021-11-05,1.55,Rising
2021-11-06,1.57,Rising
2021-11-07,1.65,Rising
2021-11-08,1.73,Rising
2021-11-09,1.7,Rising
2021-11-10,1.69,Rising
2021-11-11,1.69,Rising
2021-11-12,1.7,Rising
2021-11-13,1.7,Rising
2021-11-14,1.78,Rising
2021-11-15,1.8,Rising
2021-11-16,1.83,Rising
2021-11-17,1.83,Rising
2021-11-18,1.88,Rising
2021-11-19,1.98,Rising
2021-11-20,2.1,Rising
2021-11-21,2.18,Rising
2021-11-22,2.25,Rising
2021-11-23,2.3,Rising
2021-11-24,2.35,Rising
2021-11-25,2.34,Rising
2021-11-26,2.31,Rising
2021-11-27,2.3,Rising
2021-11-28,2.33,Rising
2021-11-29,2.34,Rising
2021-11-30,2.36,Rising
2021-12-01,2.31,Rising
2021-12-02,2.17,Rising
2021-12-03,2.15,Rising
2021-12-04,1.98,Rising
2021-12-05,1.93,Rising
2021-12-06,1.9,Rising
2021-12-07,1.88,Rising
2021-12-08,1.88,Rising
2021-12-09,1.89,Rising
2021-12-10,1.9,Rising
2021-12-11,1.9,Rising
2021-12-12,1.86,Rising
2021-12-13,1.8,Rising
2021-12-14,1.81,Rising
2021-12-15,1.83,Rising
2021-12-16,1.92,Rising
2021-12-17,1.98,Rising
2021-12-18,2.01,Rising
2021-12-19,2.04,Rising
2021-12-20,2.22,Rising
2021-12-21,2.26,Rising
2021-12-22,2.3,Rising
2021-12-23,2.33,Rising
2021-12-24,2.42,Rising
2021-12-25,2.46,Rising
2021-12-26,2.5,Rising
2021-12-27,2.53,Rising
2021-12-28,2.53,Rising
2021-12-29,2.6,Rising
2021-12-30,2.64,Rising
2021-12-31,2.71,Rising
2022-01-01,2.71,Rising
2022-01-02,2.68,Rising
2022-01-03,2.64,Rising
2022-01-04,2.62,Rising
2022-01-05,2.62,Falling
2022-01-06,2.72,Falling
2022-01-07,2.75,Falling
2022-01-08,2.77,Falling
2022-01-09,2.82,Falling
2022-01-10,2.82,Falling
2022-01-11,2.76,Falling
2022-01-12,2.72,Falling
2022-01-13,2.24,Falling
2022-01-14,2.12,Falling
2022-01-15,2.08,Falling
2022-01-16,2.05,Falling
2022-01-17,2.1,Falling
2022-01-18,2.14,Falling
2022-01-19,2.12,Rising
2022-01-20,2.1,Rising
2022-01-21,2.08,Rising
2022-01-22,2.06,Rising
2022-01-23,2.09,Rising
2022-01-24,2.2,Rising
2022-01-25,2.27,High
2022-01-26,2.35,High
2022-01-27,2.44,High
2022-01-28,2.5,High
2022-01-29,2.51,High
2022-01-30,2.55,High
2022-01-31,2.58,High
2022-02-01,2.63,High
2022-02-02,2.72,High
2022-02-03,2.73,High
2022-02-04,2.86,High
2022-02-05,3.78,High
2022-02-06,4.39,High
2022-02-07,4.96,High
2022-02-10,4.89,High
2022-02-11,4.57,High
2022-02-12,4.39,High
2022-02-13,4.24,High
2022-02-14,3.78,High
2022-02-15,3.68,High
2022-02-16,3.62,High
2022-02-17,3.62,High
2022-02-18,3.62,High
2022-02-19,3.56,High
2022-02-20,3.5,High
2022-02-21,3.49,High
2022-02-22,3.44,High
2022-02-23,3.39,High
2022-02-24,3.54,High
2022-02-25,3.86,High
2022-02-26,4.01,High
2022-02-27,4.02,High
2022-02-28,4.04,High
2022-03-01,4.04,High
2022-03-02,4.0,High
2022-03-03,3.9,High
2022-03-04,3.82,High
2022-03-05,3.67,High
2022-03-06,3.55,High
2022-03-07,3.53,High
2022-03-08,3.52,High
2022-03-09,4.04,High
2022-03-10,3.85,High
2022-03-11,3.82,High
2022-03-12,4.0,High
2022-03-13,4.04,High
2022-03-14,4.09,High
2022-03-15,4.14,High
2022-03-16,4.19,High
2022-03-17,4.3,High
2022-03-18,4.37,High
2022-03-19,4.33,High
2022-03-20,4.08,High
2022-03-21,4.01,High
2022-03-22,3.97,High
2022-03-23,3.93,High
2022-03-24,3.86,High
2022-03-25,3.85,High
2022-03-26,3.77,High
2022-03-27,3.68,High
2022-03-28,3.68,High
2022-03-29,3.74,High
2022-03-30,3.72,High
2022-03-31,3.72,High
2022-04-01,3.6,High
2022-04-02,3.52,High
2022-04-03,3.41,High
2022-04-04,3.4,High
2022-04-05,3.48,High
2022-04-06,3.6,High
2022-04-07,3.75,High
2022-04-08,3.79,High
2022-04-09,3.77,High
2022-04-10,3.72,High
2022-04-11,3.7,High
2022-04-12,3.6,High
2022-04-13,3.5,High
2022-04-14,3.2,High
2022-04-15,2.78,High
2022-04-16,2.72,High
2022-04-17,2.65,High
2022-04-18,2.6,High
2022-04-19,2.57,High
2022-04-20,2.52,High
2022-04-21,2.5,High
2022-04-22,2.44,High
2022-04-23,2.36,High
2022-04-24,2.3,Falling
2022-04-25,2.19,Falling
2022-04-26,2.18,Falling
2022-04-27,2.18,Falling
2022-04-28,2.18,Falling
2022-04-29,2.18,Falling
2022-04-30,2.17,Falling
2022-05-01,2.16,Falling
2022-05-02,2.16,Falling
2022-05-03,2.16,Falling
2022-05-04,2.16,Falling
2022-05-05,1.99,Falling
2022-05-06,1.99,Falling
2022-05-07,1.98,Falling
2022-05-08,1.98,Falling
2022-05-09,1.97,Falling
2022-05-10,1.97,Falling
2022-05-11,1.97,Falling
2022-05-12,1.95,Falling
2022-05-13,1.95,Falling
2022-05-14,1.9,Falling
2022-05-15,1.88,Falling
2022-05-16,1.87,Falling
2022-05-17,1.85,Falling
2022-05-18,1.99,Falling
2022-05-19,1.97,Falling
2022-05-20,1.95,Falling
2022-05-21,1.94,Falling
2022-05-22,1.93,Falling
2022-05-23,1.91,Falling
2022-05-24,1.91,Falling
2022-05-25,1.91,Falling
2022-05-26,1.9,Falling
2022-05-27,1.9,Falling
2022-05-28,1.89,Rising
2022-05-29,1.89,Rising
2022-05-30,1.89,Rising
2022-05-31,1.89,Rising
2022-06-01,1.89,Rising
2022-06-02,1.88,Rising
2022-06-03,1.87,Rising
2022-06-04,1.86,Rising
2022-06-05,1.86,Rising
2022-06-06,1.85,Rising
2022-06-07,1.85,Falling
2022-06-08,1.87,Falling
2022-06-09,1.89,Falling
2022-06-10,1.89,Falling
2022-06-11,1.99,Falling
2022-06-12,1.99,Falling
2022-06-13,2.2,Falling
2022-06-14,2.2,Falling
2022-06-15,2.2,Falling
2022-06-16,2.15,Falling
2022-06-17,2.1,Falling
2022-06-18,1.98,Falling
2022-06-19,1.96,Falling
2022-06-20,1.96,Falling
2022-06-21,1.92,Falling
2022-06-22,1.9,Falling
2022-06-23,1.9,Falling
2022-06-24,1.88,Falling
2022-06-25,1.87,Falling
2022-06-26,1.74,Falling
2022-06-27,1.72,Falling
2022-06-28,1.7,Falling
2022-06-29,1.69,Falling
2022-06-30,1.69,Falling
2022-07-01,1.66,Falling
2022-07-02,1.66,Falling
2022-07-03,1.66,Falling
2022-07-04,1.64,Falling
2022-07-05,1.63,Falling
2022-07-06,1.63,Falling
2022-07-07,1.63,Falling
2022-07-08,1.62,Falling
2022-07-09,1.62,Falling
2022-07-10,1.62,Falling
2022-07-11,1.6,Falling
2022-07-12,1.6,Falling
2022-07-13,1.56,Falling
2022-07-14,1.56,Falling
2022-07-15,1.54,Falling
2022-07-16,1.54,Falling
2022-07-17,1.54,Falling
2022-07-18,1.54,Falling
2022-07-19,1.54,Falling
2022-07-20,1.54,Falling
2022-07-21,1.54,Falling
2022-07-22,1.54,Falling
2022-07-23,1.54,Falling
2022-07-24,1.54,Low
2022-07-25,1.54,Low
2022-07-26,1.54,Low
2022-07-27,1.52,Low
2022-07-28,1.52,Low
2022-07-29,1.52,Low
2022-07-30,1.52,Low
2022-07-31,1.52,Low
2022-08-01,1.5,Low
2022-08-02,1.5,Low
2022-08-03,1.48,Low
2022-08-04,1.48,Low
2022-08-05,1.5,Low
2022-08-06,1.5,Low
2022-08-07,1.5,Low
2022-08-08,1.5,Low
2022-08-09,1.5,Low
2022-08-10,1.52,Low
2022-08-11,1.57,Low
2022-08-12,1.67,Low
2022-08-13,1.64,Low
2022-08-14,1.6,Low
2022-08-15,1.58,Low
2022-08-16,1.54,Low
2022-08-17,1.54,Low
2022-08-18,1.54,Low
2022-08-19,1.54,Low
2022-08-20,1.54,Low
2022-08-21,1.54,Low
2022-08-22,1.5,Low
2022-08-23,1.52,Low
2022-08-24,1.52,Low
2022-08-25,1.53,Low
2022-08-26,1.5,Low
2022-08-27,1.47,Low
2022-08-28,1.47,Low
2022-08-29,1.47,Low
2022-08-30,1.45,Low
2022-08-31,1.45,Low
2022-09-01,1.48,Low
2022-09-02,1.48,Low
2022-09-03,1.44,Low
2022-09-04,1.44,Low
2022-09-05,1.44,Low
2022-09-06,1.44,Low
2022-09-07,1.44,Low
2022-09-08,1.43,Low
2022-09-09,1.42,Low
2022-09-10,1.42,Low
2022-09-11,1.4,Low
2022-09-12,1.46,Low
2022-09-13,1.46,Low
2022-09-14,1.44,Low
2022-09-15,1.42,Low
2022-09-16,1.42,Low
2022-09-17,1.42,Low
2022-09-18,1.44,Low
2022-09-19,1.44,Low
2022-09-20,1.44,Low
2022-09-21,1.43,Low
2022-09-22,1.43,Low
2022-09-23,1.42,Low
2022-09-24,1.42,Low
2022-09-25,1.42,Low
2022-09-26,1.42,Low
2022-09-27,1.46,Low
2022-09-28,1.48,Low
2022-09-29,1.48,Low
2022-09-30,1.52,Low
2022-10-01,1.54,Low
2022-10-02,1.63,Low
2022-10-03,1.63,Low
2022-10-04,1.52,Low
2022-10-05,1.54,Low
2022-10-06,1.54,Low
2022-10-07,1.57,Low
2022-10-08,1.57,Low
2022-10-09,1.6,Low
2022-10-10,1.63,Rising
2022-10-11,1.63,Rising
2022-10-12,1.63,Rising
2022-10-13,1.7,Rising
2022-10-14,1.7,Rising
2022-10-15,1.74,Rising
2022-10-16,1.79,Rising
2022-10-17,1.83,Rising
2022-10-18,1.8,Falling
2022-10-19,1.79,Falling
2022-10-20,1.76,Rising
2022-10-21,1.76,Falling
2022-10-22,1.76,Falling
2022-10-23,1.76,Falling
2022-10-24,1.72,Falling
2022-10-25,1.7,Falling
2022-10-26,1.68,Falling
2022-10-27,1.68,Falling
2022-10-28,1.65,Falling
2022-10-29,1.63,Falling
2022-10-30,1.61,Low
2022-10-31,1.61,Low
2022-11-01,1.58,Low
2022-11-02,1.58,Low
2022-11-03,1.57,Low
2022-11-04,1.54,Low
2022-11-05,1.51,Low
2022-11-06,1.49,Low
2022-11-07,1.48,Low
2022-11-08,1.46,Low
2022-11-09,1.46,Low
2022-11-10,1.46,Low
2022-11-11,1.48,Low
2022-11-12,1.48,Low
2022-11-13,1.48,Low
2022-11-14,1.48,Low
2022-11-15,1.48,Low
2022-11-16,1.48,Low
2022-11-17,1.46,Low
2022-11-18,1.48,Low
2022-11-19,1.48,Low
2022-11-20,1.48,Low
2022-11-21,1.51,Low
2022-11-22,1.58,Low
2022-11-23,1.58,Low
2022-11-24,1.62,Low
2022-11-25,1.7,Low
2022-11-26,1.68,Low
2022-11-27,1.68,Low
2022-11-28,1.61,Low
2023-02-01,2.18,Rising
2023-02-02,2.39,Rising
2023-02-03,2.5,Rising
2023-02-04,2.6,Rising
2023-02-05,2.67,Rising
2023-02-06,2.68,Rising
2023-02-07,2.74,Rising
2023-02-08,2.79,Rising
2023-02-09,2.8,Rising
2023-02-10,2.84,Rising
2023-02-11,2.81,Rising
2023-02-12,2.8,Rising
2023-02-13,2.79,Rising
2023-02-14,2.78,Rising
2023-02-15,2.77,Rising
2023-02-16,2.77,Rising
2023-02-17,2.75,Rising
2023-02-18,2.75,Rising
2023-02-19,2.73,Rising
2023-02-20,2.73,Rising
2023-02-21,2.84,Rising
2023-02-22,2.88,Rising
2023-02-23,2.95,Rising
2023-02-24,2.96,Rising
2023-02-25,2.96,Rising
2023-02-26,2.96,Rising
2023-02-27,2.96,Rising
2023-02-28,2.96,Rising
2023-03-01,3.01,Rising
2023-03-02,3.05,Rising
2023-03-03,3.05,Rising
2023-03-04,3.1,Rising
2023-03-05,3.1,High
2023-03-06,3.14,High
2023-03-07,3.14,High
2023-03-08,3.17,High
2023-03-09,3.17,High
2023-03-10,3.17,High
2023-03-11,3.18,High
2023-03-12,3.19,High
2023-03-13,3.2,High
2023-03-14,3.15,High
2023-03-15,3.15,High
2023-03-16,3.02,High
2023-03-17,3.4,High
2023-03-18,3.59,High
2023-03-19,3.85,High
2023-03-20,3.37,High
2023-03-21,3.45,High
2023-03-22,3.59,High
2023-03-23,3.7,High
2023-03-24,3.92,High
2023-04-01,4.29,High
2023-04-02,4.1,High
2023-04-03,3.88,High
2023-04-04,3.82,High
2023-04-05,3.74,High
2023-04-06,3.69,High
2023-04-07,3.59,High
2023-04-08,3.59,High
2023-04-09,3.59,High
2023-04-10,3.71,High
2023-04-11,3.71,High
2023-04-12,3.71,High
2023-04-13,3.77,High
2023-04-14,3.77,High
2023-04-15,3.79,High
2023-04-16,3.88,High
2023-04-17,3.88,High
2023-04-18,3.89,High
2023-04-19,3.99,High
2023-04-20,3.99,High
2023-04-21,3.98,High
2023-04-22,3.97,High
2023-04-23,3.97,High
2023-04-24,3.95,High
2023-04-25,3.95,High
2023-04-26,3.94,High
2023-04-27,3.92,High
2023-04-28,3.9,High
2023-04-29,3.9,High
2023-04-30,3.9,High
2023-05-01,4.85,High
2023-05-02,4.52,High
2023-05-03,4.36,High
2023-05-04,4.36,High
2023-05-05,4.36,High
2023-05-06,4.28,High
2023-05-07,4.27,High
2023-05-08,4.21,High
2023-05-09,4.08,High
2023-05-10,4.02,High
2023-05-11,3.61,High
2023-05-12,3.61,High
2023-05-13,3.5,High
2023-05-14,3.49,High
2023-05-15,3.48,High
2023-05-16,3.47,High
2023-05-17,3.45,High
2023-05-18,3.41,High
2023-05-19,3.37,High
2023-05-20,3.3,High
2023-05-21,3.26,High
2023-05-22,2.83,High
2023-05-23,2.81,High
2023-05-24,2.81,Falling
2023-05-25,2.78,Falling
2023-05-26,2.78,Falling
2023-05-27,2.74,Falling
2023-05-28,2.72,Falling
2023-05-29,2.72,Falling
2023-05-30,2.67,Falling
2023-05-31,2.67,Falling
2023-06-01,2.4,Falling
2023-06-02,2.43,Falling
2023-06-03,2.47,Falling
2023-06-04,2.48,Falling
2023-06-05,2.59,Falling
2023-06-06,2.59,Falling
2023-06-07,2.59,Falling
2023-06-08,2.48,Falling
2023-06-09,2.46,Falling
2023-06-10,2.46,Falling
2023-06-11,2.42,Falling
2023-06-12,2.42,Falling
2023-06-13,2.39,Falling
2023-06-14,2.34,Falling
2023-06-15,2.26,Falling
2023-06-16,2.2,Falling
2023-06-17,2.14,Falling
2023-06-18,2.14,Falling
2023-06-19,2.11,Falling
2023-06-20,2.1,Falling
2023-06-21,2.06,Falling
2023-06-22,2.06,Falling
2023-06-23,2.04,Falling
2023-06-24,2.01,Falling
2023-06-25,2.01,Falling
2023-06-26,1.99,Falling
2023-06-27,1.99,Falling
2023-06-28,1.99,Falling
2023-06-29,1.99,Falling
2023-06-30,1.99,Falling
2023-07-01,1.99,Falling
2023-07-02,1.99,Falling
2023-07-03,1.99,Falling
2023-07-04,1.99,Falling
2023-07-05,1.99,Falling
2023-07-06,1.99,Falling
2023-07-07,1.99,Falling
2023-07-08,1.99,Falling
2023-07-09,1.99,Falling
2023-07-10,1.99,Falling
2023-07-11,1.99,Falling
2023-07-12,1.99,Falling
2023-07-13,1.99,Falling
2023-07-14,1.98,Falling
2023-07-15,1.95,Falling
2023-07-16,1.91,Falling
2023-07-17,1.88,Falling
2023-07-18,1.85,Falling
2023-07-19,1.81,Falling
2023-07-20,1.78,Falling
2023-07-21,1.74,Falling
2023-07-22,1.73,Falling
2023-07-23,1.75,Falling
2023-07-24,1.76,Falling
2023-07-25,1.76,Falling
2023-07-26,1.76,Falling
2023-07-27,1.74,Falling
2023-07-28,1.74,Falling
2023-07-29,1.72,Falling
2023-07-30,1.68,Falling
2023-07-31,1.68,Falling
2023-08-01,1.68,Falling
2023-08-02,1.68,Falling
2023-08-03,1.68,Falling
2023-08-04,1.66,Falling
2023-08-05,1.66,Falling
2023-08-06,1.64,Falling
2023-08-07,1.64,Falling
2023-08-08,1.64,Falling
2023-08-09,1.63,Falling
2023-08-10,1.63,Falling
2023-08-11,1.63,Falling
2023-08-12,1.62,Falling
2023-08-13,1.62,Falling
2023-08-14,1.62,Falling
2023-08-15,1.62,Falling
2023-08-16,1.62,Falling
2023-08-17,1.63,Falling
2023-08-18,1.63,Falling
2023-08-19,1.63,Falling
2023-08-20,1.64,Falling
2023-08-21,1.64,Falling
2023-08-22,1.64,Falling
2023-08-23,1.65,Low
2023-08-24,1.65,Low
2023-08-25,1.63,Low
2023-08-26,1.63,Low
2023-08-27,1.63,Low
2023-08-28,1.63,Low
2023-08-29,1.63,Low
2023-08-30,1.63,Low
2023-08-31,1.63,Low
2023-09-01,1.63,Falling
2023-09-02,1.63,Falling
2023-09-03,1.62,Falling
2023-09-04,1.62,Falling
2023-09-05,1.62,Falling
2023-09-06,1.62,Falling
2023-09-07,1.6,Falling
2023-09-08,1.6,Falling
2023-09-09,1.6,Falling
2023-09-10,1.6,Falling
2023-09-11,1.59,Falling
2023-09-12,1.59,Falling
2023-09-13,1.57,Falling
2023-09-14,1.57,Falling
2023-09-15,1.57,Falling
2023-09-16,1.55,Falling
2023-09-17,1.55,Falling
2023-09-18,1.55,Falling
2023-09-19,1.55,Falling
2023-09-20,1.55,Falling
2023-09-21,1.52,Falling
2023-09-22,1.52,Falling
2023-09-23,1.52,Falling
2023-09-24,1.56,Falling
2023-09-25,1.56,Falling
2023-09-26,1.58,Falling
2023-09-27,1.58,Falling
2023-09-28,1.58,Falling
2023-09-29,1.6,Falling
2023-09-30,1.6,Falling
2023-10-01,1.6,Falling
2023-10-02,1.6,Falling
2023-10-03,1.6,Falling
2023-10-04,1.6,Falling
2023-10-05,1.6,Falling
2023-10-06,1.58,Falling
2023-10-07,1.58,Rising
2023-10-08,1.58,Rising
2023-10-09,1.57,Rising
2023-10-10,1.57,Falling
2023-10-11,1.57,Falling
2023-10-12,1.57,Falling
2023-10-13,1.54,Falling
2023-10-14,1.54,Falling
2023-10-15,1.54,Falling
2023-10-16,1.54,Falling
2023-10-17,1.54,Falling
2023-10-18,1.54,Falling
2023-10-19,1.53,Falling
2023-10-20,1.53,Falling
2023-10-21,1.53,Falling
2023-10-22,1.53,Falling
2023-10-23,1.53,Falling
2023-10-24,1.53,Falling
2023-10-25,1.53,Falling
2023-10-26,1.52,Falling
2023-10-27,1.52,Low
2023-10-28,1.52,Low
2023-10-29,1.52,Low
2023-10-30,1.52,Low
2023-10-31,1.52,Low
2023-11-01,1.5,Low
2023-11-02,1.5,Low
2023-11-03,1.48,Low
2023-11-04,1.48,Low
2023-11-05,1.48,Low
2023-11-06,1.45,Low
2023-11-07,1.45,Low
2023-11-08,1.42,Low
2023-11-09,1.42,Low
2023-11-10,1.42,Low
2023-11-11,1.42,Low
2023-11-12,1.4,Low
2023-11-13,1.4,Low
2023-11-14,1.4,Low
2023-11-15,1.41,Low
2023-11-16,1.41,Low
2023-11-17,1.41,Low
2023-11-18,1.43,Low
2023-11-19,1.43,Low
2023-11-20,1.46,Low
2023-11-21,1.46,Low
2023-11-22,1.46,Low
2023-11-23,1.46,Low
2023-11-24,1.47,Low
2023-11-25,1.47,Low
2023-11-26,1.49,Low
2023-11-27,1.49,Low
2023-11-28,1.49,Low
2023-11-29,1.49,Rising
2023-11-30,1.49,Rising
2023-12-01,1.49,Rising
2023-12-02,1.49,Rising
2023-12-03,1.5,Rising
2023-12-04,1.52,Rising
2023-12-05,1.52,Rising
2023-12-06,1.54,Rising
2023-12-07,1.57,Rising
2023-12-08,1.6,Rising
2023-12-09,1.64,Rising
2023-12-10,1.67,Rising
2023-12-11,1.7,Rising
2023-12-12,1.73,Rising
2023-12-13,1.77,Rising
2023-12-14,1.8,Rising
2023-12-15,1.83,Rising
2023-12-16,1.86,Rising
2023-12-17,1.9,Rising
2023-12-18,1.93,Rising
2023-12-19,1.96,Rising
2023-12-20,1.99,Rising
2023-12-21,2.03,Rising
2023-12-22,2.06,Rising
2023-12-23,2.09,Rising
2023-12-24,2.13,Rising
2023-12-25,2.16,Rising
2023-12-26,2.18,Rising
2023-12-27,2.2,Rising
2023-12-28,2.2,Rising
2023-12-29,2.22,Rising
2023-12-30,2.22,Rising
2023-12-31,2.22,Rising
2024-03-11,2.2,High
2024-03-12,2.24,High
2024-03-13,2.28,High
2024-03-14,2.31,High
2024-03-15,2.38,High
2024-03-16,2.38,High
2024-03-17,2.27,High
2024-03-18,2.27,High
2024-03-19,2.27,High
2024-03-20,2.21,High
2024-03-21,2.21,High
2024-03-22,2.18,High
2024-03-23,2.18,High
2024-03-24,2.18,High
2024-03-25,2.15,High
2024-03-26,2.15,High
2024-03-27,2.2,High
2024-03-28,2.2,High
2024-03-29,2.28,High
2024-03-30,2.32,High
2024-03-31,2.32,High
2024-04-01,2.4,High
2024-04-02,2.44,High
2024-04-03,2.47,High
2024-04-04,2.45,High
2024-04-05,2.42,High
2024-04-06,2.42,High
2024-04-07,2.42,High
2024-04-08,2.42,High
2024-04-09,2.42,High
2024-04-10,2.44,High
2024-04-11,2.44,High
2024-04-12,2.44,High
2024-04-13,2.46,High
2024-04-14,2.46,High
2024-04-15,2.46,High
2024-04-16,2.48,High
2024-04-17,2.68,High
2024-04-18,2.68,High
2024-04-19,2.68,High
2024-04-20,2.74,High
2024-04-21,2.76,High
2024-04-22,2.78,High
2024-04-23,2.78,High
2024-04-24,2.78,High
2024-04-25,2.8,High
2024-04-26,2.82,High
2024-04-27,2.84,High
2024-04-28,2.84,High
2024-04-29,2.86,High
2024-04-30,2.86,High
2024-08-08,1.36,Low
2024-08-09,1.37,Low
2024-08-10,1.37,Low
2024-08-11,1.36,Low
2024-08-12,1.36,Low
2024-08-13,1.36,Low
2024-08-14,1.36,Low
2024-08-15,1.36,Low
2024-08-16,1.47,Low
2024-08-17,1.4,Low
2024-08-18,1.36,Low
2024-08-19,1.36,Low
2024-08-20,1.36,Low
2024-08-21,1.36,Low
2024-08-22,1.36,Low
2024-08-23,1.36,Low
2024-08-24,1.4,Low
2024-08-25,1.36,Low
2024-08-26,1.37,Low
2024-08-27,1.37,Low
2024-08-28,1.35,Low
2024-08-29,1.36,Low
2024-08-30,1.34,Low
2024-08-31,1.38,Low
2024-09-01,1.4,Low
2024-09-02,1.42,Low
2024-09-03,1.42,Low
2024-09-04,1.36,Low
2024-09-05,1.34,Low
2024-09-06,1.39,Low
2024-09-07,1.38,Low
2024-09-08,1.36,Low
2024-09-09,1.37,Low
2024-09-10,1.37,Low
2024-09-11,1.39,Low
2024-09-12,1.39,Low
2024-09-13,1.36,Low
2024-09-14,1.36,Low
2024-09-15,1.4,Low
2024-09-16,1.4,Low
2024-09-17,1.36,Low
2024-09-18,1.36,Low
2024-09-19,1.3,Low
2024-09-20,1.3,Low
2024-09-21,1.26,Low
2024-09-22,1.27,Low
2024-09-23,1.27,Low
2024-09-24,1.28,Low
2024-09-25,1.28,Low
2024-09-26,1.28,Low
2024-09-27,1.3,Low
2024-09-28,1.3,Low
2024-09-29,1.38,Low
2024-09-30,1.38,Low
2024-10-01,1.38,Low
2024-10-02,1.37,Low
2024-10-03,1.4,Low
2024-10-04,1.41,Low
2024-10-05,1.38,Low
2024-10-06,1.4,Low
2024-10-07,1.41,Low
2024-10-08,1.41,Low
2024-10-09,1.44,Low
2024-10-10,1.44,Low
2024-10-11,1.44,Low
2024-10-12,1.45,Low
2024-10-13,1.42,Low
2024-10-14,1.41,Low
2024-10-15,1.34,Low
2024-10-16,1.35,Low
2024-10-17,1.37,Low
2024-10-18,1.45,Low
2024-10-19,1.48,Low
2024-10-20,1.46,Low
2024-10-21,1.48,Low
2024-10-22,1.47,Low
2024-10-23,1.44,Low
2024-10-24,1.44,Low
2024-10-25,1.34,Low
2024-10-26,1.36,Low
2024-10-27,1.55,Low
2024-10-28,1.6,Low
2024-10-29,1.65,Low
2024-10-30,1.67,Low
2024-10-31,1.67,Low
2024-11-01,1.69,Low
2024-11-02,1.68,Rising
2024-11-03,1.54,Rising
2024-11-04,1.55,Rising
2024-11-05,1.67,Rising
2024-11-06,1.67,Rising
2024-11-07,1.68,Rising
2024-11-08,1.88,Rising
2024-11-09,1.99,Rising
2024-11-10,2.0,Rising
2024-11-11,2.24,Rising
2024-11-12,2.38,Rising
2024-11-13,2.38,Rising
2024-11-14,2.38,Rising
2024-11-15,2.4,Rising
2024-11-16,2.4,Rising
2024-11-17,2.4,Rising
2024-11-18,2.42,Rising
2024-11-19,2.42,Rising
2024-11-20,2.42,Rising
2024-11-21,2.43,Rising
2024-11-22,2.43,Rising
2024-11-23,2.45,Rising
2024-11-24,2.45,Rising
2024-11-25,2.45,Rising
2024-11-26,2.45,Rising
2024-11-27,2.42,Rising
2024-11-28,2.42,Rising
2024-11-29,2.42,Rising
2024-11-30,2.42,Rising
2024-12-01,2.43,Falling
2024-12-02,2.43,Falling
2024-12-03,2.42,Falling
2024-12-04,2.42,Falling
2024-12-05,2.42,Falling
2024-12-06,2.4,Falling
2024-12-07,2.4,Falling
2024-12-08,2.4,Falling
2024-12-09,2.4,Falling
2024-12-10,2.4,Falling
2024-12-11,2.4,Falling
2024-12-12,2.39,Falling
2024-12-13,2.39,Falling
2024-12-14,2.39,Falling
2024-12-15,2.39,Rising
2024-12-16,2.39,Rising
2024-12-17,2.38,Rising
2024-12-18,2.38,Rising
2024-12-19,2.38,Rising
2024-12-20,2.38,Rising
2024-12-21,2.38,Rising
2024-12-22,2.38,Rising
2024-12-23,2.38,Rising
2025-01-01,2.45,Rising
2025-01-02,2.47,Rising
2025-01-03,2.47,Rising
2025-01-04,2.47,Rising
2025-01-05,2.48,Rising
2025-01-06,2.49,Rising
2025-01-07,2.49,Rising
2025-01-08,2.51,Rising
2025-01-09,2.51,Rising
2025-01-10,2.51,Rising
2025-01-11,2.53,Rising
2025-01-12,2.53,Rising
2025-01-13,2.53,Rising
2025-01-14,2.53,Rising
2025-01-15,2.56,Rising
2025-01-16,2.56,Rising
2025-01-17,2.58,Rising
2025-01-18,2.58,Rising
2025-01-19,2.58,Rising
2025-01-20,2.59,Rising
2025-01-21,2.63,Rising
2025-01-22,2.63,Rising
2025-01-23,2.63,Rising
2025-01-24,2.63,Rising
2025-01-25,2.66,Rising
2025-01-26,2.67,Rising
2025-01-27,2.77,Rising
2025-01-28,2.77,Rising
2025-01-29,2.73,High
2025-01-30,2.75,High
2025-01-31,2.77,High
2025-02-01,2.79,High
2025-02-02,2.85,High
2025-02-03,2.88,High
2025-02-04,2.88,High
2025-02-05,2.92,High
2025-02-06,3.04,High
2025-02-07,3.06,High
2025-02-08,3.1,High
2025-02-09,3.12,High
2025-02-10,3.12,High
2025-02-11,3.16,High
2025-02-12,3.19,High
2025-02-13,3.19,High
2025-02-14,3.23,High
2025-02-15,3.25,High
2025-02-16,3.25,High
2025-02-17,3.27,High
2025-02-18,3.27,High
2025-02-19,3.34,High
2025-02-20,3.34,High
2025-02-21,3.37,High
2025-02-22,3.42,High
2025-02-23,3.44,High
2025-02-24,3.49,High
2025-02-25,3.53,High
2025-02-26,3.57,High
2025-02-27,3.62,High
2025-02-28,3.62,High
2025-03-01,3.7,High
2025-03-02,3.73,High
2025-03-03,3.79,High
2025-03-04,3.93,High
2025-03-05,4.12,High
2025-03-06,4.25,High
2025-03-07,4.33,High
2025-03-08,4.41,High
2025-03-09,4.47,High
2025-03-10,4.51,High
2025-03-11,4.51,High
2025-03-12,4.51,High
2025-03-13,4.53,High
2025-03-14,4.55,High
2025-03-15,4.55,High
2025-03-16,4.58,High
2025-03-17,4.61,High
2025-03-18,4.64,High
2025-03-19,4.69,High
2025-03-20,4.73,High
2025-03-21,4.75,High
2025-03-22,4.78,High
2025-03-23,4.78,High
2025-03-24,4.78,High
2025-03-25,4.72,High
2025-03-26,4.7,High
2025-03-27,4.68,High
2025-03-28,4.42,High
2025-03-29,4.4,High
2025-03-30,3.98,High
2025-03-31,3.84,High
2025-05-01,2.88,Falling
2025-05-02,2.87,Falling
2025-05-03,2.87,Falling
2025-05-04,2.84,Falling
2025-05-05,2.82,Falling
2025-05-06,2.79,Falling
2025-05-07,2.79,Falling
2025-05-08,2.79,Falling
2025-05-09,2.75,Falling
2025-05-10,2.72,Falling
2025-05-11,2.69,Falling
2025-05-12,2.69,Falling
2025-05-13,2.69,Falling
2025-05-14,2.66,Falling
2025-05-15,2.66,Falling
2025-05-16,2.66,Falling
2025-05-17,2.62,Falling
2025-05-18,2.62,Falling
2025-05-19,2.6,Falling
2025-05-20,2.58,Falling
2025-05-21,2.58,Falling
2025-05-22,2.56,Falling
2025-05-23,2.55,Falling
2025-05-24,2.55,Falling
2025-05-25,2.52,Falling
2025-05-26,2.5,Falling
2025-05-27,2.46,Falling
2025-05-28,2.46,Falling
2025-05-29,2.42,Falling
2025-05-30,2.4,Falling
2025-05-31,2.4,Falling
2025-06-01,2.38,Falling
2025-06-02,2.36,Falling
2025-06-03,2.32,Falling
2025-06-04,2.32,Falling
2025-06-05,2.32,Falling
2025-06-06,2.3,Falling
2025-06-07,2.3,Falling
2025-06-08,2.17,Falling
2025-06-09,2.17,Falling
2025-06-10,2.17,Falling
2025-06-11,2.12,Falling
2025-06-12,2.12,Falling
2025-06-13,2.1,Falling
2025-06-14,2.1,Falling
2025-06-15,2.07,Falling
2025-06-16,2.07,Falling
2025-06-17,2.07,Falling
2025-06-18,2.03,Falling
2025-06-19,1.97,Falling
2025-06-20,1.97,Falling
2025-06-21,1.95,Falling
2025-06-22,1.95,Falling
2025-06-23,1.92,Falling
2025-06-24,1.92,Falling
2025-06-25,1.92,Falling
2025-06-26,1.89,Falling
2025-06-27,1.89,Falling
2025-06-28,1.86,Falling
2025-06-29,1.86,Falling
2025-06-30,1.86,Falling
2025-07-01,1.86,Falling
2025-07-02,1.84,Falling
2025-07-03,1.84,Falling
2025-07-04,1.84,Falling
2025-07-05,1.82,Falling
2025-07-06,1.82,Falling
2025-07-07,1.8,Falling
2025-07-08,1.8,Falling
2025-07-09,1.8,Falling
2025-07-10,1.8,Falling
2025-07-11,1.79,Falling
2025-07-12,1.79,Falling
2025-07-13,1.77,Falling
2025-07-14,1.76,Falling
2025-07-15,1.76,Falling
2025-07-16,1.74,Falling
2025-07-17,1.74,Falling
2025-07-18,1.74,Falling
2025-07-19,1.72,Falling
2025-07-20,1.72,Falling
2025-07-21,1.72,Falling
2025-07-22,1.72,Low
2025-07-23,1.68,Low
2025-07-24,1.68,Low
2025-07-25,1.66,Low
2025-07-26,1.66,Low
2025-07-27,1.62,Low
2025-07-28,1.62,Low
2025-07-29,1.62,Low
2025-07-30,1.6,Low
2025-07-31,1.6,Low
