data,wse,phase
1969-01-18,2.94,High
1969-01-19,2.94,High
1969-01-20,2.91,High
1969-01-21,2.89,High
1969-01-22,2.86,High
1969-01-23,2.82,High
1969-01-24,2.82,High
1969-01-25,2.81,High
1969-01-26,2.81,High
1969-01-27,2.84,High
1969-01-28,2.9,High
1969-01-29,2.97,High
1969-01-30,3.04,High
1969-01-31,3.14,High
1969-02-01,3.2,High
1969-02-02,3.28,High
1969-02-03,3.35,High
1969-02-04,3.42,High
1969-02-05,3.51,High
1969-02-06,3.57,High
1969-02-07,3.62,High
1969-02-08,3.65,High
1969-02-09,3.68,High
1969-02-10,3.73,High
1969-02-11,3.74,High
1969-02-12,3.73,High
1969-02-13,3.75,High
1969-02-14,3.71,High
1969-02-15,3.64,High
1969-02-16,3.54,High
1969-02-17,3.44,High
1969-02-18,3.35,High
1969-02-19,3.27,High
1969-02-20,3.2,High
1969-02-21,3.15,High
1969-02-22,3.11,High
1969-02-23,3.08,High
1969-02-24,3.05,High
1969-02-25,3.01,High
1969-02-26,2.97,High
1969-02-27,2.93,High
1969-02-28,2.88,High
1969-03-01,2.83,High
1969-03-02,2.8,High
1969-03-03,2.78,High
1969-03-04,2.79,High
1969-03-05,2.82,High
1969-03-06,2.84,High
1969-03-07,2.84,High
1969-03-08,2.82,High
1969-03-09,2.8,High
1969-03-10,2.78,High
1969-03-11,2.74,High
1969-03-12,2.66,High
1969-03-13,2.59,High
1969-03-14,2.53,High
1969-03-15,2.48,High
1969-03-16,2.44,High
1969-03-17,2.43,High
1969-03-18,2.41,Falling
1969-03-19,2.46,Falling
1969-03-20,2.44,Falling
1969-03-21,2.42,Falling
1969-03-22,2.42,Falling
1969-03-23,2.45,Falling
1969-03-24,2.49,Falling
1969-03-25,2.52,Falling
1969-03-26,2.53,Falling
1969-03-27,2.55,Falling
1969-03-28,2.58,Falling
1969-03-29,2.59,Falling
1969-03-30,2.59,Falling
1969-03-31,2.6,Falling
1969-04-01,2.6,Falling
1969-04-02,2.6,Falling
1969-04-03,2.6,Falling
1969-04-04,2.6,Falling
1969-04-05,2.59,Falling
1969-04-06,2.57,Falling
1969-04-07,2.55,Falling
1969-04-08,2.52,Falling
1969-04-09,2.48,Falling
1969-04-10,2.43,Falling
1969-04-11,2.39,Falling
1969-04-12,2.37,Falling
1969-04-13,2.36,Falling
1969-04-14,2.36,Falling
1969-04-15,2.36,Falling
1969-04-16,2.38,Falling
1969-04-17,2.39,Falling
1969-04-18,2.38,Falling
1969-04-19,2.38,Falling
1969-04-20,2.37,Falling
1969-04-21,2.36,Falling
1969-04-22,2.35,Falling
1969-04-23,2.33,Falling
1969-04-24,2.31,Falling
1969-04-25,2.27,Falling
1969-04-26,2.22,Falling
1969-04-27,2.18,Falling
1969-04-28,2.16,Falling
1969-04-29,2.13,Falling
1969-04-30,2.12,Falling
1969-05-01,2.12,Falling
1969-05-02,2.11,Falling
1969-05-03,2.11,Falling
1969-05-04,2.11,Falling
1969-05-05,2.12,Falling
1969-05-06,2.13,Falling
1969-05-07,2.14,Falling
1969-05-08,2.17,Falling
1969-05-09,2.19,Falling
1969-05-10,2.21,Falling
1969-05-11,2.22,Falling
1969-05-12,2.24,Falling
1969-05-13,2.25,Falling
1969-05-14,2.25,Falling
1969-05-15,2.24,Falling
1969-05-16,2.23,Falling
1969-05-17,2.21,Falling
1969-05-18,2.2,Falling
1969-05-19,2.18,Falling
1969-05-20,2.16,Falling
1969-05-21,2.13,Falling
1969-05-22,2.1,Falling
1969-05-23,2.07,Falling
1969-05-24,2.03,Falling
1969-05-25,1.99,Falling
1969-05-26,1.96,Falling
1969-05-27,1.94,Falling
1969-05-28,1.91,Falling
1969-05-29,1.89,Falling
1969-05-30,1.89,Falling
1969-05-31,1.88,Falling
1969-06-01,1.87,Falling
1969-06-02,1.86,Falling
1969-06-03,1.84,Falling
1969-06-04,1.84,Falling
1969-06-05,1.83,Falling
1969-06-06,1.82,Falling
1969-06-07,1.81,Falling
1969-06-08,1.81,Falling
1969-06-09,1.8,Falling
1969-06-10,1.8,Falling
1969-06-11,1.79,Falling
1969-06-12,1.79,Falling
1969-06-13,1.78,Falling
1969-06-14,1.78,Falling
1969-06-15,1.77,Falling
1969-06-16,1.76,Falling
1969-06-17,1.76,Falling
1969-06-18,1.75,Falling
1969-06-19,1.74,Falling
1969-06-20,1.74,Falling
1969-06-21,1.73,Falling
1969-06-22,1.73,Falling
1969-06-23,1.73,Falling
1969-06-24,1.73,Falling
1969-06-25,1.73,Falling
1969-06-26,1.73,Falling
1969-06-27,1.73,Falling
1969-06-28,1.73,Falling
1969-06-29,1.72,Falling
1969-06-30,1.72,Falling
1969-07-01,1.71,Falling
1969-07-02,1.71,Falling
1969-07-03,1.71,Falling
1969-07-04,1.7,Falling
1969-07-05,1.7,Falling
1969-07-06,1.69,Falling
1969-07-07,1.69,Falling
1969-07-08,1.68,Falling
1969-07-09,1.68,Falling
1969-07-10,1.67,Low
1969-07-11,1.67,Low
1969-07-12,1.67,Low
1969-07-13,1.67,Low
1969-07-14,1.68,Low
1969-07-15,1.68,Low
1969-07-16,1.68,Low
1969-07-17,1.68,Low
1969-07-18,1.68,Low
1969-07-19,1.68,Low
1969-07-20,1.67,Low
1969-07-21,1.67,Low
1969-07-22,1.66,Low
1969-07-23,1.66,Low
1969-07-24,1.65,Low
1969-07-25,1.64,Low
1969-07-26,1.64,Low
1969-07-27,1.63,Low
1969-07-28,1.63,Low
1969-07-29,1.62,Low
1969-07-30,1.62,Low
1969-07-31,1.61,Low
1969-08-01,1.6,Low
1969-08-02,1.6,Low
1969-08-03,1.6,Low
1969-08-04,1.6,Low
1969-08-05,1.6,Low
1969-08-06,1.6,Low
1969-08-07,1.6,Low
1969-08-08,1.6,Low
1969-08-09,1.6,Low
1969-08-10,1.61,Low
1969-08-11,1.61,Low
1969-08-12,1.61,Low
1969-08-13,1.61,Low
1969-08-14,1.6,Low
1969-08-15,1.6,Low
1969-08-16,1.6,Low
1969-08-17,1.59,Low
1969-08-18,1.58,Low
1969-08-19,1.58,Low
1969-08-20,1.57,Low
1969-08-21,1.57,Low
1969-08-22,1.56,Low
1969-08-23,1.57,Low
1969-08-24,1.57,Low
1969-08-25,1.57,Low
1969-08-26,1.56,Low
1969-08-27,1.56,Low
1969-08-28,1.56,Low
1969-08-29,1.56,Low
1969-08-30,1.56,Low
1969-08-31,1.56,Low
1969-09-01,1.56,Low
1969-09-02,1.56,Low
1969-09-03,1.55,Low
1969-09-04,1.55,Low
1969-09-05,1.55,Low
1969-09-06,1.55,Low
1969-09-07,1.55,Low
1969-09-08,1.53,Low
1969-09-09,1.53,Low
1969-09-10,1.53,Low
1969-09-11,1.53,Low
1969-09-12,1.53,Low
1969-09-13,1.54,Low
1969-09-14,1.54,Low
1969-09-15,1.54,Low
1969-09-16,1.54,Low
1969-09-17,1.54,Low
1969-09-18,1.54,Low
1969-09-19,1.55,Low
1969-09-20,1.55,Low
1969-09-21,1.55,Low
1969-09-22,1.55,Low
1969-09-23,1.56,Low
1969-09-24,1.57,Low
1969-09-25,1.58,Low
1969-09-26,1.58,Low
1969-09-27,1.57,Low
1969-09-28,1.56,Low
1969-09-29,1.55,Low
1969-09-30,1.54,Low
1969-10-01,1.54,Low
1969-10-02,1.54,Low
1969-10-03,1.54,Rising
1969-10-04,1.54,Rising
1969-10-05,1.55,Rising
1969-10-06,1.56,Rising
1969-10-07,1.57,Rising
1969-10-08,1.58,Rising
1969-10-09,1.59,Rising
1969-10-10,1.61,Rising
1969-10-11,1.62,Rising
1969-10-12,1.64,Rising
1969-10-13,1.65,Rising
1969-10-14,1.67,Rising
1969-10-15,1.67,Rising
1969-10-16,1.66,Rising
1969-10-17,1.68,Rising
1969-10-18,1.67,Rising
1969-10-19,1.65,Rising
1969-10-20,1.65,Rising
1969-10-21,1.66,Rising
1969-10-22,1.68,Rising
1969-10-23,1.68,Rising
1969-10-24,1.66,Rising
1969-10-25,1.64,Rising
1969-10-26,1.63,Rising
1969-10-27,1.63,Rising
1969-10-28,1.63,Rising
1969-10-29,1.63,Rising
1969-10-30,1.62,Rising
1969-10-31,1.62,Rising
1969-11-01,1.62,Rising
1969-11-02,1.61,Rising
1969-11-03,1.62,Rising
1969-11-04,1.62,Rising
1969-11-05,1.62,Rising
1969-11-06,1.61,Rising
1969-11-07,1.61,Rising
1969-11-08,1.62,Rising
1969-11-09,1.65,Rising
1969-11-10,1.7,Rising
1969-11-11,1.72,Rising
1969-11-12,1.74,Rising
1969-11-13,1.77,Rising
1969-11-14,1.78,Rising
1969-11-15,1.78,Rising
1969-11-16,1.76,Rising
1969-11-17,1.78,Rising
1969-11-18,1.79,Rising
1969-11-19,1.82,Rising
1969-11-20,1.84,Rising
1969-11-21,1.89,Rising
1969-11-22,1.91,Rising
1969-11-23,1.92,Rising
1969-11-24,1.92,Rising
1969-11-25,1.92,Rising
1969-11-26,1.93,Rising
1969-11-27,1.93,Rising
1969-11-28,1.93,Rising
1969-11-29,1.92,Rising
1969-11-30,1.92,Rising
1969-12-01,1.93,Rising
1969-12-02,1.93,Rising
1969-12-03,1.94,Rising
1969-12-04,1.94,Rising
1969-12-05,1.93,Rising
1969-12-06,1.9,Rising
1969-12-07,1.88,Rising
1969-12-08,1.86,Rising
1969-12-09,1.86,Rising
1969-12-10,1.87,Rising
1969-12-11,1.87,Rising
1969-12-12,1.87,Rising
1969-12-13,1.87,Rising
1969-12-14,1.85,Rising
1969-12-15,1.83,Rising
1969-12-16,1.84,Rising
1969-12-17,1.88,Rising
1969-12-18,1.91,Rising
1969-12-19,1.93,Rising
1969-12-20,1.95,Rising
1969-12-21,1.97,Rising
1969-12-22,1.99,Rising
1969-12-23,2.04,Rising
1969-12-24,2.1,Rising
1969-12-25,2.14,Rising
1969-12-26,2.16,Rising
1969-12-27,2.17,Rising
1969-12-28,2.16,Rising
1969-12-29,2.14,Rising
1969-12-30,2.13,Rising
1969-12-31,2.13,Rising
1970-01-01,2.15,Rising
1970-01-02,2.17,Rising
1970-01-03,2.19,Rising
1970-01-04,2.21,Rising
1970-01-05,2.22,Rising
1970-01-06,2.2,Rising
1970-01-07,2.17,Rising
1970-01-08,2.13,Falling
1970-01-09,2.11,Falling
1970-01-10,2.09,Falling
1970-01-11,2.08,Falling
1970-01-12,2.07,Falling
1970-01-13,2.05,Falling
1970-01-14,2.02,Falling
1970-01-15,2.0,Falling
1970-01-16,1.99,Falling
1970-01-17,2.02,Rising
1970-01-18,2.03,Rising
1970-01-19,2.03,Rising
1970-01-20,2.03,Falling
1970-01-21,2.03,Falling
1970-01-22,2.04,Rising
1970-01-23,2.06,Rising
1970-01-24,2.08,Rising
1970-01-25,2.1,Rising
1970-01-26,2.12,Rising
1970-01-27,2.15,Rising
1970-01-28,2.13,Rising
1970-01-29,2.11,High
1970-01-30,2.13,High
1970-01-31,2.17,High
1970-02-01,2.21,High
1970-02-02,2.22,High
1970-02-03,2.21,High
1970-02-04,2.21,High
1970-02-05,2.22,High
1970-02-06,2.24,High
1970-02-07,2.28,High
1970-02-08,2.31,High
1970-02-09,2.34,High
1970-02-10,2.36,High
1970-02-11,2.36,High
1970-02-12,2.36,High
1970-02-13,2.36,High
1970-02-14,2.35,High
1970-02-15,2.34,High
1970-02-16,2.35,High
1970-02-17,2.37,High
1970-02-18,2.38,High
1970-02-19,2.4,High
1970-02-20,2.45,High
1970-02-21,2.47,High
1970-02-22,2.48,High
1970-02-23,2.49,High
1970-02-24,2.51,High
1970-02-25,2.51,High
1970-02-26,2.5,High
1970-02-27,2.51,High
1970-02-28,2.51,High
1970-03-01,2.5,High
1970-03-02,2.49,High
1970-03-03,2.48,High
1970-03-04,2.48,High
1970-03-05,2.48,High
1970-03-06,2.52,High
1970-03-07,2.53,High
1970-03-08,2.54,High
1970-03-09,2.58,High
1970-03-10,2.6,High
1970-03-11,2.61,High
1970-03-12,2.62,High
1970-03-13,2.64,High
1970-03-14,2.65,High
1970-03-15,2.69,High
1970-03-16,2.72,High
1970-03-17,2.75,High
1970-03-18,2.78,High
1970-03-19,2.78,High
1970-03-20,2.78,High
1970-03-21,2.81,High
1970-03-22,2.85,High
1970-03-23,2.89,High
1970-03-24,2.92,High
1970-03-25,2.93,High
1970-03-26,2.92,High
1970-03-27,2.9,High
1970-03-28,2.87,High
1970-03-29,2.86,High
1970-03-30,2.84,High
1970-03-31,2.82,High
1970-04-01,2.77,High
1970-04-02,2.72,High
1970-04-03,2.71,High
1970-04-04,2.66,High
1970-04-05,2.64,High
1970-04-06,2.63,High
1970-04-07,2.62,High
1970-04-08,2.61,High
1970-04-09,2.61,High
1970-04-10,2.6,High
1970-04-11,2.6,High
1970-04-12,2.59,High
1970-04-13,2.58,High
1970-04-14,2.57,High
1970-04-15,2.55,High
1970-04-16,2.52,High
1970-04-17,2.5,High
1970-04-18,2.43,High
1970-04-19,2.35,High
1970-04-20,2.26,High
1970-04-21,2.2,High
1970-04-22,2.13,High
1970-04-23,2.08,High
1970-04-24,2.05,High
1970-04-25,2.03,High
1970-04-26,2.02,High
1970-04-27,2.02,Falling
1970-04-28,2.01,Falling
1970-04-29,1.98,Falling
1970-04-30,1.95,Falling
1970-05-01,1.92,Falling
1970-05-02,1.9,Falling
1970-05-03,1.88,Falling
1970-05-04,1.88,Falling
1970-05-05,1.88,Falling
1970-05-06,1.91,Falling
1970-05-07,1.96,Falling
1970-05-08,1.97,Falling
1970-05-09,1.96,Falling
1970-05-10,1.93,Falling
1970-05-11,1.91,Falling
1970-05-12,1.9,Falling
1970-05-13,1.9,Falling
1970-05-14,1.91,Falling
1970-05-15,1.92,Falling
1970-05-16,1.93,Falling
1970-05-17,1.94,Falling
1970-05-18,1.94,Falling
1970-05-19,1.92,Falling
1970-05-20,1.9,Falling
1970-05-21,1.87,Falling
1970-05-22,1.83,Falling
1970-05-23,1.81,Falling
1970-05-24,1.8,Falling
1970-05-25,1.79,Falling
1970-05-26,1.78,Falling
1970-05-27,1.78,Falling
1970-05-28,1.78,Falling
1970-05-29,1.78,Falling
1970-05-30,1.79,Falling
1970-05-31,1.78,Falling
1970-06-01,1.77,Falling
1970-06-02,1.76,Falling
1970-06-03,1.75,Falling
1970-06-04,1.73,Falling
1970-06-05,1.72,Falling
1970-06-06,1.71,Falling
1970-06-07,1.7,Falling
1970-06-08,1.69,Falling
1970-06-09,1.68,Falling
1970-06-10,1.68,Falling
1970-06-11,1.67,Falling
1970-06-12,1.66,Falling
1970-06-13,1.66,Falling
1970-06-14,1.65,Falling
1970-06-15,1.65,Falling
1970-06-16,1.64,Falling
1970-06-17,1.63,Falling
1970-06-18,1.62,Falling
1970-06-19,1.62,Falling
1970-06-20,1.61,Falling
1970-06-21,1.61,Falling
1970-06-22,1.6,Falling
1970-06-23,1.6,Falling
1970-06-24,1.6,Falling
1970-06-25,1.59,Falling
1970-06-26,1.59,Falling
1970-06-27,1.59,Falling
1970-06-28,1.59,Falling
1970-06-29,1.59,Falling
1970-06-30,1.59,Falling
1970-07-01,1.6,Falling
1970-07-02,1.6,Falling
1970-07-03,1.6,Falling
1970-07-04,1.6,Falling
1970-07-05,1.6,Falling
1970-07-06,1.59,Falling
1970-07-07,1.59,Falling
1970-07-08,1.59,Falling
1970-07-09,1.58,Falling
1970-07-10,1.58,Low
1970-07-11,1.58,Low
1970-07-12,1.58,Low
1970-07-13,1.57,Low
1970-07-14,1.57,Low
1970-07-15,1.57,Low
1970-07-16,1.57,Low
1970-07-17,1.57,Low
1970-07-18,1.56,Low
1970-07-19,1.56,Low
1970-07-20,1.56,Low
1970-07-21,1.56,Low
1970-07-22,1.55,Low
1970-07-23,1.54,Low
1970-07-24,1.54,Low
1970-07-25,1.53,Low
1970-07-26,1.53,Low
1970-07-27,1.52,Low
1970-07-28,1.52,Low
1970-07-29,1.52,Low
1970-07-30,1.51,Low
1970-07-31,1.51,Low
1970-08-01,1.51,Low
1970-08-02,1.5,Low
1970-08-03,1.5,Low
1970-08-04,1.49,Low
1970-08-05,1.49,Low
1970-08-06,1.49,Low
1970-08-07,1.48,Low
1970-08-08,1.47,Low
1970-08-09,1.47,Low
1970-08-10,1.47,Low
1970-08-11,1.47,Low
1970-08-12,1.46,Low
1970-08-13,1.46,Low
1970-08-14,1.46,Low
1970-08-15,1.47,Low
1970-08-16,1.46,Low
1970-08-17,1.46,Low
1970-08-18,1.46,Low
1970-08-19,1.46,Low
1970-08-20,1.45,Low
1970-08-21,1.45,Low
1970-08-22,1.45,Low
1970-08-23,1.44,Low
1970-08-24,1.44,Low
1970-08-25,1.44,Low
1970-08-26,1.44,Low
1970-08-27,1.44,Low
1970-08-28,1.44,Low
1970-08-29,1.44,Low
1970-08-30,1.44,Low
1970-08-31,1.44,Low
1970-09-01,1.43,Low
1970-09-02,1.43,Low
1970-09-03,1.43,Low
1970-09-04,1.43,Low
1970-09-05,1.43,Low
1970-09-06,1.43,Low
1970-09-07,1.43,Low
1970-09-08,1.43,Low
1970-09-09,1.43,Low
1970-09-10,1.43,Low
1970-09-11,1.43,Low
1970-09-12,1.43,Low
1970-09-13,1.43,Low
1970-09-14,1.44,Low
1970-09-15,1.44,Low
1970-09-16,1.45,Low
1970-09-17,1.46,Low
1970-09-18,1.46,Low
1970-09-19,1.47,Low
1970-09-20,1.51,Low
1970-09-21,1.54,Low
1970-09-22,1.56,Low
1970-09-23,1.57,Low
1970-09-24,1.56,Low
1970-09-25,1.54,Low
1970-09-26,1.53,Low
1970-09-27,1.53,Low
1970-09-28,1.53,Low
1970-09-29,1.56,Low
1970-09-30,1.57,Low
1970-10-01,1.57,Rising
1970-10-02,1.54,Rising
1970-10-03,1.58,Rising
1970-10-04,1.57,Rising
1970-10-05,1.53,Rising
1970-10-06,1.51,Rising
1970-10-07,1.52,Rising
1970-10-08,1.54,Rising
1970-10-09,1.58,Rising
1970-10-10,1.64,Rising
1970-10-11,1.66,Rising
1970-10-12,1.7,Rising
1970-10-13,1.74,Rising
1970-10-14,1.75,Rising
1970-10-15,1.75,Rising
1970-10-16,1.71,Rising
1970-10-17,1.69,Rising
1970-10-18,1.68,Rising
1970-10-19,1.67,Rising
1970-10-20,1.64,Rising
1970-10-21,1.62,Rising
1970-10-22,1.61,Rising
1970-10-23,1.61,Rising
1970-10-24,1.61,Rising
1970-10-25,1.6,Rising
1970-10-26,1.6,Falling
1970-10-27,1.6,Falling
1970-10-28,1.6,Falling
1970-10-29,1.62,Falling
1970-10-30,1.63,Falling
1970-10-31,1.63,Falling
1970-11-01,1.61,Falling
1970-11-02,1.59,Falling
1970-11-03,1.58,Falling
1970-11-04,1.57,Falling
1970-11-05,1.55,Falling
1970-11-06,1.56,Falling
1970-11-07,1.61,Falling
1970-11-08,1.64,Falling
1970-11-09,1.63,Falling
1970-11-10,1.61,Falling
1970-11-11,1.6,Falling
1970-11-12,1.59,Falling
1970-11-13,1.62,Falling
1970-11-14,1.64,Falling
1970-11-15,1.66,Falling
1970-11-16,1.67,Falling
1970-11-17,1.66,Rising
1970-11-18,1.65,Rising
1970-11-19,1.59,Rising
1970-11-20,1.55,Rising
1970-11-21,1.54,Rising
1970-11-22,1.52,Rising
1970-11-23,1.51,Rising
1970-11-24,1.51,Rising
1970-11-25,1.5,Rising
1970-11-26,1.5,Rising
1970-11-27,1.53,Rising
1970-11-28,1.59,Rising
1970-11-29,1.61,Rising
1970-11-30,1.63,Falling
1970-12-01,1.65,Falling
1970-12-02,1.63,Falling
1970-12-03,1.61,Falling
1970-12-04,1.6,Falling
1970-12-05,1.62,Falling
1970-12-06,1.66,Rising
1970-12-07,1.7,Rising
1970-12-08,1.72,Rising
1970-12-09,1.74,Rising
1970-12-10,1.73,Rising
1970-12-11,1.72,Rising
1970-12-12,1.68,Rising
1970-12-13,1.64,Rising
1970-12-14,1.59,Rising
1970-12-15,1.56,Rising
1970-12-16,1.53,Rising
1970-12-17,1.52,Rising
1970-12-18,1.51,Rising
1970-12-19,1.54,Rising
1970-12-20,1.57,Rising
1970-12-21,1.58,Falling
1970-12-22,1.61,Falling
1970-12-23,1.59,Falling
1970-12-24,1.58,Falling
1970-12-25,1.59,Falling
1970-12-26,1.59,Falling
1970-12-27,1.6,Falling
1970-12-28,1.63,Rising
1970-12-29,1.68,Rising
1970-12-30,1.69,Rising
1970-12-31,1.68,Rising
1971-01-01,1.66,Rising
1971-01-02,1.63,Rising
1971-01-03,1.61,Rising
1971-01-04,1.62,Rising
1971-01-05,1.66,Rising
1971-01-06,1.68,Rising
1971-01-07,1.68,Rising
1971-01-08,1.68,Rising
1971-01-09,1.68,Rising
1971-01-10,1.68,Rising
1971-01-11,1.71,Rising
1971-01-12,1.71,Rising
1971-01-13,1.71,Rising
1971-01-14,1.71,Rising
1971-01-15,1.72,Rising
1971-01-16,1.73,Rising
1971-01-17,1.76,Rising
1971-01-18,1.82,Rising
1971-01-19,1.81,Rising
1971-01-20,1.82,Rising
1971-01-21,1.82,Rising
1971-01-22,1.84,Rising
1971-01-23,1.84,Rising
1971-01-24,1.84,Rising
1971-01-25,1.84,Rising
1971-01-26,1.86,Rising
1971-01-27,1.87,Rising
1971-01-28,1.89,High
1971-01-29,1.9,High
1971-01-30,1.9,High
1971-01-31,1.89,High
1971-02-01,1.88,High
1971-02-02,1.86,High
1971-02-03,1.83,High
1971-02-04,1.79,High
1971-02-05,1.76,High
1971-02-06,1.73,High
1971-02-07,1.74,High
1971-02-08,1.75,High
1971-02-09,1.8,High
1971-02-10,1.82,High
1971-02-11,1.84,High
1971-02-12,1.86,High
1971-02-13,1.86,High
1971-02-14,1.84,High
1971-02-15,1.82,High
1971-02-16,1.81,High
1971-02-17,1.81,High
1971-02-18,1.83,High
1971-02-19,1.82,High
1971-02-20,1.81,High
1971-02-21,1.81,High
1971-02-22,1.81,High
1971-02-23,1.8,High
1971-02-24,1.8,High
1971-02-25,1.87,High
1971-02-26,1.85,High
1971-02-27,1.83,High
1971-02-28,1.86,High
1971-03-01,1.9,High
1971-03-02,1.92,High
1971-03-03,1.94,High
1971-03-04,1.99,High
1971-03-05,1.97,High
1971-03-06,1.99,High
1971-03-07,1.97,High
1971-03-08,1.98,High
1971-03-09,1.97,High
1971-03-10,2.0,High
1971-03-11,2.04,High
1971-03-12,2.06,High
1971-03-13,2.06,High
1971-03-14,2.08,High
1971-03-15,2.08,High
1971-03-16,2.09,High
1971-03-17,2.1,High
1971-03-18,2.11,High
1971-03-19,2.12,High
1971-03-20,2.13,High
1971-03-21,2.15,High
1971-03-22,2.18,High
1971-03-23,2.2,High
1971-03-24,2.21,High
1971-03-25,2.23,High
1971-03-26,2.23,High
1971-03-27,2.22,High
1971-03-28,2.19,High
1971-03-29,2.16,High
1971-03-30,2.14,High
1971-03-31,2.14,High
1971-04-01,2.11,High
1971-04-02,2.1,High
1971-04-03,2.1,High
1971-04-04,2.1,High
1971-04-05,2.1,High
1971-04-06,2.11,High
1971-04-07,2.11,High
1971-04-08,2.11,High
1971-04-09,2.1,High
1971-04-10,2.09,High
1971-04-11,2.09,High
1971-04-12,2.07,High
1971-04-13,2.05,High
1971-04-14,2.01,High
1971-04-15,1.96,High
1971-04-16,1.92,High
1971-04-17,1.89,High
1971-04-18,1.88,High
1971-04-19,1.88,High
1971-04-20,1.88,High
1971-04-21,1.88,High
1971-04-22,1.89,High
1971-04-23,1.88,High
1971-04-24,1.85,High
1971-04-25,1.82,High
1971-04-26,1.82,High
1971-04-27,1.82,High
1971-04-28,1.82,High
1971-04-29,1.82,Falling
1971-04-30,1.81,Falling
1971-05-01,1.78,Falling
1971-05-02,1.76,Falling
1971-05-03,1.73,Falling
1971-05-04,1.72,Falling
1971-05-05,1.71,Falling
1971-05-06,1.69,Falling
1971-05-07,1.68,Falling
1971-05-08,1.68,Falling
1971-05-09,1.68,Falling
1971-05-10,1.69,Falling
1971-05-11,1.71,Falling
1971-05-12,1.73,Falling
1971-05-13,1.76,Falling
1971-05-14,1.78,Falling
1971-05-15,1.8,Falling
1971-05-16,1.78,Falling
1971-05-17,1.75,Falling
1971-05-18,1.73,Falling
1971-05-19,1.7,Falling
1971-05-20,1.68,Rising
1971-05-21,1.66,Rising
1971-05-22,1.65,Rising
1971-05-23,1.64,Rising
1971-05-24,1.64,Rising
1971-05-25,1.63,Rising
1971-05-26,1.63,Rising
1971-05-27,1.66,Falling
1971-05-28,1.65,Falling
1971-05-29,1.65,Falling
1971-05-30,1.65,Falling
1971-05-31,1.66,Falling
1971-06-01,1.69,Falling
1971-06-02,1.72,Falling
1971-06-03,1.76,Falling
1971-06-04,1.78,Falling
1971-06-05,1.81,Falling
1971-06-06,1.81,Falling
1971-06-07,1.79,Falling
1971-06-08,1.76,Falling
1971-06-09,1.72,Falling
1971-06-10,1.7,Falling
1971-06-11,1.68,Falling
1971-06-12,1.67,Falling
1971-06-13,1.66,Falling
1971-06-14,1.65,Falling
1971-06-15,1.65,Falling
1971-06-16,1.64,Falling
1971-06-17,1.64,Falling
1971-06-18,1.64,Falling
1971-06-19,1.64,Falling
1971-06-20,1.64,Falling
1971-06-21,1.63,Falling
1971-06-22,1.62,Falling
1971-06-23,1.62,Falling
1971-06-24,1.61,Falling
1971-06-25,1.6,Falling
1971-06-26,1.6,Falling
1971-06-27,1.58,Falling
1971-06-28,1.58,Falling
1971-06-29,1.57,Falling
1971-06-30,1.56,Rising
1971-07-01,1.56,Rising
1971-07-02,1.56,Falling
1971-07-03,1.55,Falling
1971-07-04,1.57,Falling
1971-07-05,1.57,Falling
1971-07-06,1.56,Falling
1971-07-07,1.56,Falling
1971-07-08,1.56,Falling
1971-07-09,1.57,Falling
1971-07-10,1.58,Falling
1971-07-11,1.61,Falling
1971-07-12,1.63,Falling
1971-07-13,1.66,Falling
1971-07-14,1.67,Falling
1971-07-15,1.66,Falling
1971-07-16,1.63,Falling
1971-07-17,1.6,Falling
1971-07-18,1.58,Falling
1971-07-19,1.56,Falling
1971-07-20,1.55,Low
1971-07-21,1.54,Low
1971-07-22,1.54,Low
1971-07-23,1.54,Low
1971-07-24,1.53,Low
1971-07-25,1.52,Low
1971-07-26,1.52,Low
1971-07-27,1.51,Low
1971-07-28,1.51,Low
1971-07-29,1.5,Low
1971-07-30,1.5,Low
1971-07-31,1.5,Low
1971-08-01,1.5,Low
1971-08-02,1.49,Low
1971-08-03,1.49,Low
1971-08-04,1.49,Low
1971-08-05,1.51,Low
1971-08-06,1.53,Low
1971-08-07,1.54,Low
1971-08-08,1.54,Low
1971-08-09,1.54,Low
1971-08-10,1.53,Low
1971-08-11,1.51,Low
1971-08-12,1.49,Low
1971-08-13,1.49,Low
1971-08-14,1.49,Low
1971-08-15,1.48,Low
1971-08-16,1.47,Low
1971-08-17,1.46,Low
1971-08-18,1.46,Low
1971-08-19,1.45,Low
1971-08-20,1.45,Low
1971-08-21,1.45,Low
1971-08-22,1.45,Low
1971-08-23,1.44,Low
1971-08-24,1.44,Low
1971-08-25,1.44,Low
1971-08-26,1.44,Low
1971-08-27,1.44,Low
1971-08-28,1.43,Low
1971-08-29,1.43,Low
1971-08-30,1.43,Low
1971-08-31,1.43,Low
1971-09-01,1.43,Low
1971-09-02,1.42,Low
1971-09-03,1.42,Low
1971-09-04,1.42,Low
1971-09-05,1.42,Low
1971-09-06,1.41,Low
1971-09-07,1.42,Low
1971-09-08,1.42,Low
1971-09-09,1.42,Low
1971-09-10,1.41,Low
1971-09-11,1.41,Low
1971-09-12,1.41,Low
1971-09-13,1.41,Low
1971-09-14,1.42,Low
1971-09-15,1.42,Low
1971-09-16,1.43,Low
1971-09-17,1.43,Low
1971-09-18,1.43,Low
1971-09-19,1.44,Low
1971-09-20,1.44,Low
1971-09-21,1.44,Low
1971-09-22,1.43,Low
1971-09-23,1.42,Low
1971-09-24,1.42,Low
1971-09-25,1.41,Low
1971-09-26,1.4,Low
1971-09-27,1.41,Low
1971-09-28,1.42,Low
1971-09-29,1.42,Low
1971-09-30,1.44,Low
1971-10-01,1.48,Low
1971-10-02,1.51,Low
1971-10-03,1.54,Low
1971-10-04,1.56,Low
1971-10-05,1.56,Low
1971-10-06,1.56,Low
1971-10-07,1.56,Low
1971-10-08,1.56,Low
1971-10-09,1.58,Low
1971-10-10,1.59,Low
1971-10-11,1.58,Low
1971-10-12,1.58,Low
1971-10-13,1.57,Low
1971-10-14,1.55,Low
1971-10-15,1.54,Low
1971-10-16,1.55,Low
1971-10-17,1.57,Low
1971-10-18,1.59,Low
1971-10-19,1.61,Low
1971-10-20,1.64,Low
1971-10-21,1.66,Low
1971-10-22,1.67,Low
1971-10-23,1.66,Low
1971-10-24,1.62,Low
1971-10-25,1.62,Rising
1971-10-26,1.57,Rising
1971-10-27,1.56,Rising
1971-10-28,1.58,Rising
1971-10-29,1.6,Rising
1971-10-30,1.65,Rising
1971-10-31,1.66,Rising
1971-11-01,1.64,Rising
1971-11-02,1.63,Rising
1971-11-03,1.65,Rising
1971-11-04,1.67,Rising
1971-11-05,1.69,Rising
1971-11-06,1.71,Rising
1971-11-07,1.74,Rising
1971-11-08,1.77,Rising
1971-11-09,1.78,Rising
1971-11-10,1.8,Rising
1971-11-11,1.82,Rising
1971-11-12,1.82,Rising
1971-11-13,1.79,Rising
1971-11-14,1.75,Rising
1971-11-15,1.71,Rising
1971-11-16,1.69,Rising
1971-11-17,1.68,Rising
1971-11-18,1.69,Rising
1971-11-19,1.7,Rising
1971-11-20,1.69,Rising
1971-11-21,1.7,Rising
1971-11-22,1.69,Rising
1971-11-23,1.67,Rising
1971-11-24,1.66,Rising
1971-11-25,1.66,Rising
1971-11-26,1.69,Rising
1971-11-27,1.71,Falling
1971-11-28,1.74,Falling
1971-11-29,1.75,Rising
1971-11-30,1.77,Rising
1971-12-01,1.74,Rising
1971-12-02,1.7,Rising
1971-12-03,1.67,Rising
1971-12-04,1.68,Rising
1971-12-05,1.71,Rising
1971-12-06,1.73,Rising
1971-12-07,1.75,Rising
1971-12-08,1.81,Rising
1971-12-09,1.81,Rising
1971-12-10,1.81,Rising
1971-12-11,1.79,Rising
1971-12-12,1.81,Rising
1971-12-13,1.84,Rising
1971-12-14,1.87,Rising
1971-12-15,1.88,Rising
1971-12-16,1.91,Rising
1971-12-17,1.93,Rising
1971-12-18,1.94,Rising
1971-12-19,1.95,Rising
1971-12-20,1.96,Rising
1971-12-21,1.96,Rising
1971-12-22,1.97,Rising
1971-12-23,1.97,Rising
1971-12-24,1.97,Falling
1971-12-25,1.95,Falling
1971-12-26,1.92,Falling
1971-12-27,1.9,Falling
1971-12-28,1.87,Falling
1971-12-29,1.85,Falling
1971-12-30,1.84,Falling
1971-12-31,1.83,Falling
1972-01-01,1.82,Falling
1972-01-02,1.8,Falling
1972-01-03,1.78,Falling
1972-01-04,1.78,Falling
1972-01-05,1.78,Falling
1972-01-06,1.79,Falling
1972-01-07,1.79,Falling
1972-01-08,1.77,Falling
1972-01-09,1.74,Falling
1972-01-10,1.73,Falling
1972-01-11,1.7,Falling
1972-01-12,1.7,Falling
1972-01-13,1.71,Rising
1972-01-14,1.74,Rising
1972-01-15,1.78,Rising
1972-01-16,1.8,Rising
1972-01-17,1.82,Rising
1972-01-18,1.84,Rising
1972-01-19,1.86,Rising
1972-01-20,1.86,Rising
1972-01-21,1.87,Rising
1972-01-22,1.89,Rising
1972-01-23,1.86,Rising
1972-01-24,1.89,Rising
1972-01-25,1.9,Rising
1972-01-26,1.89,Rising
1972-01-27,1.88,Rising
1972-01-28,1.87,Rising
1972-01-29,1.9,Rising
1972-01-30,1.91,Rising
1972-01-31,1.9,Rising
1972-02-01,1.9,Rising
1972-02-02,1.92,Rising
1972-02-03,2.0,High
1972-02-04,2.03,High
1972-02-05,2.04,High
1972-02-06,2.04,High
1972-02-07,2.03,High
1972-02-08,2.02,High
1972-02-09,2.03,High
1972-02-10,2.05,High
1972-02-11,2.08,High
1972-02-12,2.07,High
1972-02-13,2.07,High
1972-02-14,2.09,High
1972-02-15,2.11,High
1972-02-16,2.15,High
1972-02-17,2.19,High
1972-02-18,2.25,High
1972-02-19,2.35,High
1972-02-20,2.41,High
1972-02-21,2.5,High
1972-02-22,2.6,High
1972-02-23,2.7,High
1972-02-24,2.76,High
1972-02-25,2.8,High
1972-02-26,2.84,High
1972-02-27,2.89,High
1972-02-28,2.94,High
1972-02-29,3.01,High
1972-03-01,3.1,High
1972-03-02,3.16,High
1972-03-03,3.22,High
1972-03-04,3.27,High
1972-03-05,3.3,High
1972-03-06,3.38,High
1972-03-07,3.47,High
1972-03-08,3.52,High
1972-03-09,3.55,High
1972-03-10,3.58,High
1972-03-11,3.59,High
1972-03-12,3.58,High
1972-03-13,3.58,High
1972-03-14,3.56,High
1972-03-15,3.53,High
1972-03-16,3.48,High
1972-03-17,3.42,High
1972-03-18,3.33,High
1972-03-19,3.22,High
1972-03-20,3.11,High
1972-03-21,3.02,High
1972-03-22,2.92,High
1972-03-23,2.83,High
1972-03-24,2.74,High
1972-03-25,2.68,High
1972-03-26,2.64,High
1972-03-27,2.55,High
1972-03-28,2.47,High
1972-03-29,2.42,High
1972-03-30,2.38,High
1972-03-31,2.38,High
1972-04-01,2.39,High
1972-04-02,2.37,High
1972-04-03,2.35,High
1972-04-04,2.37,High
1972-04-05,2.38,High
1972-04-06,2.4,High
1972-04-07,2.41,High
1972-04-08,2.43,High
1972-04-09,2.45,High
1972-04-10,2.46,High
1972-04-11,2.46,High
1972-04-12,2.47,High
1972-04-13,2.47,High
1972-04-14,2.48,High
1972-04-15,2.49,High
1972-04-16,2.49,High
1972-04-17,2.49,High
1972-04-18,2.49,High
1972-04-19,2.49,High
1972-04-20,2.46,High
1972-04-21,2.44,High
1972-04-22,2.4,High
1972-04-23,2.36,High
1972-04-24,2.31,High
1972-04-25,2.24,High
1972-04-26,2.18,High
1972-04-27,2.13,High
1972-04-28,2.11,High
1972-04-29,2.08,High
1972-04-30,2.05,High
1972-05-01,2.01,High
1972-05-02,1.98,High
1972-05-03,1.97,High
1972-05-04,1.96,High
1972-05-05,1.95,High
1972-05-06,1.94,High
1972-05-07,1.93,Falling
1972-05-08,1.92,Falling
1972-05-09,1.9,Falling
1972-05-10,1.88,Falling
1972-05-11,1.86,Falling
1972-05-12,1.85,Falling
1972-05-13,1.83,Falling
1972-05-14,1.82,Falling
1972-05-15,1.8,Falling
1972-05-16,1.79,Falling
1972-05-17,1.78,Falling
1972-05-18,1.77,Falling
1972-05-19,1.75,Falling
1972-05-20,1.74,Falling
1972-05-21,1.73,Falling
1972-05-22,1.72,Falling
1972-05-23,1.74,Falling
1972-05-24,1.74,Falling
1972-05-25,1.72,Falling
1972-05-26,1.71,Falling
1972-05-27,1.71,Falling
1972-05-28,1.71,Falling
1972-05-29,1.71,Falling
1972-05-30,1.72,Falling
1972-05-31,1.74,Falling
1972-06-01,1.77,Falling
1972-06-02,1.8,Falling
1972-06-03,1.82,Falling
1972-06-04,1.82,Falling
1972-06-05,1.8,Falling
1972-06-06,1.77,Falling
1972-06-07,1.73,Falling
1972-06-08,1.71,Falling
1972-06-09,1.7,Falling
1972-06-10,1.69,Falling
1972-06-11,1.68,Falling
1972-06-12,1.67,Falling
1972-06-13,1.68,Falling
1972-06-14,1.65,Falling
1972-06-15,1.64,Falling
1972-06-16,1.64,Falling
1972-06-17,1.64,Falling
1972-06-18,1.63,Falling
1972-06-19,1.62,Falling
1972-06-20,1.62,Falling
1972-06-21,1.62,Falling
1972-06-22,1.61,Falling
1972-06-23,1.61,Falling
1972-06-24,1.61,Low
1972-06-25,1.61,Low
1972-06-26,1.61,Low
1972-06-27,1.6,Low
1972-06-28,1.6,Low
1972-06-29,1.59,Low
1972-06-30,1.59,Low
1972-07-01,1.59,Low
1972-07-02,1.58,Low
1972-07-03,1.58,Low
1972-07-04,1.58,Low
1972-07-05,1.59,Low
1972-07-06,1.58,Low
1972-07-07,1.57,Low
1972-07-08,1.59,Low
1972-07-09,1.58,Rising
1972-07-10,1.58,Rising
1972-07-11,1.59,Rising
1972-07-12,1.59,Rising
1972-07-13,1.6,Rising
1972-07-14,1.61,Rising
1972-07-15,1.64,Rising
1972-07-16,1.66,Rising
1972-07-17,1.68,Rising
1972-07-18,1.7,Rising
1972-07-19,1.71,Rising
1972-07-20,1.71,Rising
1972-07-21,1.7,Rising
1972-07-22,1.7,Rising
1972-07-23,1.69,Rising
1972-07-24,1.69,Rising
1972-07-25,1.68,Rising
1972-07-26,1.66,Rising
1972-07-27,1.66,Rising
1972-07-28,1.65,Rising
1972-07-29,1.64,Rising
1972-07-30,1.64,Rising
1972-07-31,1.64,Rising
1972-08-01,1.63,Falling
1972-08-02,1.62,Falling
1972-08-03,1.62,Falling
1972-08-04,1.62,Falling
1972-08-05,1.62,Falling
1972-08-06,1.62,Falling
1972-08-07,1.62,Falling
1972-08-08,1.62,Falling
1972-08-09,1.62,Rising
1972-08-10,1.62,Rising
1972-08-11,1.62,Rising
1972-08-12,1.62,Rising
1972-08-13,1.64,Rising
1972-08-14,1.65,Rising
1972-08-15,1.66,Rising
1972-08-16,1.66,Falling
1972-08-17,1.65,Falling
1972-08-18,1.64,Falling
1972-08-19,1.64,Falling
1972-08-20,1.64,Falling
1972-08-21,1.66,Falling
1972-08-22,1.69,Falling
1972-08-23,1.72,Falling
1972-08-24,1.74,Falling
1972-08-25,1.74,Falling
1972-08-26,1.73,Falling
1972-08-27,1.71,Falling
1972-08-28,1.68,Falling
1972-08-29,1.66,Falling
1972-08-30,1.63,Falling
1972-08-31,1.6,Falling
1972-09-01,1.59,Low
1972-09-02,1.58,Low
1972-09-03,1.58,Low
1972-09-04,1.58,Low
1972-09-05,1.58,Low
1972-09-06,1.58,Low
1972-09-07,1.58,Low
1972-09-08,1.58,Low
1972-09-09,1.58,Low
1972-09-10,1.58,Low
1972-09-11,1.58,Low
1972-09-12,1.58,Low
1972-09-13,1.58,Low
1972-09-14,1.58,Low
1972-09-15,1.58,Low
1972-09-16,1.58,Low
1972-09-17,1.58,Low
1972-09-18,1.58,Low
1972-09-19,1.58,Low
1972-09-20,1.58,Low
1972-09-21,1.58,Low
1972-09-22,1.58,Low
1972-09-23,1.59,Low
1972-09-24,1.6,Low
1972-09-25,1.62,Low
1972-09-26,1.64,Low
1972-09-27,1.65,Low
1972-09-28,1.65,Low
1972-09-29,1.65,Low
1972-09-30,1.64,Low
1972-10-01,1.64,Low
1972-10-02,1.63,Low
1972-10-03,1.61,Low
1972-10-04,1.59,Low
1972-10-05,1.58,Low
1972-10-06,1.58,Low
1972-10-07,1.58,Rising
1972-10-08,1.59,Rising
1972-10-09,1.62,Rising
1972-10-10,1.65,Rising
1972-10-11,1.64,Rising
1972-10-12,1.63,Rising
1972-10-13,1.63,Rising
1972-10-14,1.66,Rising
1972-10-15,1.71,Rising
1972-10-16,1.76,Rising
1972-10-17,1.82,Rising
1972-10-18,1.92,Rising
1972-10-19,1.98,Rising
1972-10-20,2.01,Rising
1972-10-21,2.02,Rising
1972-10-22,2.01,Rising
1972-10-23,2.0,Rising
1972-10-24,1.99,Rising
1972-10-25,1.95,Rising
1972-10-26,1.92,Rising
1972-10-27,1.89,Rising
1972-10-28,1.84,Rising
1972-10-29,1.8,Rising
1972-10-30,1.77,Rising
1972-10-31,1.73,Rising
1972-11-01,1.69,Rising
1972-11-02,1.66,Rising
1972-11-03,1.66,Falling
1972-11-04,1.66,Falling
1972-11-05,1.68,Falling
1972-11-06,1.69,Falling
1972-11-07,1.67,Falling
1972-11-08,1.66,Falling
1972-11-09,1.67,Falling
1972-11-10,1.75,Falling
1972-11-11,1.84,Falling
1972-11-12,1.87,Falling
1972-11-13,1.89,Rising
1972-11-14,1.9,Rising
1972-11-15,1.91,Rising
1972-11-16,1.89,Rising
1972-11-17,1.86,Rising
1972-11-18,1.86,Rising
1972-11-19,1.83,Rising
1972-11-20,1.81,Rising
1972-11-21,1.82,Rising
1972-11-22,1.82,Rising
1972-11-23,1.85,Rising
1972-11-24,1.87,Rising
1972-11-25,1.89,Rising
1972-11-26,1.89,Rising
1972-11-27,1.9,Rising
1972-11-28,1.91,Rising
1972-11-29,1.93,Rising
1972-11-30,1.98,Rising
1972-12-01,2.01,Rising
1972-12-02,2.03,Rising
1972-12-03,2.04,Rising
1972-12-04,2.06,Rising
1972-12-05,2.07,Rising
1972-12-06,2.08,Rising
1972-12-07,2.11,Rising
1972-12-08,2.11,Rising
1972-12-09,2.11,Rising
1972-12-10,2.11,Rising
1972-12-11,2.09,Rising
1972-12-12,2.1,Rising
1972-12-13,2.1,Rising
1972-12-14,2.09,Rising
1972-12-15,2.07,Rising
1972-12-16,2.07,Rising
1972-12-17,2.07,Rising
1972-12-18,2.08,Rising
1972-12-19,2.09,Rising
1972-12-20,2.09,Rising
1972-12-21,2.11,Rising
1972-12-22,2.12,Rising
1972-12-23,2.12,Rising
1972-12-24,2.13,Rising
1972-12-25,2.13,Rising
1972-12-26,2.13,Rising
1972-12-27,2.13,Rising
1972-12-28,2.15,Rising
1972-12-29,2.16,Rising
1972-12-30,2.17,Rising
1972-12-31,2.18,Rising
1973-01-01,2.19,Rising
1973-01-02,2.27,Rising
1973-01-03,2.27,Rising
1973-01-04,2.26,Rising
1973-01-05,2.26,Rising
1973-01-06,2.28,Rising
1973-01-07,2.29,Rising
1973-01-08,2.3,Rising
1973-01-09,2.3,Rising
1973-01-10,2.32,Rising
1973-01-11,2.32,Rising
1973-01-12,2.31,Rising
1973-01-13,2.3,Rising
1973-01-14,2.3,Rising
1973-01-15,2.3,Rising
1973-01-16,2.32,Rising
1973-01-17,2.32,Rising
1973-01-18,2.32,High
1973-01-19,2.32,High
1973-01-20,2.34,High
1973-01-21,2.33,High
1973-01-22,2.32,High
1973-01-23,2.31,High
1973-01-24,2.31,High
1973-01-25,2.31,High
1973-01-26,2.29,High
1973-01-27,2.29,High
1973-01-28,2.31,High
1973-01-29,2.34,High
1973-01-30,2.36,High
1973-01-31,2.36,High
1973-02-01,2.34,High
1973-02-02,2.34,High
1973-02-03,2.35,High
1973-02-04,2.39,High
1973-02-05,2.45,High
1973-02-06,2.48,High
1973-02-07,2.51,High
1973-02-08,2.52,High
1973-02-09,2.53,High
1973-02-10,2.55,High
1973-02-11,2.56,High
1973-02-12,2.58,High
1973-02-13,2.6,High
1973-02-14,2.63,High
1973-02-15,2.64,High
1973-02-16,2.65,High
1973-02-17,2.66,High
1973-02-18,2.66,High
1973-02-19,2.65,High
1973-02-20,2.64,High
1973-02-21,2.64,High
1973-02-22,2.63,High
1973-02-23,2.62,High
1973-02-24,2.61,High
1973-02-25,2.61,High
1973-02-26,2.62,High
1973-02-27,2.64,High
1973-02-28,2.65,High
1973-03-01,2.65,High
1973-03-02,2.68,High
1973-03-03,2.71,High
1973-03-04,2.76,High
1973-03-05,2.83,High
1973-03-06,2.84,High
1973-03-07,2.93,High
1973-03-08,2.96,High
1973-03-09,2.98,High
1973-03-10,3.01,High
1973-03-11,3.03,High
1973-03-12,3.06,High
1973-03-13,3.08,High
1973-03-14,3.07,High
1973-03-15,3.05,High
1973-03-16,3.03,High
1973-03-17,2.99,High
1973-03-18,2.94,High
1973-03-19,2.9,High
1973-03-20,2.86,High
1973-03-21,2.83,High
1973-03-22,2.82,High
1973-03-23,2.81,High
1973-03-24,2.79,High
1973-03-25,2.78,High
1973-03-26,2.76,High
1973-03-27,2.73,High
1973-03-28,2.69,High
1973-03-29,2.65,High
1973-03-30,2.6,High
1973-03-31,2.55,High
1973-04-01,2.52,High
1973-04-02,2.5,High
1973-04-03,2.49,High
1973-04-04,2.47,High
1973-04-05,2.45,High
1973-04-06,2.43,High
1973-04-07,2.44,High
1973-04-08,2.42,High
1973-04-09,2.41,High
1973-04-10,2.4,High
1973-04-11,2.39,High
1973-04-12,2.39,High
1973-04-13,2.37,High
1973-04-14,2.36,High
1973-04-15,2.36,High
1973-04-16,2.35,High
1973-04-17,2.34,High
1973-04-18,2.33,High
1973-04-19,2.34,High
1973-04-20,2.32,High
1973-04-21,2.3,High
1973-04-22,2.3,High
1973-04-23,2.3,High
1973-04-24,2.3,Falling
1973-04-25,2.3,Falling
1973-04-26,2.3,Falling
1973-04-27,2.3,Falling
1973-04-28,2.29,Falling
1973-04-29,2.29,Falling
1973-04-30,2.28,Falling
1973-05-01,2.28,Falling
1973-05-02,2.27,Falling
1973-05-03,2.25,Falling
1973-05-04,2.23,Falling
1973-05-05,2.22,Falling
1973-05-06,2.2,Falling
1973-05-07,2.18,Falling
1973-05-08,2.16,Falling
1973-05-09,2.13,Falling
1973-05-10,2.1,Falling
1973-05-11,2.08,Falling
1973-05-12,2.07,Falling
1973-05-13,2.06,Falling
1973-05-14,2.06,Falling
1973-05-15,2.06,Falling
1973-05-16,2.06,Falling
1973-05-17,2.06,Falling
1973-05-18,2.07,Falling
1973-05-19,2.07,Falling
1973-05-20,2.07,Falling
1973-05-21,2.07,Falling
1973-05-22,2.07,Falling
1973-05-23,2.05,Falling
1973-05-24,2.04,Falling
1973-05-25,2.07,Falling
1973-05-26,2.02,Falling
1973-05-27,2.0,Falling
1973-05-28,1.98,Falling
1973-05-29,1.97,Falling
1973-05-30,1.95,Falling
1973-05-31,1.95,Falling
1973-06-01,1.94,Falling
1973-06-02,1.94,Falling
1973-06-03,1.95,Falling
1973-06-04,1.96,Falling
1973-06-05,1.96,Falling
1973-06-06,1.96,Falling
1973-06-07,1.96,Falling
1973-06-08,1.94,Falling
1973-06-09,1.92,Falling
1973-06-10,1.89,Falling
1973-06-11,1.87,Falling
1973-06-12,1.85,Falling
1973-06-13,1.83,Falling
1973-06-14,1.82,Falling
1973-06-15,1.8,Falling
1973-06-16,1.79,Falling
1973-06-17,1.79,Falling
1973-06-18,1.79,Falling
1973-06-19,1.79,Falling
1973-06-20,1.78,Falling
1973-06-21,1.78,Falling
1973-06-22,1.77,Falling
1973-06-23,1.77,Falling
1973-06-24,1.77,Falling
1973-06-25,1.78,Falling
1973-06-26,1.78,Falling
1973-06-27,1.79,Falling
1973-06-28,1.8,Falling
1973-06-29,1.8,Falling
1973-06-30,1.78,Falling
1973-07-01,1.78,Falling
1973-07-02,1.77,Falling
1973-07-03,1.76,Falling
1973-07-04,1.76,Falling
1973-07-05,1.77,Falling
1973-07-06,1.78,Falling
1973-07-07,1.78,Falling
1973-07-08,1.79,Falling
1973-07-09,1.78,Falling
1973-07-10,1.77,Falling
1973-07-11,1.76,Falling
1973-07-12,1.75,Falling
1973-07-13,1.73,Falling
1973-07-14,1.72,Falling
1973-07-15,1.71,Falling
1973-07-16,1.7,Falling
1973-07-17,1.69,Falling
1973-07-18,1.68,Falling
1973-07-19,1.68,Falling
1973-07-20,1.68,Falling
1973-07-21,1.67,Falling
1973-07-22,1.66,Falling
1973-07-23,1.66,Falling
1973-07-24,1.66,Falling
1973-07-25,1.66,Falling
1973-07-26,1.66,Falling
1973-07-27,1.66,Low
1973-07-28,1.66,Low
1973-07-29,1.66,Low
1973-07-30,1.65,Low
1973-07-31,1.65,Low
1973-08-01,1.65,Low
1973-08-02,1.65,Low
1973-08-03,1.65,Low
1973-08-04,1.64,Low
1973-08-05,1.64,Low
1973-08-06,1.64,Low
1973-08-07,1.64,Low
1973-08-08,1.63,Low
1973-08-09,1.63,Low
1973-08-10,1.63,Low
1973-08-11,1.63,Low
1973-08-12,1.62,Low
1973-08-13,1.62,Low
1973-08-14,1.62,Low
1973-08-15,1.61,Low
1973-08-16,1.61,Low
1973-08-17,1.61,Low
1973-08-18,1.6,Low
1973-08-19,1.6,Low
1973-08-20,1.6,Low
1973-08-21,1.6,Low
1973-08-22,1.6,Low
1973-08-23,1.59,Low
1973-08-24,1.59,Low
1973-08-25,1.59,Low
1973-08-26,1.59,Low
1973-08-27,1.58,Low
1973-08-28,1.57,Low
1973-08-29,1.57,Low
1973-08-30,1.56,Low
1973-08-31,1.56,Low
1973-09-01,1.56,Low
1973-09-02,1.56,Low
1973-09-03,1.57,Low
1973-09-04,1.58,Low
1973-09-05,1.58,Low
1973-09-06,1.58,Low
1973-09-07,1.58,Low
1973-09-08,1.57,Low
1973-09-09,1.56,Low
1973-09-10,1.56,Low
1973-09-11,1.56,Low
1973-09-12,1.56,Low
1973-09-13,1.56,Low
1973-09-14,1.56,Low
1973-09-15,1.58,Low
1973-09-16,1.58,Low
1973-09-17,1.58,Low
1973-09-18,1.59,Low
1973-09-19,1.59,Low
1973-09-20,1.57,Low
1973-09-21,1.56,Low
1973-09-22,1.56,Low
1973-09-23,1.56,Low
1973-09-24,1.56,Low
1973-09-25,1.55,Low
1973-09-26,1.55,Low
1973-09-27,1.55,Low
1973-09-28,1.56,Low
1973-09-29,1.55,Low
1973-09-30,1.55,Low
1973-10-01,1.54,Low
1973-10-02,1.53,Low
1973-10-03,1.53,Low
1973-10-04,1.54,Low
1973-10-05,1.55,Low
1973-10-06,1.57,Low
1973-10-07,1.59,Low
1973-10-08,1.62,Low
1973-10-09,1.64,Low
1973-10-10,1.66,Low
1973-10-11,1.66,Low
1973-10-12,1.65,Low
1973-10-13,1.67,Low
1973-10-14,1.71,Low
1973-10-15,1.72,Low
1973-10-16,1.74,Low
1973-10-17,1.77,Low
1973-10-18,1.8,Low
1973-10-19,1.82,Low
1973-10-20,1.85,Low
1973-10-21,1.86,Low
1973-10-22,1.88,Low
1973-10-23,1.89,Low
1973-10-24,1.91,Low
1973-10-25,1.92,Low
1973-10-26,1.93,Low
1973-10-27,1.95,Low
1973-10-28,1.97,Low
1973-10-29,1.97,Low
1973-10-30,1.95,Low
1973-10-31,1.91,Low
1973-11-01,1.86,Low
1973-11-02,1.86,Low
1973-11-03,1.86,Low
1973-11-04,1.87,Low
1973-11-05,1.88,Low
1973-11-06,1.89,Low
1973-11-07,1.9,Low
1973-11-08,1.89,Low
1973-11-09,1.88,Low
1973-11-10,1.91,Low
1973-11-11,1.91,Rising
1973-11-12,1.95,Rising
1973-11-13,1.96,Rising
1973-11-14,1.98,Rising
1973-11-15,1.99,Rising
1973-11-16,2.0,Rising
1973-11-17,2.0,Rising
1973-11-18,2.05,Rising
1973-11-19,2.06,Rising
1973-11-20,2.05,Rising
1973-11-21,2.05,Rising
1973-11-22,2.05,Rising
1973-11-23,2.06,Rising
1973-11-24,2.09,Rising
1973-11-25,2.11,Rising
1973-11-26,2.12,Rising
1973-11-27,2.14,Rising
1973-11-28,2.15,Rising
1973-11-29,2.16,Rising
1973-11-30,2.17,Rising
1973-12-01,2.19,Rising
1973-12-02,2.2,Rising
1973-12-03,2.22,Rising
1973-12-04,2.24,Rising
1973-12-05,2.27,Rising
1973-12-06,2.28,Rising
1973-12-07,2.3,Rising
1973-12-08,2.32,Rising
1973-12-09,2.31,Rising
1973-12-10,2.3,Rising
1973-12-11,2.31,Rising
1973-12-12,2.32,Rising
1973-12-13,2.29,Rising
1973-12-14,2.27,Rising
1973-12-15,2.26,Rising
1973-12-16,2.24,Rising
1973-12-17,2.23,Rising
1973-12-18,2.22,Rising
1973-12-19,2.23,Rising
1973-12-20,2.23,Rising
1973-12-21,2.25,Rising
1973-12-22,2.25,Rising
1973-12-23,2.25,Rising
1973-12-24,2.25,Rising
1973-12-25,2.25,Rising
1973-12-26,2.27,Rising
1973-12-27,2.3,Rising
1973-12-28,2.32,Rising
1973-12-29,2.34,Rising
1973-12-30,2.36,Rising
1973-12-31,2.36,Rising
1974-01-01,2.41,Rising
1974-01-02,2.42,Rising
1974-01-03,2.44,Rising
1974-01-04,2.45,Rising
1974-01-05,2.47,Rising
1974-01-06,2.5,Rising
1974-01-07,2.54,Rising
1974-01-08,2.57,Rising
1974-01-09,2.6,Rising
1974-01-10,2.64,Rising
1974-01-11,2.69,Rising
1974-01-12,2.75,Rising
1974-01-13,2.81,Rising
1974-01-14,2.88,Rising
1974-01-15,2.96,Rising
1974-01-16,3.03,Rising
1974-01-17,3.11,Rising
1974-01-18,3.19,Rising
1974-01-19,3.28,Rising
1974-01-20,3.34,Rising
1974-01-21,3.42,Rising
1974-01-22,3.47,Rising
1974-01-23,3.51,Rising
1974-01-24,3.55,Rising
1974-01-25,3.56,Rising
1974-01-26,3.58,Rising
1974-01-27,3.57,Rising
1974-01-28,3.55,Rising
1974-01-29,3.55,Rising
1974-01-30,3.59,Rising
1974-01-31,3.66,Rising
1974-02-01,3.75,Rising
1974-02-02,3.85,Rising
1974-02-03,3.96,Rising
1974-02-04,4.07,Rising
1974-02-05,4.16,Rising
1974-02-06,4.22,Rising
1974-02-07,4.28,Rising
1974-02-08,4.36,Rising
1974-02-09,4.43,Rising
1974-02-10,4.49,Rising
1974-02-11,4.55,Rising
1974-02-12,4.58,Rising
1974-02-13,4.62,Rising
1974-02-14,4.62,High
1974-02-15,4.62,High
1974-02-16,4.62,High
1974-02-17,4.62,High
1974-02-18,4.64,High
1974-02-19,4.64,High
1974-02-20,4.64,High
1974-02-21,4.64,High
1974-02-22,4.64,High
1974-02-23,4.68,High
1974-02-24,4.67,High
1974-02-25,4.64,High
1974-02-26,4.62,High
1974-02-27,4.61,High
1974-02-28,4.63,High
1974-03-01,4.6,High
1974-03-02,4.55,High
1974-03-03,4.51,High
1974-03-04,4.48,High
1974-03-05,4.44,High
1974-03-06,4.45,High
1974-03-07,4.42,High
1974-03-08,4.42,High
1974-03-09,4.44,High
1974-03-10,4.47,High
1974-03-11,4.49,High
1974-03-12,4.5,High
1974-03-13,4.54,High
1974-03-14,4.57,High
1974-03-15,4.58,High
1974-03-16,4.59,High
1974-03-17,4.58,High
1974-03-18,4.58,High
1974-03-19,4.58,High
1974-03-20,4.6,High
1974-03-21,4.63,High
1974-03-22,4.65,High
1974-03-23,4.67,High
1974-03-24,4.67,High
1974-03-25,4.68,High
1974-03-26,4.69,High
1974-03-27,4.72,High
1974-03-28,4.77,High
1974-03-29,4.85,High
1974-03-30,4.93,High
1974-03-31,4.99,High
1974-04-01,5.04,High
1974-04-02,5.06,High
1974-04-03,5.07,High
1974-04-04,5.07,High
1974-04-05,5.06,High
1974-04-06,5.05,High
1974-04-07,5.03,High
1974-04-08,5.0,High
1974-04-09,4.99,High
1974-04-10,4.99,High
1974-04-11,4.98,High
1974-04-12,4.94,High
1974-04-13,4.93,High
1974-04-14,4.89,High
1974-04-15,4.85,High
1974-04-16,4.82,High
1974-04-17,4.79,High
1974-04-18,4.75,High
1974-04-19,4.79,High
1974-04-20,4.75,High
1974-04-21,4.71,High
1974-04-22,4.69,High
1974-04-23,4.67,High
1974-04-24,4.66,High
1974-04-25,4.66,High
1974-04-26,4.64,High
1974-04-27,4.62,High
1974-04-28,4.61,High
1974-04-29,4.6,High
1974-04-30,4.58,High
1974-05-01,4.57,High
1974-05-02,4.55,High
1974-05-03,4.53,High
1974-05-04,4.51,High
1974-05-05,4.49,High
1974-05-06,4.47,High
1974-05-07,4.45,High
1974-05-08,4.43,High
1974-05-09,4.41,High
1974-05-10,4.41,Falling
1974-05-11,4.39,Falling
1974-05-12,4.4,Falling
1974-05-13,4.39,Falling
1974-05-14,4.37,Falling
1974-05-15,4.34,Falling
1974-05-16,4.32,Falling
1974-05-17,4.29,Falling
1974-05-18,4.25,Falling
1974-05-19,4.21,Falling
1974-05-20,4.15,Falling
1974-05-21,4.09,Falling
1974-05-22,4.01,Falling
1974-05-23,3.91,Falling
1974-05-24,3.81,Falling
1974-05-25,3.69,Falling
1974-05-26,3.66,Falling
1974-05-27,3.6,Falling
1974-05-28,3.56,Falling
1974-05-29,3.51,Falling
1974-05-30,3.47,Falling
1974-05-31,3.44,Falling
1974-06-01,3.4,Falling
1974-06-02,3.35,Falling
1974-06-03,3.31,Falling
1974-06-04,3.26,Falling
1974-06-05,3.21,Falling
1974-06-06,3.16,Falling
1974-06-07,3.12,Falling
1974-06-08,3.09,Falling
1974-06-09,3.05,Falling
1974-06-10,3.01,Falling
1974-06-11,2.98,Falling
1974-06-12,2.95,Falling
1974-06-13,2.91,Falling
1974-06-14,2.88,Falling
1974-06-15,2.85,Falling
1974-06-16,2.81,Falling
1974-06-17,2.78,Falling
1974-06-18,2.75,Falling
1974-06-19,2.72,Falling
1974-06-20,2.69,Falling
1974-06-21,2.67,Falling
1974-06-22,2.64,Falling
1974-06-23,2.62,Falling
1974-06-24,2.6,Falling
1974-06-25,2.57,Falling
1974-06-26,2.55,Falling
1974-06-27,2.52,Falling
1974-06-28,2.46,Falling
1974-06-29,2.43,Falling
1974-06-30,2.4,Falling
1974-07-01,2.38,Falling
1974-07-02,2.36,Falling
1974-07-03,2.34,Falling
1974-07-04,2.32,Falling
1974-07-05,2.31,Falling
1974-07-06,2.3,Falling
1974-07-07,2.28,Falling
1974-07-08,2.27,Falling
1974-07-09,2.26,Falling
1974-07-10,2.24,Falling
1974-07-11,2.23,Falling
1974-07-12,2.21,Falling
1974-07-13,2.19,Falling
1974-07-14,2.18,Falling
1974-07-15,2.17,Falling
1974-07-16,2.18,Falling
1974-07-17,2.17,Falling
1974-07-18,2.16,Falling
1974-07-19,2.14,Falling
1974-07-20,2.13,Falling
1974-07-21,2.13,Falling
1974-07-22,2.12,Falling
1974-07-23,2.11,Falling
1974-07-24,2.1,Falling
1974-07-25,2.09,Falling
1974-07-26,2.09,Falling
1974-07-27,2.08,Falling
1974-07-28,2.08,Falling
1974-07-29,2.07,Falling
1974-07-30,2.04,Falling
1974-07-31,2.03,Falling
1974-08-01,2.04,Falling
1974-08-02,2.04,Falling
1974-08-03,2.03,Falling
1974-08-04,2.02,Falling
1974-08-05,2.01,Falling
1974-08-06,2.0,Falling
1974-08-07,2.0,Falling
1974-08-08,1.97,Falling
1974-08-09,1.97,Falling
1974-08-10,1.97,Falling
1974-08-11,1.96,Falling
1974-08-12,1.96,Falling
1974-08-13,1.95,Falling
1974-08-14,1.94,Falling
1974-08-15,1.94,Falling
1974-08-16,1.94,Low
1974-08-17,1.95,Low
1974-08-18,1.94,Low
1974-08-19,1.93,Low
1974-08-20,1.93,Low
1974-08-21,1.93,Low
1974-08-22,1.94,Low
1974-08-23,1.94,Low
1974-08-24,1.95,Low
1974-08-25,1.95,Low
1974-08-26,1.94,Low
1974-08-27,1.93,Low
1974-08-28,1.92,Low
1974-08-29,1.91,Low
1974-08-30,1.89,Low
1974-08-31,1.88,Low
1974-09-01,1.88,Falling
1974-09-02,1.87,Falling
1974-09-03,1.87,Falling
1974-09-04,1.87,Falling
1974-09-05,1.87,Falling
1974-09-06,1.86,Falling
1974-09-07,1.86,Falling
1974-09-08,1.85,Falling
1974-09-09,1.85,Low
1974-09-10,1.86,Low
1974-09-11,1.88,Low
1974-09-12,1.89,Low
1974-09-13,1.89,Low
1974-09-14,1.88,Low
1974-09-15,1.87,Low
1974-09-16,1.85,Low
1974-09-17,1.84,Low
1974-09-18,1.83,Low
1974-09-19,1.82,Low
1974-09-20,1.82,Low
1974-09-21,1.81,Low
1974-09-22,1.81,Low
1974-09-23,1.81,Low
1974-09-24,1.81,Low
1974-09-25,1.81,Low
1974-09-26,1.81,Low
1974-09-27,1.83,Low
1974-09-28,1.84,Low
1974-09-29,1.85,Low
1974-09-30,1.85,Low
1974-10-01,1.85,Low
1974-10-02,1.84,Low
1974-10-03,1.84,Low
1974-10-04,1.84,Low
1974-10-05,1.83,Low
1974-10-06,1.83,Low
1974-10-07,1.82,Low
1974-10-08,1.82,Low
1974-10-09,1.81,Low
1974-10-10,1.81,Low
1974-10-11,1.81,Low
1974-10-12,1.81,Low
1974-10-13,1.81,Low
1974-10-14,1.81,Low
1974-10-15,1.83,Low
1974-10-16,1.82,Low
1974-10-17,1.81,Low
1974-10-18,1.8,Low
1974-10-19,1.8,Low
1974-10-20,1.79,Low
1974-10-21,1.79,Low
1974-10-22,1.79,Low
1974-10-23,1.79,Low
1974-10-24,1.8,Low
1974-10-25,1.85,Low
1974-10-26,1.86,Low
1974-10-27,1.86,Low
1974-10-28,1.89,Low
1974-10-29,1.89,Low
1974-10-30,1.88,Low
1974-10-31,1.86,Low
1974-11-01,1.85,Low
1974-11-02,1.85,Low
1974-11-03,1.86,Low
1974-11-04,1.88,Low
1974-11-05,1.9,Low
1974-11-06,1.91,Low
1974-11-07,1.91,Low
1974-11-08,1.92,Low
1974-11-09,1.9,Low
1974-11-10,1.88,Low
1974-11-11,1.88,Low
1974-11-12,1.88,Low
1974-11-13,1.89,Low
1974-11-14,1.86,Low
1974-11-15,1.84,Low
1974-11-16,1.82,Low
1974-11-17,1.8,Low
1974-11-18,1.79,Low
1974-11-19,1.78,Low
1974-11-20,1.78,Rising
1974-11-21,1.81,Rising
1974-11-22,1.84,Rising
1974-11-23,1.86,Rising
1974-11-24,1.86,Rising
1974-11-25,1.83,Rising
1974-11-26,1.81,Rising
1974-11-27,1.81,Rising
1974-11-28,1.88,Rising
1974-11-29,1.91,Rising
1974-11-30,1.92,Rising
1974-12-01,1.94,Rising
1974-12-02,1.97,Rising
1974-12-03,1.99,Rising
1974-12-04,1.99,Rising
1974-12-05,2.02,Rising
1974-12-06,2.02,Rising
1974-12-07,2.02,Rising
1974-12-08,2.02,Rising
1974-12-09,2.03,Rising
1974-12-10,2.05,Rising
1974-12-11,2.06,Rising
1974-12-12,2.06,Rising
1974-12-13,2.06,Rising
1974-12-14,2.08,Rising
1974-12-15,2.11,Rising
1974-12-16,2.11,Rising
1974-12-17,2.2,Rising
1974-12-18,2.22,Rising
1974-12-19,2.24,Rising
1974-12-20,2.27,Rising
1974-12-21,2.28,Rising
1974-12-22,2.3,Rising
1974-12-23,2.31,Rising
1974-12-24,2.33,Rising
1974-12-25,2.33,Rising
1974-12-26,2.34,Rising
1974-12-27,2.36,Rising
1974-12-28,2.37,Rising
1974-12-29,2.4,Rising
1974-12-30,2.44,Rising
1974-12-31,2.46,Rising
1975-01-01,2.45,Rising
1975-01-02,2.47,Rising
1975-01-03,2.5,Rising
1975-01-04,2.5,Rising
1975-01-05,2.5,Rising
1975-01-06,2.5,Rising
1975-01-07,2.5,Rising
1975-01-08,2.51,Rising
1975-01-09,2.51,Rising
1975-01-10,2.51,Rising
1975-01-11,2.52,Rising
1975-01-12,2.53,Rising
1975-01-13,2.57,Rising
1975-01-14,2.62,Rising
1975-01-15,2.66,Rising
1975-01-16,2.71,Rising
1975-01-17,2.75,Rising
1975-01-18,2.79,Rising
1975-01-19,2.83,Rising
1975-01-20,2.88,Rising
1975-01-21,2.92,Rising
1975-01-22,3.0,Rising
1975-01-23,3.07,Rising
1975-01-24,3.12,Rising
1975-01-25,3.15,Rising
1975-01-26,3.18,Rising
1975-01-27,3.19,Rising
1975-01-28,3.23,Rising
1975-01-29,3.31,Rising
1975-01-30,3.35,Rising
1975-01-31,3.36,Rising
1975-02-01,3.34,Rising
1975-02-02,3.33,Rising
1975-02-03,3.32,Rising
1975-02-04,3.32,Rising
1975-02-05,3.33,Rising
1975-02-06,3.32,Rising
1975-02-07,3.31,Rising
1975-02-08,3.3,Rising
1975-02-09,3.29,Rising
1975-02-10,3.28,Rising
1975-02-11,3.29,Rising
1975-02-12,3.3,Rising
1975-02-13,3.31,Rising
1975-02-14,3.33,Rising
1975-02-15,3.35,High
1975-02-16,3.36,High
1975-02-17,3.36,High
1975-02-18,3.44,High
1975-02-19,3.47,High
1975-02-20,3.5,High
1975-02-21,3.53,High
1975-02-22,3.59,High
1975-02-23,3.66,High
1975-02-24,3.76,High
1975-02-25,3.88,High
1975-02-26,3.99,High
1975-02-27,4.08,High
1975-02-28,4.14,High
1975-03-01,4.18,High
1975-03-02,4.21,High
1975-03-03,4.23,High
1975-03-04,4.26,High
1975-03-05,4.27,High
1975-03-06,4.31,High
1975-03-07,4.32,High
1975-03-08,4.34,High
1975-03-09,4.36,High
1975-03-10,4.38,High
1975-03-11,4.39,High
1975-03-12,4.38,High
1975-03-13,4.36,High
1975-03-14,4.34,High
1975-03-15,4.3,High
1975-03-16,4.26,High
1975-03-17,4.24,High
1975-03-18,4.2,High
1975-03-19,4.16,High
1975-03-20,4.11,High
1975-03-21,4.06,High
1975-03-22,4.0,High
1975-03-23,3.95,High
1975-03-24,3.9,High
1975-03-25,3.86,High
1975-03-26,3.82,High
1975-03-27,3.79,High
1975-03-28,3.76,High
1975-03-29,3.72,High
1975-03-30,3.73,High
1975-03-31,3.76,High
1975-04-01,3.82,High
1975-04-02,3.88,High
1975-04-03,3.92,High
1975-04-04,3.94,High
1975-04-05,3.96,High
1975-04-06,3.97,High
1975-04-07,3.98,High
1975-04-08,3.99,High
1975-04-09,4.06,High
1975-04-10,4.09,High
1975-04-11,4.14,High
1975-04-12,4.17,High
1975-04-13,4.19,High
1975-04-14,4.23,High
1975-04-15,4.3,High
1975-04-16,4.33,High
1975-04-17,4.38,High
1975-04-18,4.43,High
1975-04-19,4.48,High
1975-04-20,4.51,High
1975-04-21,4.55,High
1975-04-22,4.58,High
1975-04-23,4.6,High
1975-04-24,4.62,High
1975-04-25,4.64,High
1975-04-26,4.64,High
1975-04-27,4.65,High
1975-04-28,4.65,High
1975-04-29,4.65,High
1975-04-30,4.65,High
1975-05-01,4.66,High
1975-05-02,4.64,High
1975-05-03,4.63,High
1975-05-04,4.61,High
1975-05-05,4.59,High
1975-05-06,4.56,High
1975-05-07,4.53,High
1975-05-08,4.5,High
1975-05-09,4.45,High
1975-05-10,4.4,High
1975-05-11,4.33,High
1975-05-12,4.26,High
1975-05-13,4.17,High
1975-05-14,4.07,High
1975-05-15,3.96,High
1975-05-16,3.89,High
1975-05-17,3.83,High
1975-05-18,3.77,High
1975-05-19,3.71,High
1975-05-20,3.66,High
1975-05-21,3.6,High
1975-05-22,3.55,High
1975-05-23,3.49,High
1975-05-24,3.44,Falling
1975-05-25,3.37,Falling
1975-05-26,3.3,Falling
1975-05-27,3.23,Falling
1975-05-28,3.14,Falling
1975-05-29,3.05,Falling
1975-05-30,2.97,Falling
1975-05-31,2.9,Falling
1975-06-01,2.83,Falling
1975-06-02,2.78,Falling
1975-06-03,2.72,Falling
1975-06-04,2.67,Falling
1975-06-05,2.63,Falling
1975-06-06,2.58,Falling
1975-06-07,2.54,Falling
1975-06-08,2.5,Falling
1975-06-09,2.46,Falling
1975-06-10,2.43,Falling
1975-06-11,2.41,Falling
1975-06-12,2.39,Falling
1975-06-13,2.37,Falling
1975-06-14,2.35,Falling
1975-06-15,2.32,Falling
1975-06-16,2.3,Falling
1975-06-17,2.28,Falling
1975-06-18,2.26,Falling
1975-06-19,2.24,Falling
1975-06-20,2.22,Falling
1975-06-21,2.2,Falling
1975-06-22,2.18,Falling
1975-06-23,2.18,Falling
1975-06-24,2.17,Falling
1975-06-25,2.16,Falling
1975-06-26,2.13,Falling
1975-06-27,2.12,Falling
1975-06-28,2.11,Falling
1975-06-29,2.11,Falling
1975-06-30,2.1,Falling
1975-07-01,2.1,Falling
1975-07-02,2.1,Falling
1975-07-03,2.12,Falling
1975-07-04,2.12,Falling
1975-07-05,2.11,Falling
1975-07-06,2.09,Falling
1975-07-07,2.08,Falling
1975-07-08,2.07,Falling
1975-07-09,2.07,Falling
1975-07-10,2.06,Falling
1975-07-11,2.06,Falling
1975-07-12,2.06,Falling
1975-07-13,2.06,Falling
1975-07-14,2.07,Falling
1975-07-15,2.06,Falling
1975-07-16,2.06,Falling
1975-07-17,2.03,Falling
1975-07-18,2.01,Falling
1975-07-19,1.99,Falling
1975-07-20,1.98,Falling
1975-07-21,1.97,Falling
1975-07-22,1.97,Falling
1975-07-23,1.97,Falling
1975-07-24,1.97,Falling
1975-07-25,1.96,Falling
1975-07-26,1.95,Falling
1975-07-27,1.95,Falling
1975-07-28,1.95,Falling
1975-07-29,1.95,Falling
1975-07-30,1.94,Falling
1975-07-31,1.94,Falling
1975-08-01,1.93,Falling
1975-08-02,1.93,Falling
1975-08-03,1.92,Falling
1975-08-04,1.91,Falling
1975-08-05,1.91,Falling
1975-08-06,1.9,Falling
1975-08-07,1.89,Falling
1975-08-08,1.89,Falling
1975-08-09,1.88,Falling
1975-08-10,1.87,Falling
1975-08-11,1.86,Falling
1975-08-12,1.86,Falling
1975-08-13,1.86,Falling
1975-08-14,1.86,Low
1975-08-15,1.85,Low
1975-08-16,1.85,Low
1975-08-17,1.84,Low
1975-08-18,1.84,Low
1975-08-19,1.84,Low
1975-08-20,1.84,Low
1975-08-21,1.84,Low
1975-08-22,1.83,Low
1975-08-23,1.83,Low
1975-08-24,1.82,Low
1975-08-25,1.82,Low
1975-08-26,1.81,Low
1975-08-27,1.8,Low
1975-08-28,1.8,Low
1975-08-29,1.8,Low
1975-08-30,1.8,Low
1975-08-31,1.8,Low
1975-09-01,1.8,Low
1975-09-02,1.8,Low
1975-09-03,1.8,Low
1975-09-04,1.79,Low
1975-09-05,1.79,Low
1975-09-06,1.79,Low
1975-09-07,1.79,Low
1975-09-08,1.79,Low
1975-09-09,1.78,Low
1975-09-10,1.78,Low
1975-09-11,1.77,Low
1975-09-12,1.77,Low
1975-09-13,1.76,Low
1975-09-14,1.76,Low
1975-09-15,1.75,Low
1975-09-16,1.75,Low
1975-09-17,1.75,Low
1975-09-18,1.75,Low
1975-09-19,1.75,Low
1975-09-20,1.75,Low
1975-09-21,1.74,Low
1975-09-22,1.74,Low
1975-09-23,1.73,Low
1975-09-24,1.73,Low
1975-09-25,1.72,Low
1975-09-26,1.71,Low
1975-09-27,1.7,Low
1975-09-28,1.71,Low
1975-09-29,1.71,Low
1975-09-30,1.71,Low
1975-10-01,1.73,Low
1975-10-02,1.75,Low
1975-10-03,1.77,Low
1975-10-04,1.77,Low
1975-10-05,1.78,Low
1975-10-06,1.78,Low
1975-10-07,1.77,Low
1975-10-08,1.76,Low
1975-10-09,1.78,Low
1975-10-10,1.75,Low
1975-10-11,1.74,Low
1975-10-12,1.73,Low
1975-10-13,1.73,Low
1975-10-14,1.74,Low
1975-10-15,1.74,Low
1975-10-16,1.78,Low
1975-10-17,1.81,Low
1975-10-18,1.85,Low
1975-10-19,1.86,Low
1975-10-20,1.86,Low
1975-10-21,1.86,Low
1975-10-22,1.86,Low
1975-10-23,1.86,Low
1975-10-24,1.86,Low
1975-10-25,1.85,Low
1975-10-26,1.86,Low
1975-10-27,1.88,Low
1975-10-28,1.9,Low
1975-10-29,1.93,Low
1975-10-30,1.94,Low
1975-10-31,1.95,Low
1975-11-01,1.94,Low
1975-11-02,1.91,Low
1975-11-03,1.9,Low
1975-11-04,1.87,Low
1975-11-05,1.85,Low
1975-11-06,1.84,Low
1975-11-07,1.88,Low
1975-11-08,1.9,Low
1975-11-09,1.94,Low
1975-11-10,1.98,Low
1975-11-11,1.99,Low
1975-11-12,2.0,Low
1975-11-13,2.03,Low
1975-11-14,2.03,Low
1975-11-15,2.03,Rising
1975-11-16,2.04,Rising
1975-11-17,2.04,Rising
1975-11-18,2.06,Rising
1975-11-19,2.09,Rising
1975-11-20,2.13,Rising
1975-11-21,2.16,Rising
1975-11-22,2.17,Rising
1975-11-23,2.16,Rising
1975-11-24,2.19,Rising
1975-11-25,2.19,Rising
1975-11-26,2.19,Rising
1975-11-27,2.21,Rising
1975-11-28,2.22,Rising
1975-11-29,2.24,Rising
1975-11-30,2.32,Rising
1975-12-01,2.35,Rising
1975-12-02,2.39,Rising
1975-12-03,2.42,Rising
1975-12-04,2.44,Rising
1975-12-05,2.46,Rising
1975-12-06,2.56,Rising
1975-12-07,2.58,Rising
1975-12-08,2.61,Rising
1975-12-09,2.63,Rising
1975-12-10,2.65,Rising
1975-12-11,2.69,Rising
1975-12-12,2.73,Rising
1975-12-13,2.77,Rising
1975-12-14,2.82,Rising
1975-12-15,2.86,Rising
1975-12-16,2.92,Rising
1975-12-17,2.95,Rising
1975-12-18,3.03,Rising
1975-12-19,3.08,Rising
1975-12-20,3.14,Rising
1975-12-21,3.19,Rising
1975-12-22,3.25,Rising
1975-12-23,3.32,Rising
1975-12-24,3.36,Rising
1975-12-25,3.38,Rising
1975-12-26,3.39,Rising
1975-12-27,3.37,Rising
1975-12-28,3.37,Rising
1975-12-29,3.35,Rising
1975-12-30,3.34,Rising
1975-12-31,3.3,Rising
1976-01-01,3.26,Rising
1976-01-02,3.24,Rising
1976-01-03,3.2,Rising
1976-01-04,3.16,Rising
1976-01-05,3.13,Falling
1976-01-06,3.09,Falling
1976-01-07,3.05,Falling
1976-01-08,3.03,Falling
1976-01-09,3.02,Falling
1976-01-10,3.01,Falling
1976-01-11,3.01,Rising
1976-01-12,3.03,Rising
1976-01-13,3.04,Rising
1976-01-14,3.06,Rising
1976-01-15,3.08,Rising
1976-01-16,3.11,Rising
1976-01-17,3.12,Rising
1976-01-18,3.13,Rising
1976-01-19,3.14,Rising
1976-01-20,3.14,Rising
1976-01-21,3.16,Rising
1976-01-22,3.22,Rising
1976-01-23,3.29,Rising
1976-01-24,3.37,Rising
1976-01-25,3.47,Rising
1976-01-26,3.57,Rising
1976-01-27,3.62,Rising
1976-01-28,3.65,Rising
1976-01-29,3.65,Rising
1976-01-30,3.64,Rising
1976-01-31,3.63,Rising
1976-02-01,3.6,Rising
1976-02-02,3.58,Rising
1976-02-03,3.54,Rising
1976-02-04,3.5,Rising
1976-02-05,3.48,Rising
1976-02-06,3.54,High
1976-02-07,3.58,High
1976-02-08,3.69,High
1976-02-09,3.83,High
1976-02-10,3.93,High
1976-02-11,3.99,High
1976-02-12,4.09,High
1976-02-13,4.16,High
1976-02-14,4.2,High
1976-02-15,4.23,High
1976-02-16,4.26,High
1976-02-17,4.31,High
1976-02-18,4.36,High
1976-02-19,4.41,High
1976-02-20,4.46,High
1976-02-21,4.53,High
1976-02-22,4.61,High
1976-02-23,4.69,High
1976-02-24,4.76,High
1976-02-25,4.82,High
1976-02-26,4.9,High
1976-02-27,4.97,High
1976-02-28,5.05,High
1976-02-29,5.08,High
1976-03-01,5.09,High
1976-03-02,5.12,High
1976-03-03,5.12,High
1976-03-04,5.12,High
1976-03-05,5.12,High
1976-03-06,5.12,High
1976-03-07,5.12,High
1976-03-08,5.11,High
1976-03-09,5.11,High
1976-03-10,5.1,High
1976-03-11,5.08,High
1976-03-12,5.07,High
1976-03-13,5.05,High
1976-03-14,5.02,High
1976-03-15,4.99,High
1976-03-16,4.97,High
1976-03-17,4.96,High
1976-03-18,4.96,High
1976-03-19,4.96,High
1976-03-20,4.96,High
1976-03-21,4.95,High
1976-03-22,4.96,High
1976-03-23,4.94,High
1976-03-24,4.92,High
1976-03-25,4.91,High
1976-03-26,5.02,High
1976-03-27,5.01,High
1976-03-28,5.01,High
1976-03-29,4.98,High
1976-03-30,4.98,High
1976-03-31,4.99,High
1976-04-01,5.0,High
1976-04-02,5.01,High
1976-04-03,5.01,High
1976-04-04,5.0,High
1976-04-05,4.99,High
1976-04-06,4.99,High
1976-04-07,4.98,High
1976-04-08,4.98,High
1976-04-09,4.98,High
1976-04-10,4.98,High
1976-04-11,4.98,High
1976-04-12,4.94,High
1976-04-13,4.91,High
1976-04-14,4.88,High
1976-04-15,4.84,High
1976-04-16,4.82,High
1976-04-17,4.78,High
1976-04-18,4.74,High
1976-04-19,4.7,High
1976-04-20,4.66,High
1976-04-21,4.6,High
1976-04-22,4.55,High
1976-04-23,4.5,High
1976-04-24,4.47,High
1976-04-25,4.45,High
1976-04-26,4.44,High
1976-04-27,4.43,High
1976-04-28,4.42,High
1976-04-29,4.41,High
1976-04-30,4.41,High
1976-05-01,4.39,High
1976-05-02,4.37,High
1976-05-03,4.35,High
1976-05-04,4.32,High
1976-05-05,4.27,High
1976-05-06,4.21,High
1976-05-07,4.13,High
1976-05-08,4.03,High
1976-05-09,3.94,High
1976-05-10,3.82,High
1976-05-11,3.69,High
1976-05-12,3.59,High
1976-05-13,3.49,Falling
1976-05-14,3.41,Falling
1976-05-15,3.34,Falling
1976-05-16,3.27,Falling
1976-05-17,3.26,Falling
1976-05-18,3.18,Falling
1976-05-19,3.2,Falling
1976-05-20,3.27,Falling
1976-05-21,3.32,Falling
1976-05-22,3.35,Falling
1976-05-23,3.39,Falling
1976-05-24,3.44,Falling
1976-05-25,3.47,Falling
1976-05-26,3.49,Falling
1976-05-27,3.49,Falling
1976-05-28,3.47,Falling
1976-05-29,3.44,Falling
1976-05-30,3.4,Falling
1976-05-31,3.37,Falling
1976-06-01,3.36,Falling
1976-06-02,3.36,Falling
1976-06-03,3.37,Falling
1976-06-04,3.37,Falling
1976-06-05,3.38,Falling
1976-06-06,3.45,Falling
1976-06-07,3.47,Falling
1976-06-08,3.46,Falling
1976-06-09,3.45,Falling
1976-06-10,3.45,Falling
1976-06-11,3.4,Falling
1976-06-12,3.36,Falling
1976-06-13,3.32,Falling
1976-06-14,3.27,Falling
1976-06-15,3.22,Falling
1976-06-16,3.18,Falling
1976-06-17,3.13,Falling
1976-06-18,3.08,Falling
1976-06-19,3.03,Falling
1976-06-20,2.98,Falling
1976-06-21,2.93,Falling
1976-06-22,2.87,Falling
1976-06-23,2.82,Falling
1976-06-24,2.77,Falling
1976-06-25,2.74,Falling
1976-06-26,2.7,Falling
1976-06-27,2.66,Falling
1976-06-28,2.62,Falling
1976-06-29,2.59,Falling
1976-06-30,2.56,Falling
1976-07-01,2.53,Falling
1976-07-02,2.51,Falling
1976-07-03,2.48,Falling
1976-07-04,2.46,Falling
1976-07-05,2.44,Falling
1976-07-06,2.42,Falling
1976-07-07,2.41,Falling
1976-07-08,2.4,Falling
1976-07-09,2.38,Falling
1976-07-10,2.37,Falling
1976-07-11,2.36,Falling
1976-07-12,2.35,Falling
1976-07-13,2.34,Falling
1976-07-14,2.35,Falling
1976-07-15,2.31,Falling
1976-07-16,2.3,Falling
1976-07-17,2.3,Falling
1976-07-18,2.29,Falling
1976-07-19,2.28,Falling
1976-07-20,2.27,Falling
1976-07-21,2.26,Falling
1976-07-22,2.25,Falling
1976-07-23,2.23,Falling
1976-07-24,2.22,Falling
1976-07-25,2.21,Falling
1976-07-26,2.2,Falling
1976-07-27,2.19,Falling
1976-07-28,2.18,Falling
1976-07-29,2.16,Falling
1976-07-30,2.15,Falling
1976-07-31,2.11,Falling
1976-08-01,2.13,Falling
1976-08-02,2.12,Falling
1976-08-03,2.11,Falling
1976-08-04,2.1,Falling
1976-08-05,2.08,Falling
1976-08-06,2.07,Falling
1976-08-07,2.07,Falling
1976-08-08,2.06,Falling
1976-08-09,2.06,Falling
1976-08-10,2.05,Falling
1976-08-11,2.05,Falling
1976-08-12,2.04,Falling
1976-08-13,2.03,Falling
1976-08-14,2.02,Falling
1976-08-15,2.02,Falling
1976-08-16,2.01,Falling
1976-08-17,2.0,Falling
1976-08-18,2.01,Low
1976-08-19,2.02,Low
1976-08-20,2.02,Low
1976-08-21,2.01,Low
1976-08-22,2.01,Low
1976-08-23,2.01,Low
1976-08-24,2.0,Low
1976-08-25,2.01,Low
1976-08-26,2.01,Low
1976-08-27,2.01,Low
1976-08-28,2.01,Low
1976-08-29,1.99,Low
1976-08-30,1.98,Low
1976-08-31,1.98,Low
1976-09-01,1.97,Low
1976-09-02,1.95,Low
1976-09-03,1.94,Low
1976-09-04,1.93,Low
1976-09-05,1.93,Low
1976-09-06,1.92,Low
1976-09-07,1.92,Low
1976-09-08,1.92,Low
1976-09-09,1.91,Low
1976-09-10,1.91,Low
1976-09-11,1.9,Low
1976-09-12,1.9,Low
1976-09-13,1.91,Low
1976-09-14,1.92,Low
1976-09-15,1.95,Low
1976-09-16,1.94,Low
1976-09-17,1.94,Low
1976-09-18,1.94,Low
1976-09-19,1.96,Low
1976-09-20,1.97,Low
1976-09-21,1.98,Low
1976-09-22,2.0,Low
1976-09-23,2.01,Low
1976-09-24,2.02,Low
1976-09-25,2.03,Low
1976-09-26,2.08,Low
1976-09-27,2.09,Low
1976-09-28,2.1,Low
1976-09-29,2.11,Low
1976-09-30,2.11,Low
1976-10-01,2.11,Low
1976-10-02,2.1,Low
1976-10-03,2.1,Low
1976-10-04,2.1,Low
1976-10-05,2.11,Low
1976-10-06,2.15,Low
1976-10-07,2.16,Low
1976-10-08,2.17,Low
1976-10-09,2.18,Low
1976-10-10,2.19,Low
1976-10-11,2.19,Low
1976-10-12,2.2,Low
1976-10-13,2.2,Low
1976-10-14,2.19,Low
1976-10-15,2.19,Low
1976-10-16,2.18,Low
1976-10-17,2.17,Low
1976-10-18,2.15,Low
1976-10-19,2.13,Low
1976-10-20,2.1,Low
1976-10-21,2.06,Low
1976-10-22,2.01,Low
1976-10-23,1.98,Low
1976-10-24,1.97,Low
1976-10-25,1.97,Low
1976-10-26,2.02,Low
1976-10-27,2.02,Low
1976-10-28,2.04,Low
1976-10-29,2.05,Low
1976-10-30,2.05,Low
1976-10-31,2.07,Low
1976-11-01,2.08,Low
1976-11-02,2.09,Low
1976-11-03,2.1,Low
1976-11-04,2.12,Low
1976-11-05,2.14,Low
1976-11-06,2.2,Low
1976-11-07,2.26,Low
1976-11-08,2.28,Low
1976-11-09,2.3,Low
1976-11-10,2.32,Low
1976-11-11,2.34,Low
1976-11-12,2.37,Rising
1976-11-13,2.41,Rising
1976-11-14,2.43,Rising
1976-11-15,2.43,Rising
1976-11-16,2.43,Rising
1976-11-17,2.43,Rising
1976-11-18,2.45,Rising
1976-11-19,2.48,Rising
1976-11-20,2.5,Rising
1976-11-21,2.5,Rising
1976-11-22,2.5,Rising
1976-11-23,2.51,Rising
1976-11-24,2.52,Rising
1976-11-25,2.51,Rising
1976-11-26,2.49,Rising
1976-11-27,2.49,Rising
1976-11-28,2.49,Rising
1976-11-29,2.64,Rising
1976-11-30,2.65,Rising
1976-12-01,2.69,Rising
1976-12-02,2.75,Rising
1976-12-03,2.77,Rising
1976-12-04,2.8,Rising
1976-12-05,2.81,Rising
1976-12-06,2.81,Rising
1976-12-07,2.82,Rising
1976-12-08,2.84,Rising
1976-12-09,2.88,Rising
1976-12-10,2.9,Rising
1976-12-11,2.94,Rising
1976-12-12,2.99,Rising
1976-12-13,3.04,Rising
1976-12-14,3.08,Rising
1976-12-15,3.12,Rising
1976-12-16,3.18,Rising
1976-12-17,3.29,Rising
1976-12-18,3.42,Rising
1976-12-19,3.53,Rising
1976-12-20,3.61,Rising
1976-12-21,3.68,Rising
1976-12-22,3.74,Rising
1976-12-23,3.78,Rising
1976-12-24,3.84,Rising
1976-12-25,3.84,Rising
1976-12-26,3.84,Rising
1976-12-27,3.86,Rising
1976-12-28,3.87,Rising
1976-12-29,3.92,Rising
1976-12-30,3.97,Rising
1976-12-31,4.01,Rising
1977-01-01,4.04,Rising
1977-01-02,4.07,Rising
1977-01-03,4.1,Rising
1977-01-04,4.13,Rising
1977-01-05,4.17,Rising
1977-01-06,4.2,Rising
1977-01-07,4.28,Rising
1977-01-08,4.42,Rising
1977-01-09,4.49,Rising
1977-01-10,4.55,High
1977-01-11,4.6,High
1977-01-12,4.65,High
1977-01-13,4.7,High
1977-01-14,4.75,High
1977-01-15,4.78,High
1977-01-16,4.81,High
1977-01-17,4.76,High
1977-01-18,4.73,High
1977-01-19,4.7,High
1977-01-20,4.69,High
1977-01-21,4.69,High
1977-01-22,4.69,High
1977-01-23,4.77,High
1977-01-24,4.77,High
1977-01-25,4.8,High
1977-01-26,4.82,High
1977-01-27,4.84,High
1977-01-28,4.84,High
1977-01-29,4.83,High
1977-01-30,4.82,High
1977-01-31,4.84,High
1977-02-01,4.82,High
1977-02-02,4.84,High
1977-02-03,4.85,High
1977-02-04,4.93,High
1977-02-05,5.02,High
1977-02-06,5.23,High
1977-02-07,5.43,High
1977-02-08,5.6,High
1977-02-09,5.7,High
1977-02-10,5.78,High
1977-02-11,5.86,High
1977-02-12,5.92,High
1977-02-13,5.91,High
1977-02-14,5.87,High
1977-02-15,5.8,High
1977-02-16,5.72,High
1977-02-17,5.66,High
1977-02-18,5.59,High
1977-02-19,5.53,High
1977-02-20,5.48,High
1977-02-21,5.43,High
1977-02-22,5.39,High
1977-02-23,5.36,High
1977-02-24,5.33,High
1977-02-25,5.31,High
1977-02-26,5.28,High
1977-02-27,5.26,High
1977-02-28,5.24,High
1977-03-01,5.22,High
1977-03-02,5.2,High
1977-03-03,5.18,High
1977-03-04,5.15,High
1977-03-05,5.13,High
1977-03-06,5.11,High
1977-03-07,5.08,High
1977-03-08,5.07,High
1977-03-09,5.05,High
1977-03-10,5.01,High
1977-03-11,4.95,High
1977-03-12,4.93,High
1977-03-13,4.91,High
1977-03-14,4.89,High
1977-03-15,4.87,High
1977-03-16,4.84,High
1977-03-17,4.83,High
1977-03-18,4.82,High
1977-03-19,4.83,High
1977-03-20,4.82,High
1977-03-21,4.8,High
1977-03-22,4.78,High
1977-03-23,4.77,High
1977-03-24,4.74,High
1977-03-25,4.71,High
1977-03-26,4.69,High
1977-03-27,4.67,High
1977-03-28,4.65,High
1977-03-29,4.62,High
1977-03-30,4.6,High
1977-03-31,4.6,High
1977-04-01,4.57,High
1977-04-02,4.55,High
1977-04-03,4.53,High
1977-04-04,4.51,High
1977-04-05,4.49,High
1977-04-06,4.47,High
1977-04-07,4.44,High
1977-04-08,4.42,High
1977-04-09,4.4,High
1977-04-10,4.38,Falling
1977-04-11,4.35,Falling
1977-04-12,4.32,Falling
1977-04-13,4.29,Falling
1977-04-14,4.25,Falling
1977-04-15,4.23,Falling
1977-04-16,4.21,Falling
1977-04-17,4.2,Falling
1977-04-18,4.19,Falling
1977-04-19,4.19,Falling
1977-04-20,4.19,Falling
1977-04-21,4.19,Falling
1977-04-22,4.19,Falling
1977-04-23,4.2,Falling
1977-04-24,4.22,Falling
1977-04-25,4.22,Falling
1977-04-26,4.23,Falling
1977-04-27,4.23,Falling
1977-04-28,4.24,Falling
1977-04-29,4.23,Falling
1977-04-30,4.22,Falling
1977-05-01,4.2,Falling
1977-05-02,4.18,Falling
1977-05-03,4.17,Falling
1977-05-04,4.12,Falling
1977-05-05,4.08,Falling
1977-05-06,4.04,Falling
1977-05-07,3.96,Falling
1977-05-08,3.93,Falling
1977-05-09,3.92,Falling
1977-05-10,3.9,Falling
1977-05-11,3.86,Falling
1977-05-12,3.83,Falling
1977-05-13,3.79,Falling
1977-05-14,3.71,Falling
1977-05-15,3.66,Falling
1977-05-16,3.63,Falling
1977-05-17,3.61,Falling
1977-05-18,3.58,Falling
1977-05-19,3.55,Falling
1977-05-20,3.54,Falling
1977-05-21,3.52,Falling
1977-05-22,3.5,Falling
1977-05-23,3.49,Falling
1977-05-24,3.47,Falling
1977-05-25,3.46,Falling
1977-05-26,3.46,Falling
1977-05-27,3.44,Falling
1977-05-28,3.43,Falling
1977-05-29,3.42,Falling
1977-05-30,3.41,Falling
1977-05-31,3.41,Falling
1977-06-01,3.41,Falling
1977-06-02,3.41,Falling
1977-06-03,3.41,Falling
1977-06-04,3.42,Falling
1977-06-05,3.42,Falling
1977-06-06,3.4,Falling
1977-06-07,3.38,Falling
1977-06-08,3.34,Falling
1977-06-09,3.3,Falling
1977-06-10,3.25,Falling
1977-06-11,3.21,Falling
1977-06-12,3.16,Falling
1977-06-13,3.12,Falling
1977-06-14,3.1,Falling
1977-06-15,3.07,Falling
1977-06-16,3.06,Falling
1977-06-17,3.06,Falling
1977-06-18,3.06,Falling
1977-06-19,3.06,Falling
1977-06-20,3.06,Falling
1977-06-21,3.06,Falling
1977-06-22,3.06,Falling
1977-06-23,3.06,Falling
1977-06-24,3.05,Falling
1977-06-25,3.04,Falling
1977-06-26,3.02,Falling
1977-06-27,3.01,Falling
1977-06-28,2.99,Falling
1977-06-29,2.97,Falling
1977-06-30,2.95,Falling
1977-07-01,2.92,Falling
1977-07-02,2.9,Falling
1977-07-03,2.89,Falling
1977-07-04,2.87,Falling
1977-07-05,2.85,Falling
1977-07-06,2.84,Falling
1977-07-07,2.82,Falling
1977-07-08,2.8,Falling
1977-07-09,2.79,Falling
1977-07-10,2.76,Falling
1977-07-11,2.75,Falling
1977-07-12,2.73,Falling
1977-07-13,2.71,Falling
1977-07-14,2.68,Falling
1977-07-15,2.66,Falling
1977-07-16,2.63,Falling
1977-07-17,2.6,Falling
1977-07-18,2.58,Falling
1977-07-19,2.56,Falling
1977-07-20,2.54,Falling
1977-07-21,2.52,Falling
1977-07-22,2.51,Falling
1977-07-23,2.49,Falling
1977-07-24,2.47,Falling
1977-07-25,2.46,Falling
1977-07-26,2.45,Falling
1977-07-27,2.44,Falling
1977-07-28,2.43,Falling
1977-07-29,2.42,Falling
1977-07-30,2.41,Falling
1977-07-31,2.4,Falling
1977-08-01,2.39,Falling
1977-08-02,2.38,Falling
1977-08-03,2.38,Falling
1977-08-04,2.37,Falling
1977-08-05,2.36,Falling
1977-08-06,2.35,Falling
1977-08-07,2.34,Falling
1977-08-08,2.32,Falling
1977-08-09,2.31,Falling
1977-08-10,2.3,Falling
1977-08-11,2.3,Falling
1977-08-12,2.29,Low
1977-08-13,2.27,Low
1977-08-14,2.26,Low
1977-08-15,2.26,Low
1977-08-16,2.25,Low
1977-08-17,2.24,Low
1977-08-18,2.23,Low
1977-08-19,2.22,Low
1977-08-20,2.21,Low
1977-08-21,2.2,Low
1977-08-22,2.2,Low
1977-08-23,2.19,Low
1977-08-24,2.22,Low
1977-08-25,2.21,Low
1977-08-26,2.2,Low
1977-08-27,2.19,Low
1977-08-28,2.19,Low
1977-08-29,2.19,Low
1977-08-30,2.19,Low
1977-08-31,2.2,Low
1977-09-01,2.22,Low
1977-09-02,2.25,Low
1977-09-03,2.25,Low
1977-09-04,2.25,Low
1977-09-05,2.25,Low
1977-09-06,2.25,Low
1977-09-07,2.25,Low
1977-09-08,2.26,Low
1977-09-09,2.27,Low
1977-09-10,2.28,Low
1977-09-11,2.29,Low
1977-09-12,2.3,Low
1977-09-13,2.32,Low
1977-09-14,2.33,Low
1977-09-15,2.34,Low
1977-09-16,2.35,Low
1977-09-17,2.34,Low
1977-09-18,2.35,Low
1977-09-19,2.34,Low
1977-09-20,2.36,Low
1977-09-21,2.37,Low
1977-09-22,2.37,Low
1977-09-23,2.36,Low
1977-09-24,2.35,Low
1977-09-25,2.34,Low
1977-09-26,2.33,Low
1977-09-27,2.32,Low
1977-09-28,2.32,Low
1977-09-29,2.32,Low
1977-09-30,2.34,Low
1977-10-01,2.25,Low
1977-10-02,2.26,Low
1977-10-03,2.27,Low
1977-10-04,2.28,Low
1977-10-05,2.28,Low
1977-10-06,2.29,Low
1977-10-07,2.28,Low
1977-10-08,2.26,Low
1977-10-09,2.25,Low
1977-10-10,2.24,Low
1977-10-11,2.24,Low
1977-10-12,2.24,Low
1977-10-13,2.24,Low
1977-10-14,2.24,Low
1977-10-15,2.24,Low
1977-10-16,2.24,Low
1977-10-17,2.24,Low
1977-10-18,2.22,Low
1977-10-19,2.2,Low
1977-10-20,2.17,Low
1977-10-21,2.15,Low
1977-10-22,2.13,Low
1977-10-23,2.12,Low
1977-10-24,2.12,Low
1977-10-25,2.15,Low
1977-10-26,2.22,Low
1977-10-27,2.22,Low
1977-10-28,2.22,Low
1977-10-29,2.22,Low
1977-10-30,2.24,Low
1977-10-31,2.24,Low
1977-11-01,2.3,Low
1977-11-02,2.3,Low
1977-11-03,2.3,Low
1977-11-04,2.31,Low
1977-11-05,2.32,Low
1977-11-06,2.32,Low
1977-11-07,2.33,Low
1977-11-08,2.38,Low
1977-11-09,2.4,Low
1977-11-10,2.39,Low
1977-11-11,2.39,Low
1977-11-12,2.4,Low
1977-11-13,2.4,Low
1977-11-14,2.41,Rising
1977-11-15,2.43,Rising
1977-11-16,2.45,Rising
1977-11-17,2.46,Rising
1977-11-18,2.47,Rising
1977-11-19,2.5,Rising
1977-11-20,2.52,Rising
1977-11-21,2.52,Rising
1977-11-22,2.53,Rising
1977-11-23,2.55,Rising
1977-11-24,2.57,Rising
1977-11-25,2.6,Rising
1977-11-26,2.64,Rising
1977-11-27,2.67,Rising
1977-11-28,2.68,Rising
1977-11-29,2.69,Rising
1977-11-30,2.7,Rising
1977-12-01,2.72,Rising
1977-12-02,2.74,Rising
1977-12-03,2.76,Rising
1977-12-04,2.78,Rising
1977-12-05,2.81,Rising
1977-12-06,2.83,Rising
1977-12-07,2.85,Rising
1977-12-08,2.87,Rising
1977-12-09,2.87,Rising
1977-12-10,2.89,Rising
1977-12-11,2.89,Rising
1977-12-12,2.89,Rising
1977-12-13,2.88,Rising
1977-12-14,2.87,Rising
1977-12-15,2.86,Rising
1977-12-16,2.84,Rising
1977-12-17,2.82,Rising
1977-12-18,2.81,Rising
1977-12-19,2.8,Rising
1977-12-20,2.82,Rising
1977-12-21,2.84,Rising
1977-12-22,2.84,Rising
1977-12-23,2.85,Rising
1977-12-24,2.85,Rising
1977-12-25,2.86,Rising
1977-12-26,2.89,Rising
1977-12-27,2.91,Rising
1977-12-28,2.93,Rising
1977-12-29,2.99,Rising
1977-12-30,3.04,Rising
1977-12-31,3.13,Rising
1978-01-01,3.23,Rising
1978-01-02,3.39,Rising
1978-01-03,3.62,Rising
1978-01-04,3.84,Rising
1978-01-05,4.05,Rising
1978-01-06,4.19,Rising
1978-01-07,4.31,Rising
1978-01-08,4.49,Rising
1978-01-09,4.67,Rising
1978-01-10,4.87,Rising
1978-01-11,5.03,Rising
1978-01-12,5.15,High
1978-01-13,5.21,High
1978-01-14,5.3,High
1978-01-15,5.39,High
1978-01-16,5.46,High
1978-01-17,5.51,High
1978-01-18,5.52,High
1978-01-19,5.5,High
1978-01-20,5.49,High
1978-01-21,5.48,High
1978-01-22,5.49,High
1978-01-23,5.49,High
1978-01-24,5.49,High
1978-01-25,5.51,High
1978-01-26,5.52,High
1978-01-27,5.51,High
1978-01-28,5.5,High
1978-01-29,5.47,High
1978-01-30,5.42,High
1978-01-31,5.38,High
1978-02-01,5.34,High
1978-02-02,5.3,High
1978-02-03,5.27,High
1978-02-04,5.25,High
1978-02-05,5.23,High
1978-02-06,5.19,High
1978-02-07,5.16,High
1978-02-08,5.13,High
1978-02-09,5.14,High
1978-02-10,5.12,High
1978-02-11,5.09,High
1978-02-12,5.06,High
1978-02-13,5.03,High
1978-02-14,4.99,High
1978-02-15,4.95,High
1978-02-16,4.91,High
1978-02-17,4.86,High
1978-02-18,4.81,High
1978-02-19,4.79,High
1978-02-20,4.77,High
1978-02-21,4.71,High
1978-02-22,4.67,High
1978-02-23,4.64,High
1978-02-24,4.63,High
1978-02-25,4.62,High
1978-02-26,4.6,High
1978-02-27,4.61,High
1978-02-28,4.67,High
1978-03-01,4.68,High
1978-03-02,4.68,High
1978-03-03,4.68,High
1978-03-04,4.69,High
1978-03-05,4.71,High
1978-03-06,4.76,High
1978-03-07,4.86,High
1978-03-08,5.02,High
1978-03-09,5.18,High
1978-03-10,5.27,High
1978-03-11,5.33,High
1978-03-12,5.39,High
1978-03-13,5.44,High
1978-03-14,5.46,High
1978-03-15,5.47,High
1978-03-16,5.46,High
1978-03-17,5.43,High
1978-03-18,5.4,High
1978-03-19,5.37,High
1978-03-20,5.34,High
1978-03-21,5.3,High
1978-03-22,5.27,High
1978-03-23,5.26,High
1978-03-24,5.24,High
1978-03-25,5.22,High
1978-03-26,5.2,High
1978-03-27,5.17,High
1978-03-28,5.14,High
1978-03-29,5.12,High
1978-03-30,5.08,High
1978-03-31,5.05,High
1978-04-01,5.05,High
1978-04-02,4.98,High
1978-04-03,4.94,High
1978-04-04,4.89,High
1978-04-05,4.85,High
1978-04-06,4.82,High
1978-04-07,4.78,High
1978-04-08,4.73,High
1978-04-09,4.69,High
1978-04-10,4.65,High
1978-04-11,4.59,High
1978-04-12,4.54,Falling
1978-04-13,4.48,Falling
1978-04-14,4.42,Falling
1978-04-15,4.37,Falling
1978-04-16,4.32,Falling
1978-04-17,4.27,Falling
1978-04-18,4.23,Falling
1978-04-19,4.23,Falling
1978-04-20,4.26,Falling
1978-04-21,4.24,Falling
1978-04-22,4.22,Falling
1978-04-23,4.2,Falling
1978-04-24,4.18,Falling
1978-04-25,4.16,Falling
1978-04-26,4.14,Falling
1978-04-27,4.11,Falling
1978-04-28,4.07,Falling
1978-04-29,4.03,Falling
1978-04-30,4.02,Falling
1978-05-01,3.98,Falling
1978-05-02,3.95,Falling
1978-05-03,3.94,Falling
1978-05-04,3.93,Falling
1978-05-05,3.92,Falling
1978-05-06,3.91,Falling
1978-05-07,3.91,Falling
1978-05-08,3.9,Falling
1978-05-09,3.9,Falling
1978-05-10,3.88,Falling
1978-05-11,3.86,Falling
1978-05-12,3.84,Falling
1978-05-13,3.8,Falling
1978-05-14,3.75,Falling
1978-05-15,3.69,Falling
1978-05-16,3.63,Falling
1978-05-17,3.57,Falling
1978-05-18,3.52,Falling
1978-05-19,3.46,Falling
1978-05-20,3.41,Falling
1978-05-21,3.37,Falling
1978-05-22,3.33,Falling
1978-05-23,3.28,Falling
1978-05-24,3.24,Falling
1978-05-25,3.2,Falling
1978-05-26,3.16,Falling
1978-05-27,3.14,Falling
1978-05-28,3.12,Falling
1978-05-29,3.11,Falling
1978-05-30,3.16,Falling
1978-05-31,3.29,Rising
1978-06-01,3.34,Rising
1978-06-02,3.36,Rising
1978-06-03,3.38,Rising
1978-06-04,3.4,Rising
1978-06-05,3.42,Rising
1978-06-06,3.44,Rising
1978-06-07,3.46,Rising
1978-06-08,3.49,Rising
1978-06-09,3.53,Rising
1978-06-10,3.57,Rising
1978-06-11,3.63,Rising
1978-06-12,3.69,Rising
1978-06-13,3.74,Rising
1978-06-14,3.8,Rising
1978-06-15,3.83,Rising
1978-06-16,3.84,Falling
1978-06-17,3.84,Falling
1978-06-18,3.82,Falling
1978-06-19,3.79,Falling
1978-06-20,3.74,Falling
1978-06-21,3.67,Falling
1978-06-22,3.61,Falling
1978-06-23,3.56,Falling
1978-06-24,3.47,Falling
1978-06-25,3.4,Falling
1978-06-26,3.33,Falling
1978-06-27,3.28,Falling
1978-06-28,3.22,Falling
1978-06-29,3.17,Falling
1978-06-30,3.11,Falling
1978-07-01,3.07,Falling
1978-07-02,3.02,Falling
1978-07-03,2.98,Falling
1978-07-04,2.94,Falling
1978-07-05,2.91,Falling
1978-07-06,2.89,Falling
1978-07-07,2.86,Falling
1978-07-08,2.84,Falling
1978-07-09,2.82,Falling
1978-07-10,2.79,Falling
1978-07-11,2.79,Falling
1978-07-12,2.77,Falling
1978-07-13,2.76,Falling
1978-07-14,2.76,Falling
1978-07-15,2.75,Falling
1978-07-16,2.73,Falling
1978-07-17,2.73,Falling
1978-07-18,2.71,Falling
1978-07-19,2.71,Falling
1978-07-20,2.7,Falling
1978-07-21,2.69,Falling
1978-07-22,2.68,Falling
1978-07-23,2.67,Falling
1978-07-24,2.66,Falling
1978-07-25,2.65,Falling
1978-07-26,2.64,Falling
1978-07-27,2.63,Falling
1978-07-28,2.62,Falling
1978-07-29,2.61,Falling
1978-07-30,2.61,Falling
1978-07-31,2.6,Falling
1978-08-01,2.59,Falling
1978-08-02,2.58,Falling
1978-08-03,2.57,Falling
1978-08-04,2.57,Falling
1978-08-05,2.56,Falling
1978-08-06,2.56,Falling
1978-08-07,2.55,Falling
1978-08-08,2.54,Falling
1978-08-09,2.54,Falling
1978-08-10,2.52,Falling
1978-08-11,2.51,Falling
1978-08-12,2.49,Falling
1978-08-13,2.47,Falling
1978-08-14,2.45,Falling
1978-08-15,2.43,Falling
1978-08-16,2.42,Falling
1978-08-17,2.41,Falling
1978-08-18,2.4,Falling
1978-08-19,2.4,Falling
1978-08-20,2.39,Low
1978-08-21,2.39,Low
1978-08-22,2.38,Low
1978-08-23,2.38,Low
1978-08-24,2.37,Low
1978-08-25,2.37,Low
1978-08-26,2.37,Low
1978-08-27,2.37,Low
1978-08-28,2.37,Low
1978-08-29,2.37,Low
1978-08-30,2.37,Low
1978-08-31,2.36,Low
1978-09-01,2.36,Low
1978-09-02,2.36,Low
1978-09-03,2.36,Low
1978-09-04,2.36,Low
1978-09-05,2.36,Low
1978-09-06,2.34,Low
1978-09-07,2.33,Low
1978-09-08,2.35,Low
1978-09-09,2.35,Low
1978-09-10,2.34,Low
1978-09-11,2.34,Low
1978-09-12,2.33,Low
1978-09-13,2.33,Low
1978-09-14,2.33,Low
1978-09-15,2.34,Low
1978-09-16,2.38,Low
1978-09-17,2.39,Low
1978-09-18,2.39,Low
1978-09-19,2.4,Low
1978-09-20,2.41,Low
1978-09-21,2.41,Low
1978-09-22,2.44,Low
1978-09-23,2.45,Low
1978-09-24,2.46,Low
1978-09-25,2.47,Low
1978-09-26,2.45,Low
1978-09-27,2.49,Low
1978-09-28,2.53,Low
1978-09-29,2.55,Low
1978-09-30,2.56,Low
1978-10-01,2.58,Low
1978-10-02,2.58,Low
1978-10-03,2.58,Low
1978-10-04,2.57,Low
1978-10-05,2.56,Low
1978-10-06,2.56,Low
1978-10-07,2.52,Low
1978-10-08,2.51,Low
1978-10-09,2.49,Low
1978-10-10,2.45,Low
1978-10-11,2.44,Low
1978-10-12,2.43,Low
1978-10-13,2.42,Low
1978-10-14,2.39,Low
1978-10-15,2.37,Low
1978-10-16,2.39,Low
1978-10-17,2.38,Low
1978-10-18,2.4,Low
1978-10-19,2.43,Low
1978-10-20,2.45,Low
1978-10-21,2.46,Low
1978-10-22,2.45,Low
1978-10-23,2.45,Low
1978-10-24,2.44,Low
1978-10-25,2.44,Low
1978-10-26,2.44,Low
1978-10-27,2.44,Low
1978-10-28,2.44,Low
1978-10-29,2.43,Low
1978-10-30,2.43,Low
1978-10-31,2.42,Low
1978-11-01,2.42,Low
1978-11-02,2.46,Low
1978-11-03,2.45,Low
1978-11-04,2.46,Low
1978-11-05,2.48,Low
1978-11-06,2.49,Low
1978-11-07,2.48,Low
1978-11-08,2.47,Low
1978-11-09,2.47,Low
1978-11-10,2.47,Low
1978-11-11,2.48,Low
1978-11-12,2.49,Low
1978-11-13,2.51,Low
1978-11-14,2.52,Low
1978-11-15,2.53,Low
1978-11-16,2.58,Low
1978-11-17,2.63,Low
1978-11-18,2.63,Low
1978-11-19,2.62,Rising
1978-11-20,2.62,Rising
1978-11-21,2.62,Rising
1978-11-22,2.63,Rising
1978-11-23,2.63,Rising
1978-11-24,2.64,Rising
1978-11-25,2.65,Rising
1978-11-26,2.65,Rising
1978-11-27,2.66,Rising
1978-11-28,2.69,Rising
1978-11-29,2.7,Rising
1978-11-30,2.68,Rising
1978-12-01,2.66,Rising
1978-12-02,2.65,Rising
1978-12-03,2.65,Rising
1978-12-04,2.63,Rising
1978-12-05,2.63,Rising
1978-12-06,2.63,Rising
1978-12-07,2.65,Rising
1978-12-08,2.65,Rising
1978-12-09,2.67,Rising
1978-12-10,2.7,Rising
1978-12-11,2.74,Rising
1978-12-12,2.77,Rising
1978-12-13,2.78,Rising
1978-12-14,2.79,Rising
1978-12-15,2.81,Rising
1978-12-16,2.82,Rising
1978-12-17,2.83,Rising
1978-12-18,2.83,Rising
1978-12-19,2.83,Rising
1978-12-20,2.84,Rising
1978-12-21,2.85,Rising
1978-12-22,2.88,Rising
1978-12-23,2.91,Rising
1978-12-24,2.96,Rising
1978-12-25,3.02,Rising
1978-12-26,3.09,Rising
1978-12-27,3.13,Rising
1978-12-28,3.16,Rising
1978-12-29,3.21,Rising
1978-12-30,3.25,Rising
1978-12-31,3.29,Rising
1979-01-01,3.35,Rising
1979-01-02,3.39,Rising
1979-01-03,3.46,Rising
1979-01-04,3.51,Rising
1979-01-05,3.57,Rising
1979-01-06,3.77,Rising
1979-01-07,3.93,Rising
1979-01-08,4.19,Rising
1979-01-09,4.38,Rising
1979-01-10,4.57,Rising
1979-01-11,4.88,Rising
1979-01-12,5.07,Rising
1979-01-13,5.13,Rising
1979-01-14,5.17,Rising
1979-01-15,5.18,Rising
1979-01-16,5.18,Rising
1979-01-17,5.18,Rising
1979-01-18,5.2,Rising
1979-01-19,5.22,High
1979-01-20,5.25,High
1979-01-21,5.29,High
1979-01-22,5.35,High
1979-01-23,5.43,High
1979-01-24,5.49,High
1979-01-25,5.49,High
1979-01-26,5.48,High
1979-01-27,5.44,High
1979-01-28,5.41,High
1979-01-29,5.39,High
1979-01-30,5.5,High
1979-01-31,5.49,High
1979-02-01,5.47,High
1979-02-02,5.46,High
1979-02-03,5.46,High
1979-02-04,5.45,High
1979-02-05,5.44,High
1979-02-06,5.42,High
1979-02-07,5.42,High
1979-02-08,5.44,High
1979-02-09,5.45,High
1979-02-10,5.45,High
1979-02-11,5.46,High
1979-02-12,5.47,High
1979-02-13,5.45,High
1979-02-14,5.42,High
1979-02-15,5.39,High
1979-02-16,5.36,High
1979-02-17,5.33,High
1979-02-18,5.31,High
1979-02-19,5.29,High
1979-02-20,5.26,High
1979-02-21,5.25,High
1979-02-22,5.23,High
1979-02-23,5.22,High
1979-02-24,5.22,High
1979-02-25,5.23,High
1979-02-26,5.24,High
1979-02-27,5.26,High
1979-02-28,5.26,High
1979-03-01,5.28,High
1979-03-02,5.26,High
1979-03-03,5.24,High
1979-03-04,5.22,High
1979-03-05,5.2,High
1979-03-06,5.19,High
1979-03-07,5.18,High
1979-03-08,5.18,High
1979-03-09,5.14,High
1979-03-10,5.13,High
1979-03-11,5.12,High
1979-03-12,5.1,High
1979-03-13,5.08,High
1979-03-14,5.09,High
1979-03-15,5.09,High
1979-03-16,5.06,High
1979-03-17,5.07,High
1979-03-18,5.06,High
1979-03-19,5.06,High
1979-03-20,5.06,High
1979-03-21,5.08,High
1979-03-22,5.1,High
1979-03-23,5.12,High
1979-03-24,5.13,High
1979-03-25,5.14,High
1979-03-26,5.18,High
1979-03-27,5.25,High
1979-03-28,5.28,High
1979-03-29,5.29,High
1979-03-30,5.28,High
1979-03-31,5.26,High
1979-04-01,5.23,High
1979-04-02,5.21,High
1979-04-03,5.18,High
1979-04-04,5.15,High
1979-04-05,5.15,High
1979-04-06,5.14,High
1979-04-07,5.11,High
1979-04-08,5.08,High
1979-04-09,5.06,High
1979-04-10,5.02,High
1979-04-11,4.98,High
1979-04-12,4.94,High
1979-04-13,4.9,High
1979-04-14,4.92,High
1979-04-15,4.91,High
1979-04-16,4.91,Falling
1979-04-17,4.93,Falling
1979-04-18,4.96,Falling
1979-04-19,4.98,Falling
1979-04-20,4.96,Falling
1979-04-21,4.94,Falling
1979-04-22,4.91,Falling
1979-04-23,4.88,Falling
1979-04-24,4.85,Falling
1979-04-25,4.81,Falling
1979-04-26,4.78,Falling
1979-04-27,4.73,Falling
1979-04-28,4.69,Falling
1979-04-29,4.63,Falling
1979-04-30,4.57,Falling
1979-05-01,4.51,Falling
1979-05-02,4.46,Falling
1979-05-03,4.39,Falling
1979-05-04,4.36,Falling
1979-05-05,4.32,Falling
1979-05-06,4.28,Falling
1979-05-07,4.26,Falling
1979-05-08,4.29,Falling
1979-05-09,4.28,Falling
1979-05-10,4.27,Falling
1979-05-11,4.25,Falling
1979-05-12,4.23,Falling
1979-05-13,4.21,Falling
1979-05-14,4.17,Falling
1979-05-15,4.14,Falling
1979-05-16,4.1,Falling
1979-05-17,4.06,Falling
1979-05-18,4.03,Falling
1979-05-19,4.0,Falling
1979-05-20,3.97,Falling
1979-05-21,3.94,Falling
1979-05-22,3.92,Falling
1979-05-23,3.89,Falling
1979-05-24,3.85,Falling
1979-05-25,3.82,Falling
1979-05-26,3.79,Falling
1979-05-27,3.74,Falling
1979-05-28,3.69,Falling
1979-05-29,3.65,Falling
1979-05-30,3.61,Falling
1979-05-31,3.54,Falling
1979-06-01,3.49,Falling
1979-06-02,3.43,Falling
1979-06-03,3.39,Falling
1979-06-04,3.34,Falling
1979-06-05,3.29,Falling
1979-06-06,3.25,Falling
1979-06-07,3.21,Falling
1979-06-08,3.18,Falling
1979-06-09,3.14,Falling
1979-06-10,3.12,Falling
1979-06-11,3.1,Falling
1979-06-12,3.08,Falling
1979-06-13,3.08,Falling
1979-06-14,3.07,Falling
1979-06-15,3.06,Falling
1979-06-16,3.04,Falling
1979-06-17,3.03,Falling
1979-06-18,3.02,Falling
1979-06-19,2.99,Falling
1979-06-20,2.97,Falling
1979-06-21,2.95,Falling
1979-06-22,2.93,Falling
1979-06-23,2.9,Falling
1979-06-24,2.89,Falling
1979-06-25,2.87,Falling
1979-06-26,2.85,Falling
1979-06-27,2.84,Falling
1979-06-28,2.82,Falling
1979-06-29,2.81,Falling
1979-06-30,2.8,Falling
1979-07-01,2.77,Falling
1979-07-02,2.76,Falling
1979-07-03,2.76,Falling
1979-07-04,2.75,Falling
1979-07-05,2.74,Falling
1979-07-06,2.72,Falling
1979-07-07,2.71,Falling
1979-07-08,2.71,Falling
1979-07-09,2.7,Falling
1979-07-10,2.68,Falling
1979-07-11,2.67,Falling
1979-07-12,2.67,Falling
1979-07-13,2.66,Falling
1979-07-14,2.67,Falling
1979-07-15,2.68,Falling
1979-07-16,2.67,Falling
1979-07-17,2.66,Falling
1979-07-18,2.65,Falling
1979-07-19,2.65,Falling
1979-07-20,2.63,Falling
1979-07-21,2.63,Falling
1979-07-22,2.62,Falling
1979-07-23,2.62,Falling
1979-07-24,2.63,Falling
1979-07-25,2.63,Falling
1979-07-26,2.63,Falling
1979-07-27,2.63,Falling
1979-07-28,2.63,Falling
1979-07-29,2.63,Falling
1979-07-30,2.63,Falling
1979-07-31,2.63,Falling
1979-08-01,2.63,Falling
1979-08-02,2.63,Falling
1979-08-03,2.63,Falling
1979-08-04,2.65,Falling
1979-08-05,2.65,Falling
1979-08-06,2.67,Falling
1979-08-07,2.67,Falling
1979-08-08,2.68,Falling
1979-08-09,2.67,Falling
1979-08-10,2.66,Low
1979-08-11,2.64,Low
1979-08-12,2.62,Low
1979-08-13,2.59,Low
1979-08-14,2.56,Low
1979-08-15,2.54,Low
1979-08-16,2.52,Low
1979-08-17,2.5,Low
1979-08-18,2.47,Low
1979-08-19,2.46,Low
1979-08-20,2.45,Low
1979-08-21,2.44,Low
1979-08-22,2.44,Low
1979-08-23,2.43,Low
1979-08-24,2.42,Low
1979-08-25,2.41,Low
1979-08-26,2.41,Low
1979-08-27,2.41,Low
1979-08-28,2.4,Low
1979-08-29,2.4,Low
1979-08-30,2.4,Low
1979-08-31,2.39,Low
1979-09-01,2.39,Low
1979-09-02,2.38,Low
1979-09-03,2.38,Low
1979-09-04,2.38,Low
1979-09-05,2.38,Low
1979-09-06,2.38,Low
1979-09-07,2.39,Low
1979-09-08,2.4,Low
1979-09-09,2.43,Low
1979-09-10,2.49,Low
1979-09-11,2.53,Low
1979-09-12,2.54,Low
1979-09-13,2.55,Low
1979-09-14,2.55,Low
1979-09-15,2.56,Low
1979-09-16,2.58,Low
1979-09-17,2.59,Low
1979-09-18,2.6,Rising
1979-09-19,2.62,Rising
1979-09-20,2.65,Rising
1979-09-21,2.68,Rising
1979-09-22,2.71,Rising
1979-09-23,2.75,Rising
1979-09-24,2.79,Rising
1979-09-25,2.83,Rising
1979-09-26,2.88,Rising
1979-09-27,2.92,Rising
1979-09-28,2.96,Rising
1979-09-29,2.97,Rising
1979-09-30,2.98,Rising
1979-10-01,2.98,Rising
1979-10-02,2.97,Rising
1979-10-03,2.95,Rising
1979-10-04,2.91,Rising
1979-10-05,2.86,Rising
1979-10-06,2.82,Falling
1979-10-07,2.78,Falling
1979-10-08,2.76,Falling
1979-10-09,2.72,Falling
1979-10-10,2.69,Falling
1979-10-11,2.67,Falling
1979-10-12,2.66,Falling
1979-10-13,2.65,Falling
1979-10-14,2.66,Falling
1979-10-15,2.67,Falling
1979-10-16,2.66,Falling
1979-10-17,2.65,Falling
1979-10-18,2.64,Falling
1979-10-19,2.64,Falling
1979-10-20,2.63,Falling
1979-10-21,2.62,Low
1979-10-22,2.6,Low
1979-10-23,2.59,Low
1979-10-24,2.58,Low
1979-10-25,2.58,Low
1979-10-26,2.58,Low
1979-10-27,2.58,Low
1979-10-28,2.59,Low
1979-10-29,2.59,Low
1979-10-30,2.57,Low
1979-10-31,2.57,Low
1979-11-01,2.54,Low
1979-11-02,2.49,Low
1979-11-03,2.43,Low
1979-11-04,2.4,Low
1979-11-05,2.37,Low
1979-11-06,2.35,Low
1979-11-07,2.34,Low
1979-11-08,2.34,Low
1979-11-09,2.36,Low
1979-11-10,2.36,Low
1979-11-11,2.36,Low
1979-11-12,2.37,Low
1979-11-13,2.39,Low
1979-11-14,2.42,Low
1979-11-15,2.46,Low
1979-11-16,2.52,Low
1979-11-17,2.57,Low
1979-11-18,2.6,Low
1979-11-19,2.64,Low
1979-11-20,2.68,Low
1979-11-21,2.72,Low
1979-11-22,2.75,Low
1979-11-23,2.77,Low
1979-11-24,2.79,Low
1979-11-25,2.81,Low
1979-11-26,2.81,Rising
1979-11-27,2.79,Rising
1979-11-28,2.75,Rising
1979-11-29,2.72,Rising
1979-11-30,2.69,Rising
1979-12-01,2.67,Rising
1979-12-02,2.65,Rising
1979-12-03,2.66,Rising
1979-12-04,2.66,Rising
1979-12-05,2.66,Falling
1979-12-06,2.66,Falling
1979-12-07,2.66,Falling
1979-12-08,2.66,Falling
1979-12-09,2.67,Falling
1979-12-10,2.67,Falling
1979-12-11,2.67,Falling
1979-12-12,2.67,Falling
1979-12-13,2.66,Falling
1979-12-14,2.68,Falling
1979-12-15,2.66,Rising
1979-12-16,2.66,Rising
1979-12-17,2.65,Rising
1979-12-18,2.65,Rising
1979-12-19,2.63,Rising
1979-12-20,2.6,Rising
1979-12-21,2.59,Rising
1979-12-22,2.6,Rising
1979-12-23,2.59,Rising
1979-12-24,2.61,Rising
1979-12-25,2.64,Rising
1979-12-26,2.68,Rising
1979-12-27,2.72,Rising
1979-12-28,2.75,Rising
1979-12-29,2.8,Rising
1979-12-30,2.82,Rising
1979-12-31,2.87,Rising
1980-01-01,2.91,Rising
1980-01-02,2.95,Rising
1980-01-03,3.06,Rising
1980-01-04,3.12,Rising
1980-01-05,3.18,Rising
1980-01-06,3.25,Rising
1980-01-07,3.39,Rising
1980-01-08,3.62,Rising
1980-01-09,3.72,Rising
1980-01-10,3.83,Rising
1980-01-11,3.98,Rising
1980-01-12,4.12,Rising
1980-01-13,4.34,Rising
1980-01-14,4.47,Rising
1980-01-15,4.55,Rising
1980-01-16,4.6,Rising
1980-01-17,4.64,Rising
1980-01-18,4.66,Rising
1980-01-19,4.67,Rising
1980-01-20,4.67,Rising
1980-01-21,4.69,Rising
1980-01-22,4.73,Rising
1980-01-23,4.74,Rising
1980-01-24,4.77,High
1980-01-25,4.83,High
1980-01-26,4.88,High
1980-01-27,4.9,High
1980-01-28,4.91,High
1980-01-29,4.92,High
1980-01-30,4.94,High
1980-01-31,4.99,High
1980-02-01,5.07,High
1980-02-02,5.13,High
1980-02-03,5.17,High
1980-02-04,5.19,High
1980-02-05,5.2,High
1980-02-06,5.22,High
1980-02-07,5.22,High
1980-02-08,5.23,High
1980-02-09,5.23,High
1980-02-10,5.22,High
1980-02-11,5.23,High
1980-02-12,5.22,High
1980-02-13,5.23,High
1980-02-14,5.24,High
1980-02-15,5.26,High
1980-02-16,5.25,High
1980-02-17,5.25,High
1980-02-18,5.25,High
1980-02-19,5.25,High
1980-02-20,5.26,High
1980-02-21,5.28,High
1980-02-22,5.31,High
1980-02-23,5.38,High
1980-02-24,5.47,High
1980-02-25,5.55,High
1980-02-26,5.59,High
1980-02-27,5.6,High
1980-02-28,5.6,High
1980-02-29,5.59,High
1980-03-01,5.57,High
1980-03-02,5.56,High
1980-03-03,5.58,High
1980-03-04,5.57,High
1980-03-05,5.56,High
1980-03-06,5.54,High
1980-03-07,5.54,High
1980-03-08,5.54,High
1980-03-09,5.54,High
1980-03-10,5.53,High
1980-03-11,5.51,High
1980-03-12,5.48,High
1980-03-13,5.45,High
1980-03-14,5.43,High
1980-03-15,5.4,High
1980-03-16,5.38,High
1980-03-17,5.36,High
1980-03-18,5.34,High
1980-03-19,5.32,High
1980-03-20,5.31,High
1980-03-21,5.29,High
1980-03-22,5.27,High
1980-03-23,5.24,High
1980-03-24,5.21,High
1980-03-25,5.18,High
1980-03-26,5.15,High
1980-03-27,5.13,High
1980-03-28,5.1,High
1980-03-29,5.1,High
1980-03-30,5.09,High
1980-03-31,5.08,High
1980-04-01,5.08,High
1980-04-02,5.06,High
1980-04-03,5.05,High
1980-04-04,5.02,High
1980-04-05,4.99,High
1980-04-06,4.97,High
1980-04-07,4.94,High
1980-04-08,4.89,High
1980-04-09,4.85,High
1980-04-10,4.8,High
1980-04-11,4.76,High
1980-04-12,4.72,High
1980-04-13,4.69,High
1980-04-14,4.68,High
1980-04-15,4.67,High
1980-04-16,4.66,High
1980-04-17,4.66,High
1980-04-18,4.69,High
1980-04-19,4.72,High
1980-04-20,4.75,High
1980-04-21,4.76,Falling
1980-04-22,4.77,Falling
1980-04-23,4.76,Falling
1980-04-24,4.75,Falling
1980-04-25,4.73,Falling
1980-04-26,4.71,Falling
1980-04-27,4.68,Falling
1980-04-28,4.64,Falling
1980-04-29,4.61,Falling
1980-04-30,4.56,Falling
1980-05-01,4.53,Falling
1980-05-02,4.49,Falling
1980-05-03,4.45,Falling
1980-05-04,4.41,Falling
1980-05-05,4.37,Falling
1980-05-06,4.33,Falling
1980-05-07,4.28,Falling
1980-05-08,4.24,Falling
1980-05-09,4.19,Falling
1980-05-10,4.13,Falling
1980-05-11,4.07,Falling
1980-05-12,3.99,Falling
1980-05-13,3.92,Falling
1980-05-14,3.85,Falling
1980-05-15,3.79,Falling
1980-05-16,3.72,Falling
1980-05-17,3.67,Falling
1980-05-18,3.61,Falling
1980-05-19,3.56,Falling
1980-05-20,3.52,Falling
1980-05-21,3.5,Falling
1980-05-22,3.5,Falling
1980-05-23,3.5,Falling
1980-05-24,3.5,Falling
1980-05-25,3.49,Falling
1980-05-26,3.47,Falling
1980-05-27,3.45,Falling
1980-05-28,3.43,Falling
1980-05-29,3.41,Falling
1980-05-30,3.38,Falling
1980-05-31,3.35,Falling
1980-06-01,3.32,Falling
1980-06-02,3.29,Falling
1980-06-03,3.28,Falling
1980-06-04,3.27,Falling
1980-06-05,3.27,Falling
1980-06-06,3.27,Falling
1980-06-07,3.28,Falling
1980-06-08,3.28,Falling
1980-06-09,3.28,Falling
1980-06-10,3.27,Falling
1980-06-11,3.26,Falling
1980-06-12,3.23,Falling
1980-06-13,3.2,Falling
1980-06-14,3.14,Falling
1980-06-15,3.09,Falling
1980-06-16,3.06,Falling
1980-06-17,3.03,Falling
1980-06-18,3.0,Falling
1980-06-19,2.97,Falling
1980-06-20,2.94,Falling
1980-06-21,2.92,Falling
1980-06-22,2.89,Falling
1980-06-23,2.87,Falling
1980-06-24,2.85,Falling
1980-06-25,2.84,Falling
1980-06-26,2.83,Falling
1980-06-27,2.82,Falling
1980-06-28,2.81,Falling
1980-06-29,2.8,Falling
1980-06-30,2.79,Falling
1980-07-01,2.78,Falling
1980-07-02,2.77,Falling
1980-07-03,2.75,Falling
1980-07-04,2.74,Falling
1980-07-05,2.74,Falling
1980-07-06,2.74,Falling
1980-07-07,2.74,Falling
1980-07-08,2.74,Falling
1980-07-09,2.74,Falling
1980-07-10,2.74,Falling
1980-07-11,2.75,Falling
1980-07-12,2.76,Falling
1980-07-13,2.76,Falling
1980-07-14,2.77,Falling
1980-07-15,2.76,Falling
1980-07-16,2.75,Falling
1980-07-17,2.74,Falling
1980-07-18,2.73,Falling
1980-07-19,2.71,Falling
1980-07-20,2.7,Falling
1980-07-21,2.69,Falling
1980-07-22,2.67,Falling
1980-07-23,2.66,Falling
1980-07-24,2.65,Falling
1980-07-25,2.64,Falling
1980-07-26,2.62,Low
1980-07-27,2.61,Low
1980-07-28,2.6,Low
1980-07-29,2.59,Low
1980-07-30,2.58,Low
1980-07-31,2.57,Low
1980-08-01,2.56,Low
1980-08-02,2.55,Low
1980-08-03,2.54,Low
1980-08-04,2.52,Low
1980-08-05,2.51,Low
1980-08-06,2.5,Low
1980-08-07,2.5,Low
1980-08-08,2.49,Low
1980-08-09,2.48,Low
1980-08-10,2.48,Low
1980-08-11,2.46,Low
1980-08-12,2.46,Low
1980-08-13,2.45,Low
1980-08-14,2.45,Low
1980-08-15,2.44,Low
1980-08-16,2.44,Low
1980-08-17,2.43,Low
1980-08-18,2.43,Low
1980-08-19,2.42,Low
1980-08-20,2.42,Low
1980-08-21,2.42,Low
1980-08-22,2.42,Low
1980-08-23,2.41,Low
1980-08-24,2.4,Low
1980-08-25,2.4,Low
1980-08-26,2.4,Low
1980-08-27,2.39,Low
1980-08-28,2.39,Low
1980-08-29,2.39,Low
1980-08-30,2.39,Low
1980-08-31,2.39,Low
1980-09-01,2.39,Low
1980-09-02,2.39,Low
1980-09-03,2.39,Low
1980-09-04,2.39,Low
1980-09-05,2.39,Low
1980-09-06,2.39,Low
1980-09-07,2.38,Low
1980-09-08,2.38,Low
1980-09-09,2.38,Low
1980-09-10,2.38,Low
1980-09-11,2.41,Low
1980-09-12,2.43,Low
1980-09-13,2.43,Low
1980-09-14,2.41,Low
1980-09-15,2.41,Low
1980-09-16,2.4,Low
1980-09-17,2.4,Low
1980-09-18,2.4,Low
1980-09-19,2.41,Low
1980-09-20,2.42,Low
1980-09-21,2.44,Low
1980-09-22,2.45,Low
1980-09-23,2.46,Low
1980-09-24,2.48,Low
1980-09-25,2.49,Low
1980-09-26,2.52,Low
1980-09-27,2.54,Low
1980-09-28,2.55,Low
1980-09-29,2.57,Rising
1980-09-30,2.59,Rising
1980-10-01,2.6,Rising
1980-10-02,2.61,Rising
1980-10-03,2.62,Rising
1980-10-04,2.63,Rising
1980-10-05,2.63,Rising
1980-10-06,2.62,Rising
1980-10-07,2.62,Rising
1980-10-08,2.61,Rising
1980-10-09,2.61,Rising
1980-10-10,2.62,Falling
1980-10-11,2.62,Falling
1980-10-12,2.65,Falling
1980-10-13,2.63,Falling
1980-10-14,2.61,Falling
1980-10-15,2.57,Falling
1980-10-16,2.55,Falling
1980-10-17,2.53,Falling
1980-10-18,2.51,Low
1980-10-19,2.5,Low
1980-10-20,2.5,Low
1980-10-21,2.49,Low
1980-10-22,2.48,Low
1980-10-23,2.49,Low
1980-10-24,2.46,Low
1980-10-25,2.44,Low
1980-10-26,2.43,Low
1980-10-27,2.41,Low
1980-10-28,2.39,Low
1980-10-29,2.38,Low
1980-10-30,2.37,Low
1980-10-31,2.37,Low
1980-11-01,2.35,Low
1980-11-02,2.35,Low
1980-11-03,2.35,Low
1980-11-04,2.37,Low
1980-11-05,2.41,Rising
1980-11-06,2.42,Rising
1980-11-07,2.51,Rising
1980-11-08,2.59,Rising
1980-11-09,2.66,Rising
1980-11-10,2.68,Rising
1980-11-11,2.69,Rising
1980-11-12,2.7,Rising
1980-11-13,2.71,Rising
1980-11-14,2.72,Rising
1980-11-15,2.73,Rising
1980-11-16,2.74,Rising
1980-11-17,2.76,Rising
1980-11-18,2.78,Rising
1980-11-19,2.8,Rising
1980-11-20,2.83,Rising
1980-11-21,2.85,Rising
1980-11-22,2.88,Rising
1980-11-23,2.93,Rising
1980-11-24,2.96,Rising
1980-11-25,2.99,Rising
1980-11-26,3.02,Rising
1980-11-27,3.06,Rising
1980-11-28,3.07,Rising
1980-11-29,3.06,Rising
1980-11-30,3.04,Rising
1980-12-01,3.0,Rising
1980-12-02,2.96,Rising
1980-12-03,2.96,Rising
1980-12-04,2.97,Rising
1980-12-05,2.98,Rising
1980-12-06,3.0,Rising
1980-12-07,3.01,Rising
1980-12-08,3.02,Rising
1980-12-09,3.02,Rising
1980-12-10,3.0,Rising
1980-12-11,2.98,Rising
1980-12-12,2.98,Rising
1980-12-13,2.98,Rising
1980-12-14,2.98,Rising
1980-12-15,2.99,Rising
1980-12-16,3.0,Rising
1980-12-17,3.04,Rising
1980-12-18,3.07,Rising
1980-12-19,3.09,Rising
1980-12-20,3.13,Rising
1980-12-21,3.18,Rising
1980-12-22,3.19,Rising
1980-12-23,3.21,Rising
1980-12-24,3.23,Rising
1980-12-25,3.26,Rising
1980-12-26,3.29,Rising
1980-12-27,3.32,Rising
1980-12-28,3.35,Rising
1980-12-29,3.4,Rising
1980-12-30,3.42,Rising
1980-12-31,3.45,Rising
1981-01-01,3.5,Rising
1981-01-02,3.64,Rising
1981-01-03,3.82,Rising
1981-01-04,3.98,Rising
1981-01-05,4.11,Rising
1981-01-06,4.21,Rising
1981-01-07,4.3,Rising
1981-01-08,4.37,Rising
1981-01-09,4.44,Rising
1981-01-10,4.52,Rising
1981-01-11,4.61,Rising
1981-01-12,4.68,Rising
1981-01-13,4.71,Rising
1981-01-14,4.75,Rising
1981-01-15,4.8,Rising
1981-01-16,4.88,Rising
1981-01-17,4.96,Rising
1981-01-18,5.02,Rising
1981-01-19,5.05,High
1981-01-20,5.04,High
1981-01-21,5.03,High
1981-01-22,5.02,High
1981-01-23,5.0,High
1981-01-24,5.0,High
1981-01-25,4.99,High
1981-01-26,4.99,High
1981-01-27,5.0,High
1981-01-28,4.98,High
1981-01-29,4.96,High
1981-01-30,4.95,High
1981-01-31,4.94,High
1981-02-01,4.94,High
1981-02-02,4.93,High
1981-02-03,4.91,High
1981-02-04,4.9,High
1981-02-05,4.9,High
1981-02-06,4.9,High
1981-02-07,4.93,High
1981-02-08,4.95,High
1981-02-09,4.97,High
1981-02-10,5.0,High
1981-02-11,5.01,High
1981-02-12,5.02,High
1981-02-13,5.03,High
1981-02-14,5.02,High
1981-02-15,5.01,High
1981-02-16,5.0,High
1981-02-17,4.98,High
1981-02-18,4.95,High
1981-02-19,4.92,High
1981-02-20,4.9,High
1981-02-21,4.91,High
1981-02-22,4.9,High
1981-02-23,4.89,High
1981-02-24,4.89,High
1981-02-25,4.89,High
1981-02-26,4.88,High
1981-02-27,4.87,High
1981-02-28,4.85,High
1981-03-01,4.83,High
1981-03-02,4.8,High
1981-03-03,4.78,High
1981-03-04,4.76,High
1981-03-05,4.75,High
1981-03-06,4.74,High
1981-03-07,4.74,High
1981-03-08,4.74,High
1981-03-09,4.73,High
1981-03-10,4.72,High
1981-03-11,4.71,High
1981-03-12,4.73,High
1981-03-13,4.76,High
1981-03-14,4.78,High
1981-03-15,4.78,High
1981-03-16,4.76,High
1981-03-17,4.74,High
1981-03-18,4.72,High
1981-03-19,4.75,High
1981-03-20,4.77,High
1981-03-21,4.81,High
1981-03-22,4.88,High
1981-03-23,4.96,High
1981-03-24,5.04,High
1981-03-25,5.14,High
1981-03-26,5.19,High
1981-03-27,5.24,High
1981-03-28,5.26,High
1981-03-29,5.28,High
1981-03-30,5.3,High
1981-03-31,5.33,High
1981-04-01,5.36,High
1981-04-02,5.4,High
1981-04-03,5.41,High
1981-04-04,5.42,High
1981-04-05,5.41,High
1981-04-06,5.4,High
1981-04-07,5.38,High
1981-04-08,5.36,High
1981-04-09,5.34,High
1981-04-10,5.32,High
1981-04-11,5.29,High
1981-04-12,5.26,High
1981-04-13,5.22,High
1981-04-14,5.17,High
1981-04-15,5.12,High
1981-04-16,5.07,High
1981-04-17,5.02,High
1981-04-18,4.95,High
1981-04-19,4.88,High
1981-04-20,4.82,High
1981-04-21,4.76,High
1981-04-22,4.7,High
1981-04-23,4.64,High
1981-04-24,4.58,Falling
1981-04-25,4.56,Falling
1981-04-26,4.52,Falling
1981-04-27,4.48,Falling
1981-04-28,4.45,Falling
1981-04-29,4.45,Falling
1981-04-30,4.41,Falling
1981-05-01,4.37,Falling
1981-05-02,4.34,Falling
1981-05-03,4.32,Falling
1981-05-04,4.3,Falling
1981-05-05,4.27,Falling
1981-05-06,4.23,Falling
1981-05-07,4.17,Falling
1981-05-08,4.11,Falling
1981-05-09,4.05,Falling
1981-05-10,3.98,Falling
1981-05-11,3.91,Falling
1981-05-12,3.84,Falling
1981-05-13,3.79,Falling
1981-05-14,3.71,Falling
1981-05-15,3.66,Falling
1981-05-16,3.59,Falling
1981-05-17,3.53,Falling
1981-05-18,3.48,Falling
1981-05-19,3.42,Falling
1981-05-20,3.38,Falling
1981-05-21,3.32,Falling
1981-05-22,3.28,Falling
1981-05-23,3.19,Falling
1981-05-24,3.15,Falling
1981-05-25,3.1,Falling
1981-05-26,3.06,Falling
1981-05-27,3.01,Falling
1981-05-28,2.97,Falling
1981-05-29,2.94,Falling
1981-05-30,2.9,Falling
1981-05-31,2.87,Falling
1981-06-01,2.85,Falling
1981-06-02,2.82,Falling
1981-06-03,2.85,Falling
1981-06-04,2.89,Falling
1981-06-05,2.89,Falling
1981-06-06,2.87,Falling
1981-06-07,2.87,Falling
1981-06-08,2.86,Falling
1981-06-09,2.85,Falling
1981-06-10,2.84,Falling
1981-06-11,2.83,Falling
1981-06-12,2.82,Falling
1981-06-13,2.82,Falling
1981-06-14,2.81,Falling
1981-06-15,2.81,Falling
1981-06-16,2.81,Falling
1981-06-17,2.87,Falling
1981-06-18,2.89,Falling
1981-06-19,2.91,Falling
1981-06-20,2.92,Falling
1981-06-21,2.93,Falling
1981-06-22,2.93,Falling
1981-06-23,2.92,Falling
1981-06-24,2.91,Falling
1981-06-25,2.89,Falling
1981-06-26,2.87,Falling
1981-06-27,2.85,Falling
1981-06-28,2.83,Falling
1981-06-29,2.8,Falling
1981-06-30,2.79,Falling
1981-07-01,2.77,Falling
1981-07-02,2.76,Falling
1981-07-03,2.74,Falling
1981-07-04,2.73,Falling
1981-07-05,2.71,Falling
1981-07-06,2.69,Falling
1981-07-07,2.67,Falling
1981-07-08,2.64,Falling
1981-07-09,2.63,Falling
1981-07-10,2.61,Falling
1981-07-11,2.59,Falling
1981-07-12,2.58,Falling
1981-07-13,2.57,Falling
1981-07-14,2.56,Falling
1981-07-15,2.55,Falling
1981-07-16,2.55,Falling
1981-07-17,2.55,Falling
1981-07-18,2.54,Falling
1981-07-19,2.53,Low
1981-07-20,2.52,Low
1981-07-21,2.5,Low
1981-07-22,2.48,Low
1981-07-23,2.46,Low
1981-07-24,2.44,Low
1981-07-25,2.42,Low
1981-07-26,2.41,Low
1981-07-27,2.41,Low
1981-07-28,2.4,Low
1981-07-29,2.4,Low
1981-07-30,2.4,Low
1981-07-31,2.4,Low
1981-08-01,2.39,Low
1981-08-02,2.39,Low
1981-08-03,2.39,Low
1981-08-04,2.38,Low
1981-08-05,2.38,Low
1981-08-06,2.39,Low
1981-08-07,2.4,Low
1981-08-08,2.38,Low
1981-08-09,2.38,Low
1981-08-10,2.37,Low
1981-08-11,2.36,Low
1981-08-12,2.36,Low
1981-08-13,2.35,Low
1981-08-14,2.35,Low
1981-08-15,2.34,Low
1981-08-16,2.34,Low
1981-08-17,2.33,Low
1981-08-18,2.32,Low
1981-08-19,2.32,Low
1981-08-20,2.31,Low
1981-08-21,2.31,Low
1981-08-22,2.3,Low
1981-08-23,2.3,Low
1981-08-24,2.3,Low
1981-08-25,2.3,Low
1981-08-26,2.3,Low
1981-08-27,2.3,Low
1981-08-28,2.29,Low
1981-08-29,2.29,Low
1981-08-30,2.29,Low
1981-08-31,2.29,Low
1981-09-01,2.28,Low
1981-09-02,2.28,Low
1981-09-03,2.27,Low
1981-09-04,2.27,Low
1981-09-05,2.27,Low
1981-09-06,2.26,Low
1981-09-07,2.26,Low
1981-09-08,2.26,Low
1981-09-09,2.26,Low
1981-09-10,2.26,Low
1981-09-11,2.25,Low
1981-09-12,2.25,Low
1981-09-13,2.24,Low
1981-09-14,2.24,Low
1981-09-15,2.23,Low
1981-09-16,2.23,Low
1981-09-17,2.23,Low
1981-09-18,2.24,Low
1981-09-19,2.24,Low
1981-09-20,2.25,Low
1981-09-21,2.26,Low
1981-09-22,2.26,Low
1981-09-23,2.25,Low
1981-09-24,2.23,Low
1981-09-25,2.23,Low
1981-09-26,2.22,Low
1981-09-27,2.22,Low
1981-09-28,2.22,Low
1981-09-29,2.29,Low
1981-09-30,2.28,Low
1981-10-01,2.26,Low
1981-10-02,2.26,Low
1981-10-03,2.26,Low
1981-10-04,2.26,Low
1981-10-05,2.27,Low
1981-10-06,2.29,Low
1981-10-07,2.3,Low
1981-10-08,2.32,Low
1981-10-09,2.34,Low
1981-10-10,2.36,Low
1981-10-11,2.38,Low
1981-10-12,2.39,Low
1981-10-13,2.46,Low
1981-10-14,2.51,Low
1981-10-15,2.55,Low
1981-10-16,2.56,Low
1981-10-17,2.57,Low
1981-10-18,2.59,Low
1981-10-19,2.59,Low
1981-10-20,2.59,Low
1981-10-21,2.59,Low
1981-10-22,2.59,Low
1981-10-23,2.6,Low
1981-10-24,2.6,Low
1981-10-25,2.6,Low
1981-10-26,2.63,Low
1981-10-27,2.64,Low
1981-10-28,2.64,Low
1981-10-29,2.64,Rising
1981-10-30,2.64,Rising
1981-10-31,2.64,Rising
1981-11-01,2.64,Rising
1981-11-02,2.63,Rising
1981-11-03,2.62,Falling
1981-11-04,2.62,Falling
1981-11-05,2.62,Falling
1981-11-06,2.6,Rising
1981-11-07,2.6,Rising
1981-11-08,2.59,Falling
1981-11-09,2.58,Falling
1981-11-10,2.6,Rising
1981-11-11,2.59,Rising
1981-11-12,2.6,Falling
1981-11-13,2.58,Rising
1981-11-14,2.58,Rising
1981-11-15,2.58,Rising
1981-11-16,2.58,Rising
1981-11-17,2.58,Rising
1981-11-18,2.58,Rising
1981-11-19,2.58,Rising
1981-11-20,2.59,Rising
1981-11-21,2.6,Rising
1981-11-22,2.6,Rising
1981-11-23,2.6,Rising
1981-11-24,2.61,Rising
1981-11-25,2.64,Rising
1981-11-26,2.64,Rising
1981-11-27,2.65,Rising
1981-11-28,2.67,Rising
1981-11-29,2.69,Rising
1981-11-30,2.7,Rising
1981-12-01,2.73,Rising
1981-12-02,2.75,Rising
1981-12-03,2.77,Rising
1981-12-04,2.79,Rising
1981-12-05,2.82,Rising
1981-12-06,2.84,Rising
1981-12-07,2.87,Rising
1981-12-08,2.94,Rising
1981-12-09,3.03,Rising
1981-12-10,3.07,Rising
1981-12-11,3.11,Rising
1981-12-12,3.15,Rising
1981-12-13,3.18,Rising
1981-12-14,3.21,Rising
1981-12-15,3.25,Rising
1981-12-16,3.31,Rising
1981-12-17,3.32,Rising
1981-12-18,3.35,Rising
1981-12-19,3.36,Rising
1981-12-20,3.37,Rising
1981-12-21,3.38,Rising
1981-12-22,3.38,Rising
1981-12-23,3.41,Rising
1981-12-24,3.43,Rising
1981-12-25,3.44,Rising
1981-12-26,3.44,Rising
1981-12-27,3.45,Rising
1981-12-28,3.46,Rising
1981-12-29,3.46,Rising
1981-12-30,3.46,Rising
1981-12-31,3.46,Rising
1982-01-01,3.48,Rising
1982-01-02,3.53,Rising
1982-01-03,3.58,Rising
1982-01-04,3.62,Rising
1982-01-05,3.66,Rising
1982-01-06,3.7,Rising
1982-01-07,3.74,Rising
1982-01-08,3.78,Rising
1982-01-09,3.86,Rising
1982-01-10,3.95,Rising
1982-01-11,4.05,Rising
1982-01-12,4.15,Rising
1982-01-13,4.25,Rising
1982-01-14,4.33,Rising
1982-01-15,4.4,Rising
1982-01-16,4.49,Rising
1982-01-17,4.51,Rising
1982-01-18,4.52,Rising
1982-01-19,4.61,Rising
1982-01-20,4.66,Rising
1982-01-21,4.73,Rising
1982-01-22,4.79,Rising
1982-01-23,4.85,Rising
1982-01-24,4.9,High
1982-01-25,4.99,High
1982-01-26,5.03,High
1982-01-27,5.07,High
1982-01-28,5.06,High
1982-01-29,5.06,High
1982-01-30,5.08,High
1982-01-31,5.14,High
1982-02-01,5.15,High
1982-02-02,5.15,High
1982-02-03,5.16,High
1982-02-04,5.17,High
1982-02-05,5.19,High
1982-02-06,5.12,High
1982-02-07,5.22,High
1982-02-08,5.22,High
1982-02-09,5.23,High
1982-02-10,5.26,High
1982-02-11,5.28,High
1982-02-12,5.29,High
1982-02-13,5.3,High
1982-02-14,5.32,High
1982-02-15,5.33,High
1982-02-16,5.34,High
1982-02-17,5.34,High
1982-02-18,5.33,High
1982-02-19,5.34,High
1982-02-20,5.34,High
1982-02-21,5.33,High
1982-02-22,5.34,High
1982-02-23,5.34,High
1982-02-24,5.34,High
1982-02-25,5.34,High
1982-02-26,5.34,High
1982-02-27,5.34,High
1982-02-28,5.34,High
1982-03-01,5.34,High
1982-03-02,5.34,High
1982-03-03,5.34,High
1982-03-04,5.34,High
1982-03-05,5.35,High
1982-03-06,5.36,High
1982-03-07,5.38,High
1982-03-08,5.38,High
1982-03-09,5.4,High
1982-03-10,5.45,High
1982-03-11,5.48,High
1982-03-12,5.51,High
1982-03-13,5.54,High
1982-03-14,5.58,High
1982-03-15,5.61,High
1982-03-16,5.63,High
1982-03-17,5.64,High
1982-03-18,5.65,High
1982-03-19,5.64,High
1982-03-20,5.64,High
1982-03-21,5.63,High
1982-03-22,5.62,High
1982-03-23,5.61,High
1982-03-24,5.6,High
1982-03-25,5.58,High
1982-03-26,5.56,High
1982-03-27,5.55,High
1982-03-28,5.52,High
1982-03-29,5.5,High
1982-03-30,5.47,High
1982-03-31,5.44,High
1982-04-01,5.42,High
1982-04-02,5.39,High
1982-04-03,5.37,High
1982-04-04,5.34,High
1982-04-05,5.31,High
1982-04-06,5.28,High
1982-04-07,5.24,High
1982-04-08,5.21,High
1982-04-09,5.19,High
1982-04-10,5.16,High
1982-04-11,5.14,High
1982-04-12,5.11,High
1982-04-13,5.08,High
1982-04-14,5.04,High
1982-04-15,5.0,High
1982-04-16,4.96,High
1982-04-17,4.93,High
1982-04-18,4.89,High
1982-04-19,4.85,High
1982-04-20,4.81,High
1982-04-21,4.77,High
1982-04-22,4.74,High
1982-04-23,4.72,High
1982-04-24,4.71,High
1982-04-25,4.68,High
1982-04-26,4.7,High
1982-04-27,4.7,High
1982-04-28,4.7,Falling
1982-04-29,4.7,Falling
1982-04-30,4.7,Falling
1982-05-01,4.68,Falling
1982-05-02,4.66,Falling
1982-05-03,4.66,Falling
1982-05-04,4.64,Falling
1982-05-05,4.64,Falling
1982-05-06,4.61,Falling
1982-05-07,4.57,Falling
1982-05-08,4.51,Falling
1982-05-09,4.47,Falling
1982-05-10,4.41,Falling
1982-05-11,4.34,Falling
1982-05-12,4.28,Falling
1982-05-13,4.2,Falling
1982-05-14,4.12,Falling
1982-05-15,4.06,Falling
1982-05-16,3.98,Falling
1982-05-17,3.9,Falling
1982-05-18,3.83,Falling
1982-05-19,3.79,Falling
1982-05-20,3.74,Falling
1982-05-21,3.68,Falling
1982-05-22,3.63,Falling
1982-05-23,3.63,Falling
1982-05-24,3.64,Falling
1982-05-25,3.64,Falling
1982-05-26,3.63,Falling
1982-05-27,3.61,Falling
1982-05-28,3.56,Falling
1982-05-29,3.53,Falling
1982-05-30,3.49,Falling
1982-05-31,3.48,Falling
1982-06-01,3.45,Falling
1982-06-02,3.43,Falling
1982-06-03,3.41,Falling
1982-06-04,3.41,Falling
1982-06-05,3.4,Falling
1982-06-06,3.4,Falling
1982-06-07,3.4,Falling
1982-06-08,3.4,Falling
1982-06-09,3.41,Falling
1982-06-10,3.41,Falling
1982-06-11,3.42,Falling
1982-06-12,3.42,Falling
1982-06-13,3.4,Falling
1982-06-14,3.37,Falling
1982-06-15,3.34,Falling
1982-06-16,3.29,Falling
1982-06-17,3.25,Falling
1982-06-18,3.21,Falling
1982-06-19,3.17,Falling
1982-06-20,3.12,Falling
1982-06-21,3.09,Falling
1982-06-22,3.07,Falling
1982-06-23,3.03,Falling
1982-06-24,2.99,Falling
1982-06-25,2.97,Falling
1982-06-26,2.93,Falling
1982-06-27,2.92,Falling
1982-06-28,2.9,Falling
1982-06-29,2.87,Falling
1982-06-30,2.85,Falling
1982-07-01,2.83,Falling
1982-07-02,2.82,Falling
1982-07-03,2.82,Falling
1982-07-04,2.8,Falling
1982-07-05,2.78,Falling
1982-07-06,2.76,Falling
1982-07-07,2.76,Falling
1982-07-08,2.75,Falling
1982-07-09,2.73,Falling
1982-07-10,2.72,Falling
1982-07-11,2.72,Falling
1982-07-12,2.71,Falling
1982-07-13,2.7,Falling
1982-07-14,2.68,Falling
1982-07-15,2.68,Falling
1982-07-16,2.67,Falling
1982-07-17,2.66,Falling
1982-07-18,2.65,Falling
1982-07-19,2.64,Falling
1982-07-20,2.64,Falling
1982-07-21,2.64,Falling
1982-07-22,2.64,Falling
1982-07-23,2.64,Falling
1982-07-24,2.64,Falling
1982-07-25,2.64,Falling
1982-07-26,2.64,Falling
1982-07-27,2.64,Falling
1982-07-28,2.64,Falling
1982-07-29,2.64,Falling
1982-07-30,2.64,Falling
1982-07-31,2.64,Low
1982-08-01,2.63,Low
1982-08-02,2.62,Low
1982-08-03,2.62,Low
1982-08-04,2.6,Low
1982-08-05,2.58,Low
1982-08-06,2.55,Low
1982-08-07,2.54,Low
1982-08-08,2.52,Low
1982-08-09,2.52,Low
1982-08-10,2.5,Low
1982-08-11,2.49,Low
1982-08-12,2.48,Low
1982-08-13,2.48,Low
1982-08-14,2.48,Low
1982-08-15,2.48,Low
1982-08-16,2.48,Low
1982-08-17,2.48,Low
1982-08-18,2.49,Low
1982-08-19,2.5,Low
1982-08-20,2.49,Low
1982-08-21,2.49,Low
1982-08-22,2.5,Low
1982-08-23,2.49,Low
1982-08-24,2.47,Low
1982-08-25,2.46,Low
1982-08-26,2.44,Low
1982-08-27,2.43,Low
1982-08-28,2.42,Low
1982-08-29,2.42,Low
1982-08-30,2.42,Low
1982-08-31,2.42,Low
1982-09-01,2.42,Low
1982-09-02,2.41,Low
1982-09-03,2.4,Low
1982-09-04,2.4,Low
1982-09-05,2.4,Low
1982-09-06,2.39,Low
1982-09-07,2.38,Low
1982-09-08,2.38,Low
1982-09-09,2.38,Low
1982-09-10,2.38,Low
1982-09-11,2.38,Low
1982-09-12,2.38,Low
1982-09-13,2.38,Low
1982-09-14,2.38,Low
1982-09-15,2.4,Low
1982-09-16,2.4,Low
1982-09-17,2.4,Low
1982-09-18,2.4,Low
1982-09-19,2.4,Low
1982-09-20,2.4,Low
1982-09-21,2.4,Low
1982-09-22,2.4,Low
1982-09-23,2.42,Low
1982-09-24,2.42,Low
1982-09-25,2.44,Low
1982-09-26,2.46,Low
1982-09-27,2.48,Low
1982-09-28,2.5,Low
1982-09-29,2.52,Low
1982-09-30,2.52,Low
1982-10-01,2.52,Low
1982-10-02,2.54,Low
1982-10-03,2.54,Low
1982-10-04,2.54,Low
1982-10-05,2.54,Low
1982-10-06,2.53,Rising
1982-10-07,2.53,Rising
1982-10-08,2.54,Rising
1982-10-09,2.52,Rising
1982-10-10,2.52,Rising
1982-10-11,2.52,Rising
1982-10-12,2.5,Rising
1982-10-13,2.5,Rising
1982-10-14,2.5,Rising
1982-10-15,2.5,Rising
1982-10-16,2.5,Rising
1982-10-17,2.5,Rising
1982-10-18,2.52,Rising
1982-10-19,2.56,Rising
1982-10-20,2.57,Rising
1982-10-21,2.58,Rising
1982-10-22,2.6,Rising
1982-10-23,2.62,Rising
1982-10-24,2.63,Rising
1982-10-25,2.67,Rising
1982-10-26,2.7,Rising
1982-10-27,2.7,Rising
1982-10-28,2.7,Rising
1982-10-29,2.69,Rising
1982-10-30,2.69,Rising
1982-10-31,2.68,Rising
1982-11-01,2.68,Rising
1982-11-02,2.68,Falling
1982-11-03,2.67,Falling
1982-11-04,2.66,Falling
1982-11-05,2.64,Falling
1982-11-06,2.65,Falling
1982-11-07,2.64,Falling
1982-11-08,2.62,Falling
1982-11-09,2.63,Falling
1982-11-10,2.6,Falling
1982-11-11,2.58,Falling
1982-11-12,2.54,Falling
1982-11-13,2.54,Falling
1982-11-14,2.54,Falling
1982-11-15,2.53,Falling
1982-11-16,2.5,Falling
1982-11-17,2.5,Falling
1982-11-18,2.5,Falling
1982-11-19,2.51,Rising
1982-11-20,2.51,Rising
1982-11-21,2.51,Rising
1982-11-22,2.51,Rising
1982-11-23,2.52,Rising
1982-11-24,2.54,Rising
1982-11-25,2.55,Rising
1982-11-26,2.55,Rising
1982-11-27,2.57,Rising
1982-11-28,2.58,Rising
1982-11-29,2.6,Rising
1982-11-30,2.62,Rising
1982-12-01,2.64,Rising
1982-12-02,2.66,Rising
1982-12-03,2.69,Rising
1982-12-04,2.69,Rising
1982-12-05,2.69,Rising
1982-12-06,2.69,Rising
1982-12-07,2.69,Rising
1982-12-08,2.7,Rising
1982-12-09,2.72,Rising
1982-12-10,2.72,Rising
1982-12-11,2.74,Rising
1982-12-12,2.74,Rising
1982-12-13,2.76,Rising
1982-12-14,2.76,Rising
1982-12-15,2.77,Rising
1982-12-16,2.78,Rising
1982-12-17,2.8,Rising
1982-12-18,2.82,Rising
1982-12-19,2.85,Rising
1982-12-20,2.89,Rising
1982-12-21,2.94,Rising
1982-12-22,2.96,Rising
1982-12-23,3.02,Rising
1982-12-24,3.07,Rising
1982-12-25,3.09,Rising
1982-12-26,3.1,Rising
1982-12-27,3.11,Rising
1982-12-28,3.12,Rising
1982-12-29,3.17,Rising
1982-12-30,3.23,Rising
1982-12-31,3.26,Rising
1983-01-01,3.3,Rising
1983-01-02,3.32,Rising
1983-01-03,3.34,Rising
1983-01-04,3.37,Rising
1983-01-05,3.4,Rising
1983-01-06,3.44,Rising
1983-01-07,3.5,Rising
1983-01-08,3.52,Rising
1983-01-09,3.59,Rising
1983-01-10,3.64,Rising
1983-01-11,3.73,Rising
1983-01-12,3.81,Rising
1983-01-13,3.89,Rising
1983-01-14,3.96,Rising
1983-01-15,4.02,Rising
1983-01-16,4.08,High
1983-01-17,4.15,High
1983-01-18,4.21,High
1983-01-19,4.24,High
1983-01-20,4.27,High
1983-01-21,4.3,High
1983-01-22,4.35,High
1983-01-23,4.39,High
1983-01-24,4.43,High
1983-01-25,4.51,High
1983-01-26,4.53,High
1983-01-27,4.57,High
1983-01-28,4.6,High
1983-01-29,4.66,High
1983-01-30,4.69,High
1983-01-31,4.71,High
1983-02-01,4.81,High
1983-02-02,4.84,High
1983-02-03,4.88,High
1983-02-04,4.91,High
1983-02-05,4.93,High
1983-02-06,4.95,High
1983-02-07,4.95,High
1983-02-08,4.94,High
1983-02-09,4.94,High
1983-02-10,4.95,High
1983-02-11,4.97,High
1983-02-12,5.01,High
1983-02-13,5.07,High
1983-02-14,5.1,High
1983-02-15,5.11,High
1983-02-16,5.1,High
1983-02-17,5.09,High
1983-02-18,5.07,High
1983-02-19,5.06,High
1983-02-20,5.04,High
1983-02-21,5.06,High
1983-02-22,5.04,High
1983-02-23,5.02,High
1983-02-24,5.01,High
1983-02-25,5.0,High
1983-02-26,4.99,High
1983-02-27,4.99,High
1983-02-28,4.97,High
1983-03-01,4.96,High
1983-03-02,4.93,High
1983-03-03,4.92,High
1983-03-04,4.88,High
1983-03-05,4.87,High
1983-03-06,4.81,High
1983-03-07,4.78,High
1983-03-08,4.75,High
1983-03-09,4.78,High
1983-03-10,4.75,High
1983-03-11,4.77,High
1983-03-12,4.8,High
1983-03-13,4.84,High
1983-03-14,4.86,High
1983-03-15,4.84,High
1983-03-16,4.83,High
1983-03-17,4.8,High
1983-03-18,4.79,High
1983-03-19,4.77,High
1983-03-20,4.74,High
1983-03-21,4.71,High
1983-03-22,4.69,High
1983-03-23,4.69,High
1983-03-24,4.7,High
1983-03-25,4.69,High
1983-03-26,4.71,High
1983-03-27,4.71,High
1983-03-28,4.71,High
1983-03-29,4.7,High
1983-03-30,4.67,High
1983-03-31,4.63,High
1983-04-01,4.61,High
1983-04-02,4.58,High
1983-04-03,4.54,High
1983-04-04,4.51,High
1983-04-05,4.49,High
1983-04-06,4.49,High
1983-04-07,4.46,High
1983-04-08,4.44,High
1983-04-09,4.41,High
1983-04-10,4.37,High
1983-04-11,4.31,High
1983-04-12,4.26,High
1983-04-13,4.19,High
1983-04-14,4.12,High
1983-04-15,4.04,High
1983-04-16,3.96,High
1983-04-17,3.88,High
1983-04-18,3.79,High
1983-04-19,3.73,High
1983-04-20,3.66,Falling
1983-04-21,3.61,Falling
1983-04-22,3.56,Falling
1983-04-23,3.54,Falling
1983-04-24,3.54,Falling
1983-04-25,3.55,Falling
1983-04-26,3.67,Falling
1983-04-27,3.74,Falling
1983-04-28,3.78,Falling
1983-04-29,3.8,Falling
1983-04-30,3.81,Falling
1983-05-01,3.8,Falling
1983-05-02,3.79,Falling
1983-05-03,3.76,Falling
1983-05-04,3.71,Falling
1983-05-05,3.64,Falling
1983-05-06,3.57,Falling
1983-05-07,3.51,Falling
1983-05-08,3.44,Falling
1983-05-09,3.37,Falling
1983-05-10,3.31,Falling
1983-05-11,3.25,Falling
1983-05-12,3.21,Falling
1983-05-13,3.16,Falling
1983-05-14,3.11,Falling
1983-05-15,3.06,Falling
1983-05-16,2.99,Falling
1983-05-17,2.92,Falling
1983-05-18,2.88,Falling
1983-05-19,2.83,Falling
1983-05-20,2.8,Falling
1983-05-21,2.79,Falling
1983-05-22,2.8,Falling
1983-05-23,2.8,Falling
1983-05-24,2.79,Falling
1983-05-25,2.79,Falling
1983-05-26,2.77,Falling
1983-05-27,2.76,Falling
1983-05-28,2.76,Falling
1983-05-29,2.77,Falling
1983-05-30,2.77,Falling
1983-05-31,2.8,Falling
1983-06-01,2.83,Falling
1983-06-02,2.84,Falling
1983-06-03,2.86,Falling
1983-06-04,2.87,Rising
1983-06-05,2.88,Rising
1983-06-06,2.89,Rising
1983-06-07,2.9,Rising
1983-06-08,2.9,Falling
1983-06-09,2.9,Falling
1983-06-10,2.89,Falling
1983-06-11,2.89,Falling
1983-06-12,2.88,Falling
1983-06-13,2.87,Falling
1983-06-14,2.87,Falling
1983-06-15,2.87,Falling
1983-06-16,2.86,Falling
1983-06-17,2.86,Falling
1983-06-18,2.85,Falling
1983-06-19,2.85,Falling
1983-06-20,2.83,Falling
1983-06-21,2.81,Falling
1983-06-22,2.77,Falling
1983-06-23,2.69,Falling
1983-06-24,2.65,Falling
1983-06-25,2.63,Falling
1983-06-26,2.61,Falling
1983-06-27,2.61,Falling
1983-06-28,2.61,Falling
1983-06-29,2.57,Falling
1983-06-30,2.53,Falling
1983-07-01,2.52,Falling
1983-07-02,2.5,Falling
1983-07-03,2.48,Falling
1983-07-04,2.47,Falling
1983-07-05,2.45,Falling
1983-07-06,2.45,Low
1983-07-07,2.44,Low
1983-07-08,2.43,Low
1983-07-09,2.41,Low
1983-07-10,2.4,Low
1983-07-11,2.39,Low
1983-07-12,2.38,Low
1983-07-13,2.38,Low
1983-07-14,2.38,Low
1983-07-15,2.36,Low
1983-07-16,2.34,Low
1983-07-17,2.33,Low
1983-07-18,2.32,Low
1983-07-19,2.35,Low
1983-07-20,2.38,Low
1983-07-21,2.4,Low
1983-07-22,2.41,Low
1983-07-23,2.41,Low
1983-07-24,2.41,Low
1983-07-25,2.4,Low
1983-07-26,2.4,Low
1983-07-27,2.41,Low
1983-07-28,2.43,Low
1983-07-29,2.45,Low
1983-07-30,2.46,Low
1983-07-31,2.48,Low
1983-08-01,2.49,Low
1983-08-02,2.5,Low
1983-08-03,2.49,Low
1983-08-04,2.48,Low
1983-08-05,2.46,Low
1983-08-06,2.44,Low
1983-08-07,2.41,Low
1983-08-08,2.39,Low
1983-08-09,2.38,Low
1983-08-10,2.36,Low
1983-08-11,2.35,Low
1983-08-12,2.34,Low
1983-08-13,2.32,Low
1983-08-14,2.3,Low
1983-08-15,2.3,Low
1983-08-16,2.31,Low
1983-08-17,2.28,Low
1983-08-18,2.27,Low
1983-08-19,2.26,Low
1983-08-20,2.26,Low
1983-08-21,2.25,Low
1983-08-22,2.24,Low
1983-08-23,2.23,Low
1983-08-24,2.24,Low
1983-08-25,2.23,Low
1983-08-26,2.23,Low
1983-08-27,2.23,Low
1983-08-28,2.23,Low
1983-08-29,2.22,Low
1983-08-30,2.22,Low
1983-08-31,2.21,Low
1983-09-01,2.2,Low
1983-09-02,2.19,Low
1983-09-03,2.18,Low
1983-09-04,2.17,Low
1983-09-05,2.17,Low
1983-09-06,2.17,Low
1983-09-07,2.17,Low
1983-09-08,2.16,Low
1983-09-09,2.16,Low
1983-09-10,2.16,Low
1983-09-11,2.15,Low
1983-09-12,2.15,Low
1983-09-13,2.14,Low
1983-09-14,2.14,Low
1983-09-15,2.16,Low
1983-09-16,2.18,Low
1983-09-17,2.19,Low
1983-09-18,2.2,Low
1983-09-19,2.22,Low
1983-09-20,2.23,Low
1983-09-21,2.23,Low
1983-09-22,2.24,Low
1983-09-23,2.23,Low
1983-09-24,2.23,Low
1983-09-25,2.22,Low
1983-09-26,2.22,Low
1983-09-27,2.22,Low
1983-09-28,2.23,Low
1983-09-29,2.24,Low
1983-09-30,2.26,Low
1983-10-01,2.26,Low
1983-10-02,2.25,Low
1983-10-03,2.24,Low
1983-10-04,2.19,Low
1983-10-05,2.18,Low
1983-10-06,2.16,Low
1983-10-07,2.18,Low
1983-10-08,2.18,Low
1983-10-09,2.18,Low
1983-10-10,2.18,Low
1983-10-11,2.19,Low
1983-10-12,2.19,Low
1983-10-13,2.2,Low
1983-10-14,2.23,Low
1983-10-15,2.25,Low
1983-10-16,2.26,Low
1983-10-17,2.26,Low
1983-10-18,2.28,Low
1983-10-19,2.29,Rising
1983-10-20,2.29,Rising
1983-10-21,2.3,Rising
1983-10-22,2.32,Rising
1983-10-23,2.34,Rising
1983-10-24,2.36,Rising
1983-10-25,2.36,Rising
1983-10-26,2.36,Rising
1983-10-27,2.38,Rising
1983-10-28,2.4,Rising
1983-10-29,2.42,Rising
1983-10-30,2.41,Rising
1983-10-31,2.47,Rising
1983-11-01,2.48,Rising
1983-11-02,2.48,Rising
1983-11-03,2.48,Rising
1983-11-04,2.48,Rising
1983-11-05,2.48,Rising
1983-11-06,2.46,Rising
1983-11-07,2.45,Rising
1983-11-08,2.44,Rising
1983-11-09,2.42,Rising
1983-11-10,2.42,Rising
1983-11-11,2.46,Rising
1983-11-12,2.48,Rising
1983-11-13,2.5,Rising
1983-11-14,2.56,Rising
1983-11-15,2.58,Rising
1983-11-16,2.6,Rising
1983-11-17,2.62,Rising
1983-11-18,2.64,Rising
1983-11-19,2.66,Rising
1983-11-20,2.68,Rising
1983-11-21,2.69,Rising
1983-11-22,2.7,Rising
1983-11-23,2.76,Rising
1983-11-24,2.8,Rising
1983-11-25,2.84,Rising
1983-11-26,2.88,Rising
1983-11-27,2.94,Rising
1983-11-28,2.98,Rising
1983-11-29,3.02,Rising
1983-11-30,3.08,Rising
1983-12-01,3.18,Rising
1983-12-02,3.26,Rising
1983-12-03,3.3,Rising
1983-12-04,3.38,Rising
1983-12-05,3.44,Rising
1983-12-06,3.54,Rising
1983-12-07,3.56,Rising
1983-12-08,3.8,Rising
1983-12-09,3.86,Rising
1983-12-10,4.0,Rising
1983-12-11,4.14,Rising
1983-12-12,4.26,Rising
1983-12-13,4.38,Rising
1983-12-14,4.53,Rising
1983-12-15,4.82,Rising
1983-12-16,4.92,Rising
1983-12-17,4.96,Rising
1983-12-18,4.94,Rising
1983-12-19,4.92,High
1983-12-20,4.9,High
1983-12-21,4.87,High
1983-12-22,4.85,High
1983-12-23,4.83,High
1983-12-24,4.81,High
1983-12-25,4.79,High
1983-12-26,4.78,High
1983-12-27,4.77,High
1983-12-28,4.75,High
1983-12-29,4.73,High
1983-12-30,4.72,High
1983-12-31,4.75,High
1984-01-01,4.81,High
1984-01-02,4.85,High
1984-01-03,4.88,High
1984-01-04,4.89,High
1984-01-05,4.9,High
1984-01-06,4.88,High
1984-01-07,4.88,High
1984-01-08,4.86,High
1984-01-09,4.85,High
1984-01-10,4.86,High
1984-01-11,4.87,High
1984-01-12,4.87,High
1984-01-13,4.84,High
1984-01-14,4.83,High
1984-01-15,4.83,High
1984-01-16,4.82,High
1984-01-17,4.8,High
1984-01-18,4.8,High
1984-01-19,4.79,High
1984-01-20,4.77,High
1984-01-21,4.74,High
1984-01-22,4.72,High
1984-01-23,4.71,High
1984-01-24,4.7,High
1984-01-25,4.7,High
1984-01-26,4.69,High
1984-01-27,4.69,High
1984-01-28,4.67,High
1984-01-29,4.7,High
1984-01-30,4.72,High
1984-01-31,4.71,High
1984-02-01,4.59,High
1984-02-02,4.57,High
1984-02-03,4.55,High
1984-02-04,4.54,High
1984-02-05,4.54,High
1984-02-06,4.54,High
1984-02-07,4.54,High
1984-02-08,4.54,High
1984-02-09,4.54,High
1984-02-10,4.54,High
1984-02-11,4.55,High
1984-02-12,4.54,High
1984-02-13,4.59,High
1984-02-14,4.6,High
1984-02-15,4.59,High
1984-02-16,4.64,High
1984-02-17,4.61,High
1984-02-18,4.6,High
1984-02-19,4.54,High
1984-02-20,4.53,High
1984-02-21,4.48,High
1984-02-22,4.46,High
1984-02-23,4.47,High
1984-02-24,4.46,High
1984-02-25,4.45,High
1984-02-26,4.46,High
1984-02-27,4.45,High
1984-02-28,4.44,High
1984-02-29,4.46,Falling
1984-03-01,4.46,Falling
1984-03-02,4.45,Falling
1984-03-03,4.43,Falling
1984-03-04,4.43,Falling
1984-03-05,4.4,Falling
1984-03-06,4.39,Falling
1984-03-07,4.36,Falling
1984-03-08,4.35,Falling
1984-03-09,4.33,Falling
1984-05-25,3.52,Falling
1984-05-26,3.52,Falling
1984-05-27,3.51,Falling
1984-05-28,3.4,Falling
1984-05-29,3.38,Falling
1984-05-30,3.34,Falling
1984-05-31,3.32,Falling
1984-06-01,3.31,Falling
1984-06-02,3.29,Falling
1984-06-03,3.25,Falling
1984-06-04,3.21,Falling
1984-06-05,3.19,Falling
1984-06-06,3.14,Falling
1984-06-07,3.14,Falling
1984-06-08,3.07,Falling
1984-06-09,3.04,Falling
1984-06-10,3.03,Falling
1984-06-11,2.94,Falling
1984-06-12,2.87,Falling
1984-06-13,2.83,Falling
1984-06-14,2.79,Falling
1984-06-15,2.76,Falling
1984-06-16,2.74,Falling
1984-06-17,2.73,Falling
1984-06-18,2.72,Falling
1984-06-19,2.72,Falling
1984-06-20,2.69,Falling
1984-06-21,2.68,Falling
1984-06-22,2.68,Falling
1984-06-23,2.68,Falling
1984-06-24,2.65,Falling
1984-06-25,2.64,Falling
1984-06-26,2.62,Falling
1984-06-27,2.59,Falling
1984-06-28,2.55,Falling
1984-06-29,2.54,Falling
1984-06-30,2.52,Falling
1984-07-01,2.5,Falling
1984-07-02,2.48,Falling
1984-07-03,2.48,Falling
1984-07-04,2.47,Falling
1984-07-05,2.46,Falling
1984-07-06,2.46,Falling
1984-07-07,2.46,Falling
1984-07-08,2.45,Falling
1984-07-09,2.44,Falling
1984-07-10,2.42,Falling
1984-07-11,2.42,Falling
1984-07-12,2.4,Falling
1984-07-13,2.38,Falling
1984-07-14,2.36,Falling
1984-07-15,2.36,Falling
1984-07-16,2.36,Falling
1984-07-17,2.36,Falling
1984-07-18,2.35,Falling
1984-07-19,2.34,Falling
1984-07-20,2.33,Falling
1984-07-21,2.32,Falling
1984-07-22,2.32,Falling
1984-07-23,2.3,Falling
1984-07-24,2.29,Falling
1984-07-25,2.3,Falling
1984-07-26,2.3,Falling
1984-07-27,2.3,Falling
1984-07-28,2.3,Falling
1984-07-29,2.3,Falling
1984-07-30,2.3,Falling
1984-07-31,2.29,Falling
1984-08-01,2.29,Low
1984-08-02,2.29,Low
1984-08-03,2.28,Low
1984-08-04,2.28,Low
1984-08-05,2.27,Low
1984-08-06,2.27,Low
1984-08-07,2.26,Low
1984-08-08,2.26,Low
1984-08-09,2.26,Low
1984-08-10,2.25,Low
1984-08-11,2.24,Low
1984-08-12,2.24,Low
1984-08-13,2.24,Low
1984-08-14,2.22,Low
1984-08-15,2.22,Low
1984-08-16,2.22,Low
1984-08-17,2.22,Low
1984-08-18,2.22,Low
1984-08-19,2.22,Low
1984-08-20,2.22,Low
1984-08-21,2.2,Low
1984-08-22,2.21,Low
1984-08-23,2.21,Low
1984-08-24,2.21,Low
1984-08-25,2.25,Rising
1984-08-26,2.26,Rising
1984-08-27,2.26,Rising
1984-08-28,2.26,Rising
1984-08-29,2.26,Rising
1984-08-30,2.26,Rising
1984-08-31,2.31,Rising
1984-09-01,2.35,Low
1984-09-02,2.39,Low
1984-09-03,2.46,Low
1984-09-04,2.48,Low
1984-09-05,2.48,Low
1984-09-06,2.5,Low
1984-09-07,2.56,Low
1984-09-08,2.6,Low
1984-09-09,2.61,Low
1984-09-10,2.62,Low
1984-09-11,2.62,Low
1984-09-12,2.61,Low
1984-09-13,2.58,Low
1984-09-14,2.55,Low
1984-09-15,2.5,Low
1984-09-16,2.43,Low
1984-09-17,2.4,Low
1984-09-18,2.4,Low
1984-09-19,2.38,Low
1984-09-20,2.37,Low
1984-09-21,2.34,Low
1984-09-22,2.34,Low
1984-09-23,2.33,Low
1984-09-24,2.33,Low
1984-09-25,2.29,Low
1984-09-26,2.26,Low
1984-09-27,2.24,Low
1984-09-28,2.22,Low
1984-09-29,2.22,Low
1984-09-30,2.2,Low
1984-10-01,2.2,Low
1984-10-02,2.2,Low
1984-10-03,2.22,Low
1984-10-04,2.22,Low
1984-10-05,2.22,Low
1984-10-06,2.22,Low
1984-10-07,2.22,Low
1984-10-08,2.22,Low
1984-10-09,2.21,Low
1984-10-10,2.18,Low
1984-10-11,2.18,Low
1984-10-12,2.18,Low
1984-10-13,2.18,Low
1984-10-14,2.18,Low
1984-10-15,2.19,Low
1984-10-16,2.18,Low
1984-10-17,2.18,Low
1984-10-18,2.21,Low
1984-10-19,2.24,Low
1984-10-20,2.24,Low
1984-10-21,2.24,Low
1984-10-22,2.26,Low
1984-10-23,2.28,Low
1984-10-24,2.29,Low
1984-10-25,2.3,Low
1984-10-26,2.31,Low
1984-10-27,2.34,Low
1984-10-28,2.34,Low
1984-10-29,2.37,Low
1984-10-30,2.41,Low
1984-10-31,2.44,Low
1984-11-01,2.47,Low
1984-11-02,2.48,Low
1984-11-03,2.48,Low
1984-11-04,2.5,Low
1984-11-05,2.53,Low
1984-11-06,2.54,Low
1984-11-07,2.56,Rising
1984-11-08,2.58,Rising
1984-11-09,2.58,Rising
1984-11-10,2.59,Rising
1984-11-11,2.58,Rising
1984-11-12,2.58,Rising
1984-11-13,2.56,Rising
1984-11-14,2.49,Rising
1984-11-15,2.48,Rising
1984-11-16,2.46,Rising
1984-11-17,2.49,Rising
1984-11-18,2.53,Rising
1984-11-19,2.57,Rising
1984-11-20,2.58,Rising
1984-11-21,2.56,Rising
1984-11-22,2.58,Rising
1984-11-23,2.6,Rising
1984-11-24,2.6,Rising
1984-11-25,2.62,Rising
1984-11-26,2.65,Rising
1984-11-27,2.69,Rising
1984-11-28,2.72,Rising
1984-11-29,2.74,Rising
1984-11-30,2.77,Rising
1984-12-01,2.81,Rising
1984-12-02,2.87,Rising
1984-12-03,2.9,Rising
1984-12-04,2.94,Rising
1984-12-05,2.99,Rising
1984-12-06,3.08,Rising
1984-12-07,3.16,Rising
1984-12-08,3.26,Rising
1984-12-09,3.37,Rising
1984-12-10,3.41,Rising
1984-12-11,3.48,Rising
1984-12-12,3.57,Rising
1984-12-13,3.63,Rising
1984-12-14,3.69,Rising
1984-12-15,3.75,Rising
1984-12-16,3.82,Rising
1984-12-17,3.84,Rising
1984-12-18,3.86,Rising
1984-12-19,3.88,Rising
1984-12-20,3.88,Rising
1984-12-21,3.88,Rising
1984-12-22,3.9,Rising
1984-12-23,3.9,Rising
1984-12-24,3.9,Rising
1984-12-25,3.92,Rising
1984-12-26,3.92,Rising
1984-12-27,3.94,Rising
1984-12-28,3.94,Rising
1984-12-29,3.96,Rising
1984-12-30,3.96,Rising
1984-12-31,3.99,Rising
1985-01-01,4.04,Rising
1985-01-02,4.11,Rising
1985-01-03,4.18,Rising
1985-01-04,4.25,Rising
1985-01-05,4.33,Rising
1985-01-06,4.4,Rising
1985-01-07,4.48,Rising
1985-01-08,4.56,Rising
1985-01-09,4.61,Rising
1985-01-10,4.7,Rising
1985-01-11,4.78,High
1985-01-12,4.86,High
1985-01-13,4.94,High
1985-01-14,4.99,High
1985-01-15,5.06,High
1985-01-16,5.12,High
1985-01-17,5.16,High
1985-01-18,5.16,High
1985-01-19,5.18,High
1985-01-20,5.26,High
1985-01-21,5.3,High
1985-01-22,5.34,High
1985-01-23,5.36,High
1985-01-24,5.38,High
1985-01-25,5.4,High
1985-01-26,5.46,High
1985-01-27,5.48,High
1985-01-28,5.48,High
1985-01-29,5.5,High
1985-01-30,5.52,High
1985-01-31,5.56,High
1985-02-01,5.6,High
1985-02-02,5.63,High
1985-02-03,5.65,High
1985-02-04,5.67,High
1985-02-05,5.66,High
1985-02-06,5.64,High
1985-02-07,5.62,High
1985-02-08,5.6,High
1985-02-09,5.6,High
1985-02-10,5.58,High
1985-02-11,5.56,High
1985-02-12,5.57,High
1985-02-13,5.51,High
1985-02-14,5.52,High
1985-02-15,5.5,High
1985-02-16,5.48,High
1985-02-17,5.45,High
1985-02-18,5.41,High
1985-02-19,5.4,High
1985-02-20,5.38,High
1985-02-21,5.35,High
1985-02-22,5.33,High
1985-02-23,5.3,High
1985-02-24,5.28,High
1985-02-25,5.25,High
1985-02-26,5.23,High
1985-02-27,5.18,High
1985-02-28,5.18,High
1985-03-01,5.2,High
1985-03-02,5.18,High
1985-03-03,5.16,High
1985-03-04,5.16,High
1985-03-05,5.12,High
1985-03-06,5.12,High
1985-03-07,5.1,High
1985-03-08,5.06,High
1985-03-09,5.06,High
1985-03-10,5.04,High
1985-03-11,5.02,High
1985-03-12,4.9,High
1985-03-13,4.9,High
1985-03-14,4.92,High
1985-03-15,4.9,High
1985-03-16,4.9,High
1985-03-17,4.9,High
1985-03-18,4.9,High
1985-03-19,4.92,High
1985-03-20,4.92,High
1985-03-21,4.94,High
1985-03-22,4.96,High
1985-03-23,4.96,High
1985-03-24,4.98,High
1985-03-25,4.98,High
1985-03-26,4.97,High
1985-03-27,4.96,High
1985-03-28,4.96,High
1985-03-29,4.96,High
1985-03-30,4.96,High
1985-03-31,4.92,High
1985-04-01,4.89,High
1985-04-02,4.85,High
1985-04-03,4.81,High
1985-04-04,4.77,High
1985-04-05,4.73,High
1985-04-06,4.68,High
1985-04-07,4.63,High
1985-04-08,4.6,High
1985-04-09,4.58,High
1985-04-10,4.57,High
1985-04-11,4.59,High
1985-04-12,4.61,High
1985-04-13,4.65,High
1985-04-14,4.68,High
1985-04-15,4.7,Falling
1985-04-16,4.72,Falling
1985-04-17,4.73,Falling
1985-04-18,4.72,Falling
1985-04-19,4.7,Falling
1985-04-20,4.68,Falling
1985-04-21,4.67,Falling
1985-04-22,4.65,Falling
1985-04-23,4.62,Falling
1985-04-24,4.62,Falling
1985-04-25,4.61,Falling
1985-04-26,4.6,Falling
1985-04-27,4.59,Falling
1985-04-28,4.57,Falling
1985-04-29,4.5,Falling
1985-04-30,4.47,Falling
1985-05-01,4.45,Falling
1985-05-02,4.42,Falling
1985-05-03,4.39,Falling
1985-05-04,4.35,Falling
1985-05-05,4.33,Falling
1985-05-06,4.3,Falling
1985-05-07,4.31,Falling
1985-05-08,4.31,Falling
1985-05-09,4.29,Falling
1985-05-10,4.27,Falling
1985-05-11,4.2,Falling
1985-05-12,4.1,Falling
1985-05-13,4.07,Falling
1985-05-14,4.06,Falling
1985-05-15,3.97,Falling
1985-05-16,3.84,Falling
1985-05-17,3.76,Falling
1985-05-18,3.6,Falling
1985-05-19,3.56,Falling
1985-05-20,3.5,Falling
1985-05-21,3.43,Falling
1985-05-22,3.38,Falling
1985-05-23,3.34,Falling
1985-05-24,3.28,Falling
1985-05-25,3.24,Falling
1985-05-26,3.19,Falling
1985-05-27,3.17,Falling
1985-05-28,3.13,Falling
1985-05-29,3.1,Falling
1985-05-30,3.07,Falling
1985-05-31,3.04,Falling
1985-06-01,3.0,Falling
1985-06-02,2.98,Falling
1985-06-03,2.95,Falling
1985-06-04,2.93,Falling
1985-06-05,2.9,Falling
1985-06-06,2.87,Falling
1985-06-07,2.85,Falling
1985-06-08,2.84,Falling
1985-06-09,2.82,Falling
1985-06-10,2.8,Falling
1985-06-11,2.78,Falling
1985-06-12,2.76,Falling
1985-06-13,2.76,Falling
1985-06-14,2.74,Falling
1985-06-15,2.73,Falling
1985-06-16,2.72,Falling
1985-06-17,2.71,Falling
1985-06-18,2.71,Falling
1985-06-19,2.71,Falling
1985-06-20,2.71,Falling
1985-06-21,2.7,Falling
1985-06-22,2.7,Falling
1985-06-23,2.7,Falling
1985-06-24,2.69,Falling
1985-06-25,2.68,Falling
1985-06-26,2.68,Falling
1985-06-27,2.67,Falling
1985-06-28,2.67,Falling
1985-06-29,2.66,Falling
1985-06-30,2.65,Falling
1985-07-01,2.64,Falling
1985-07-02,2.64,Falling
1985-07-03,2.63,Falling
1985-07-04,2.6,Falling
1985-07-05,2.58,Falling
1985-07-06,2.56,Falling
1985-07-07,2.55,Falling
1985-07-08,2.54,Falling
1985-07-09,2.53,Falling
1985-07-10,2.53,Falling
1985-07-11,2.53,Falling
1985-07-12,2.52,Falling
1985-07-13,2.51,Falling
1985-07-14,2.5,Falling
1985-07-15,2.48,Falling
1985-07-16,2.48,Falling
1985-07-17,2.5,Falling
1985-07-18,2.52,Falling
1985-07-19,2.51,Falling
1985-07-20,2.52,Falling
1985-07-21,2.5,Low
1985-07-22,2.47,Low
1985-07-23,2.46,Low
1985-07-24,2.46,Low
1985-07-25,2.46,Low
1985-07-26,2.44,Low
1985-07-27,2.43,Low
1985-07-28,2.43,Low
1985-07-29,2.41,Low
1985-07-30,2.4,Low
1985-07-31,2.38,Low
1985-08-01,2.37,Low
1985-08-02,2.36,Low
1985-08-03,2.36,Low
1985-08-04,2.35,Low
1985-08-05,2.35,Low
1985-08-06,2.34,Low
1985-08-07,2.33,Low
1985-08-08,2.33,Low
1985-08-09,2.32,Low
1985-08-10,2.32,Low
1985-08-11,2.32,Low
1985-08-12,2.31,Low
1985-08-13,2.31,Low
1985-08-14,2.3,Low
1985-08-15,2.29,Low
1985-08-16,2.29,Low
1985-08-17,2.28,Low
1985-08-18,2.28,Low
1985-08-19,2.27,Low
1985-08-20,2.26,Low
1985-08-21,2.26,Low
1985-08-22,2.26,Low
1985-08-23,2.25,Low
1985-08-24,2.24,Low
1985-08-25,2.24,Low
1985-08-26,2.24,Low
1985-08-27,2.24,Low
1985-08-28,2.24,Low
1985-08-29,2.24,Low
1985-08-30,2.24,Low
1985-08-31,2.24,Low
1985-09-01,2.24,Low
1985-09-02,2.24,Low
1985-09-03,2.24,Low
1985-09-04,2.22,Low
1985-09-05,2.22,Low
1985-09-06,2.22,Low
1985-09-07,2.22,Low
1985-09-08,2.22,Low
1985-09-09,2.22,Low
1985-09-10,2.22,Low
1985-09-11,2.2,Low
1985-09-12,2.2,Low
1985-09-13,2.2,Low
1985-09-14,2.2,Low
1985-09-15,2.2,Low
1985-09-16,2.2,Low
1985-09-17,2.2,Low
1985-09-18,2.2,Low
1985-09-19,2.2,Low
1985-09-20,2.2,Low
1985-09-21,2.2,Low
1985-09-22,2.2,Low
1985-09-23,2.2,Low
1985-09-24,2.22,Low
1985-09-25,2.24,Low
1985-09-26,2.24,Low
1985-09-27,2.26,Low
1985-09-28,2.26,Low
1985-09-29,2.26,Low
1985-09-30,2.28,Low
1985-10-01,2.3,Rising
1985-10-02,2.3,Rising
1985-10-03,2.3,Rising
1985-10-04,2.3,Rising
1985-10-05,2.32,Rising
1985-10-06,2.32,Rising
1985-10-07,2.34,Rising
1985-10-08,2.36,Rising
1985-10-09,2.38,Rising
1985-10-10,2.39,Rising
1985-10-11,2.41,Rising
1985-10-12,2.38,Rising
1985-10-13,2.37,Rising
1985-10-14,2.36,Rising
1985-10-15,2.34,Rising
1985-10-16,2.33,Rising
1985-10-17,2.32,Rising
1985-10-18,2.32,Rising
1985-10-19,2.33,Rising
1985-10-20,2.34,Rising
1985-10-21,2.32,Rising
1985-10-22,2.31,Rising
1985-10-23,2.31,Rising
1985-10-24,2.32,Rising
1985-10-25,2.32,Rising
1985-10-26,2.33,Rising
1985-10-27,2.34,Rising
1985-10-28,2.36,Rising
1985-10-29,2.38,Rising
1985-10-30,2.4,Rising
1985-10-31,2.41,Rising
1985-11-01,2.43,Rising
1985-11-02,2.45,Rising
1985-11-03,2.46,Rising
1985-11-04,2.46,Rising
1985-11-05,2.46,Rising
1985-11-06,2.45,Rising
1985-11-07,2.45,Rising
1985-11-08,2.46,Rising
1985-11-09,2.48,Rising
1985-11-10,2.48,Rising
1985-11-11,2.52,Falling
1985-11-12,2.55,Falling
1985-11-13,2.57,Falling
1985-11-14,2.58,Falling
1985-11-15,2.61,Falling
1985-11-16,2.61,Falling
1985-11-17,2.6,Falling
1985-11-18,2.59,Falling
1985-11-19,2.58,Falling
1985-11-20,2.57,Falling
1985-11-21,2.52,Falling
1985-11-22,2.43,Rising
1985-11-23,2.38,Rising
1985-11-24,2.35,Rising
1985-11-25,2.3,Rising
1985-11-26,2.3,Rising
1985-11-27,2.29,Rising
1985-11-28,2.31,Rising
1985-11-29,2.31,Falling
1985-11-30,2.33,Falling
1985-12-01,2.36,Falling
1985-12-02,2.38,Falling
1985-12-03,2.4,Falling
1985-12-04,2.41,Falling
1985-12-05,2.44,Falling
1985-12-06,2.48,Falling
1985-12-07,2.49,Falling
1985-12-08,2.51,Falling
1985-12-09,2.55,Falling
1985-12-10,2.56,Falling
1985-12-11,2.56,Rising
1985-12-12,2.57,Rising
1985-12-13,2.53,Rising
1985-12-14,2.5,Rising
1985-12-15,2.45,Rising
1985-12-16,2.41,Rising
1985-12-17,2.36,Rising
1985-12-18,2.33,Rising
1985-12-19,2.29,Rising
1985-12-20,2.27,Rising
1985-12-21,2.27,Rising
1985-12-22,2.28,Rising
1985-12-23,2.3,Rising
1985-12-24,2.32,Rising
1985-12-25,2.37,Rising
1985-12-26,2.39,Rising
1985-12-27,2.4,Rising
1985-12-28,2.41,Rising
1985-12-29,2.43,Rising
1985-12-30,2.45,Rising
1985-12-31,2.51,Rising
1986-01-01,2.52,Rising
1986-01-02,2.53,Rising
1986-01-03,2.54,Rising
1986-01-04,2.57,Rising
1986-01-05,2.59,Rising
1986-01-06,2.6,Rising
1986-01-07,2.63,Rising
1986-01-08,2.64,Rising
1986-01-09,2.64,Rising
1986-01-10,2.67,Rising
1986-01-11,2.68,Rising
1986-01-12,2.69,Rising
1986-01-13,2.7,Rising
1986-01-14,2.72,Rising
1986-01-15,2.72,Rising
1986-01-16,2.73,Rising
1986-01-17,2.74,Rising
1986-01-18,2.75,Rising
1986-01-19,2.77,Rising
1986-01-20,2.79,Rising
1986-01-21,2.82,Rising
1986-01-22,2.82,Rising
1986-01-23,2.84,Rising
1986-01-24,2.86,Rising
1986-01-25,2.86,Rising
1986-01-26,2.88,Rising
1986-01-27,2.92,Rising
1986-01-28,2.96,Rising
1986-01-29,2.98,Rising
1986-01-30,3.04,Rising
1986-01-31,3.08,Rising
1986-02-01,3.12,Rising
1986-02-02,3.19,Rising
1986-02-03,3.21,Rising
1986-02-04,3.23,Rising
1986-02-05,3.21,Rising
1986-02-06,3.21,Rising
1986-02-07,3.18,Rising
1986-02-08,3.15,Rising
1986-02-09,3.11,Rising
1986-02-10,3.07,Rising
1986-02-11,3.03,High
1986-02-12,3.02,High
1986-02-13,3.02,High
1986-02-14,3.04,High
1986-02-15,3.06,High
1986-02-16,3.07,High
1986-02-17,3.09,High
1986-02-18,3.16,High
1986-02-19,3.2,High
1986-02-20,3.25,High
1986-02-21,3.3,High
1986-02-22,3.35,High
1986-02-23,3.4,High
1986-02-24,3.47,High
1986-02-25,3.51,High
1986-02-26,3.54,High
1986-02-27,3.57,High
1986-02-28,3.59,High
1986-03-01,3.63,High
1986-03-02,3.66,High
1986-03-03,3.71,High
1986-03-04,3.8,High
1986-03-05,3.88,High
1986-03-06,3.93,High
1986-03-07,4.0,High
1986-03-08,4.07,High
1986-03-09,4.14,High
1986-03-10,4.19,High
1986-03-11,4.22,High
1986-03-12,4.26,High
1986-03-13,4.29,High
1986-03-14,4.32,High
1986-03-15,4.35,High
1986-03-16,4.36,High
1986-03-17,4.36,High
1986-03-18,4.34,High
1986-03-19,4.33,High
1986-03-20,4.32,High
1986-03-21,4.29,High
1986-03-22,4.26,High
1986-03-23,4.24,High
1986-03-24,4.24,High
1986-03-25,4.26,High
1986-03-26,4.3,High
1986-03-27,4.34,High
1986-03-28,4.38,High
1986-03-29,4.4,High
1986-03-30,4.43,High
1986-03-31,4.45,High
1986-04-01,4.47,High
1986-04-02,4.49,High
1986-04-03,4.52,High
1986-04-04,4.54,High
1986-04-05,4.55,High
1986-04-06,4.56,High
1986-04-07,4.58,High
1986-04-08,4.58,High
1986-04-09,4.58,High
1986-04-10,4.58,High
1986-04-11,4.59,High
1986-04-12,4.58,High
1986-04-13,4.59,High
1986-04-14,4.57,High
1986-04-15,4.61,High
1986-04-16,4.57,High
1986-04-17,4.53,High
1986-04-18,4.48,High
1986-04-19,4.39,High
1986-04-20,4.36,High
1986-04-21,4.33,High
1986-04-22,4.27,High
1986-04-23,4.22,High
1986-04-24,4.11,High
1986-04-25,4.0,High
1986-04-26,3.94,High
1986-04-27,3.88,High
1986-04-28,3.83,High
1986-04-29,3.79,High
1986-04-30,3.75,High
1986-05-01,3.72,High
1986-05-02,3.69,High
1986-05-03,3.66,High
1986-05-04,3.63,High
1986-05-05,3.58,High
1986-05-06,3.51,High
1986-05-07,3.46,High
1986-05-08,3.4,High
1986-05-09,3.34,High
1986-05-10,3.29,High
1986-05-11,3.25,High
1986-05-12,3.19,High
1986-05-13,3.14,High
1986-05-14,3.1,High
1986-05-15,3.06,High
1986-05-16,3.01,Falling
1986-05-17,2.95,Falling
1986-05-18,2.89,Falling
1986-05-19,2.85,Falling
1986-05-20,2.85,Falling
1986-05-21,2.86,Falling
1986-05-22,2.85,Falling
1986-05-23,2.85,Falling
1986-05-24,2.8,Falling
1986-05-25,2.8,Falling
1986-05-26,2.78,Falling
1986-05-27,2.78,Falling
1986-05-28,2.76,Falling
1986-05-29,2.75,Falling
1986-05-30,2.77,Falling
1986-05-31,2.76,Falling
1986-06-01,2.76,Falling
1986-06-02,2.74,Falling
1986-06-03,2.73,Falling
1986-06-04,2.72,Falling
1986-06-05,2.7,Falling
1986-06-06,2.68,Falling
1986-06-07,2.68,Falling
1986-06-08,2.67,Falling
1986-06-09,2.67,Falling
1986-06-10,2.66,Falling
1986-06-11,2.65,Falling
1986-06-12,2.65,Falling
1986-06-13,2.64,Falling
1986-06-14,2.62,Falling
1986-06-15,2.6,Falling
1986-06-16,2.57,Falling
1986-06-17,2.55,Falling
1986-06-18,2.51,Falling
1986-06-19,2.48,Falling
1986-06-20,2.44,Falling
1986-06-21,2.44,Falling
1986-06-22,2.44,Falling
1986-06-23,2.43,Falling
1986-06-24,2.42,Falling
1986-06-25,2.4,Falling
1986-06-26,2.37,Falling
1986-06-27,2.36,Falling
1986-06-28,2.35,Falling
1986-06-29,2.33,Falling
1986-06-30,2.31,Falling
1986-07-01,2.3,Falling
1986-07-02,2.28,Falling
1986-07-03,2.28,Falling
1986-07-04,2.26,Falling
1986-07-05,2.26,Falling
1986-07-06,2.25,Low
1986-07-07,2.24,Low
1986-07-08,2.24,Low
1986-07-09,2.22,Low
1986-07-10,2.21,Low
1986-07-11,2.21,Low
1986-07-12,2.2,Low
1986-07-13,2.2,Low
1986-07-14,2.2,Low
1986-07-15,2.2,Low
1986-07-16,2.19,Low
1986-07-17,2.19,Low
1986-07-18,2.19,Low
1986-07-19,2.19,Low
1986-07-20,2.18,Low
1986-07-21,2.18,Low
1986-07-22,2.16,Low
1986-07-23,2.16,Low
1986-07-24,2.14,Low
1986-07-25,2.14,Low
1986-07-26,2.12,Low
1986-07-27,2.12,Low
1986-07-28,2.12,Low
1986-07-29,2.1,Low
1986-07-30,2.1,Low
1986-07-31,2.1,Low
1986-08-01,2.1,Low
1986-08-02,2.09,Low
1986-08-03,2.08,Low
1986-08-04,2.08,Low
1986-08-05,2.1,Low
1986-08-06,2.12,Low
1986-08-07,2.13,Low
1986-08-08,2.15,Low
1986-08-09,2.16,Low
1986-08-10,2.16,Low
1986-08-11,2.18,Low
1986-08-12,2.19,Low
1986-08-13,2.2,Low
1986-08-14,2.19,Low
1986-08-15,2.17,Low
1986-08-16,2.15,Low
1986-08-17,2.14,Low
1986-08-18,2.14,Low
1986-08-19,2.13,Low
1986-08-20,2.12,Low
1986-08-21,2.13,Low
1986-08-22,2.15,Low
1986-08-23,2.17,Low
1986-08-24,2.19,Low
1986-08-25,2.2,Low
1986-08-26,2.21,Low
1986-08-27,2.22,Low
1986-08-28,2.22,Low
1986-08-29,2.23,Low
1986-08-30,2.23,Low
1986-08-31,2.24,Low
1986-09-01,2.25,Low
1986-09-02,2.27,Low
1986-09-03,2.31,Low
1986-09-04,2.37,Low
1986-09-05,2.4,Low
1986-09-06,2.41,Low
1986-09-07,2.43,Low
1986-09-08,2.45,Low
1986-09-09,2.45,Low
1986-09-10,2.44,Low
1986-09-11,2.42,Low
1986-09-12,2.4,Low
1986-09-13,2.38,Low
1986-09-14,2.38,Low
1986-09-15,2.37,Low
1986-09-16,2.36,Low
1986-09-17,2.34,Low
1986-09-18,2.32,Low
1986-09-19,2.3,Low
1986-09-20,2.28,Low
1986-09-21,2.26,Low
1986-09-22,2.24,Low
1986-09-23,2.2,Low
1986-09-24,2.16,Low
1986-09-25,2.13,Low
1986-09-26,2.11,Low
1986-09-27,2.09,Low
1986-09-28,2.07,Low
1986-09-29,2.05,Low
1986-09-30,2.03,Low
1986-10-01,2.01,Low
1986-10-02,2.0,Low
1986-10-03,1.99,Low
1986-10-04,1.97,Low
1986-10-05,1.96,Low
1986-10-06,1.95,Low
1986-10-07,1.94,Low
1986-10-08,1.93,Low
1986-10-09,1.92,Low
1986-10-10,1.91,Low
1986-10-11,1.9,Low
1986-10-12,1.92,Low
1986-10-13,1.95,Low
1986-10-14,1.99,Low
1986-10-15,2.03,Low
1986-10-16,2.07,Low
1986-10-17,2.09,Low
1986-10-18,2.12,Low
1986-10-19,2.14,Low
1986-10-20,2.14,Low
1986-10-21,2.12,Low
1986-10-22,2.09,Low
1986-10-23,2.07,Low
1986-10-24,2.03,Low
1986-10-25,2.01,Low
1986-10-26,1.98,Low
1986-10-27,1.96,Low
1986-10-28,1.95,Low
1986-10-29,1.94,Low
1986-10-30,1.93,Low
1986-10-31,1.94,Low
1986-11-01,1.96,Low
1986-11-02,1.98,Low
1986-11-03,2.0,Low
1986-11-04,2.02,Low
1986-11-05,2.06,Low
1986-11-06,2.12,Low
1986-11-07,2.19,Low
1986-11-08,2.29,Low
1986-11-09,2.41,Low
1986-11-10,2.56,Low
1986-11-11,2.69,Low
1986-11-12,2.79,Low
1986-11-13,2.88,Low
1986-11-14,2.95,Low
1986-11-15,2.99,Low
1986-11-16,3.03,Low
1986-11-17,3.06,Rising
1986-11-18,3.08,Rising
1986-11-19,3.1,Rising
1986-11-20,3.12,Rising
1986-11-21,3.12,Rising
1986-11-22,3.13,Rising
1986-11-23,3.13,Rising
1986-11-24,3.14,Rising
1986-11-25,3.13,Rising
1986-11-26,3.11,Rising
1986-11-27,3.09,Rising
1986-11-28,3.08,Rising
1986-11-29,3.07,Rising
1986-11-30,3.07,Rising
1986-12-01,3.06,Rising
1986-12-02,3.06,Rising
1986-12-03,3.08,Rising
1986-12-04,3.09,Rising
1986-12-05,3.11,Rising
1986-12-06,3.13,Rising
1986-12-07,3.15,Rising
1986-12-08,3.19,Rising
1986-12-09,3.21,Rising
1986-12-10,3.23,Rising
1986-12-11,3.27,Rising
1986-12-12,3.3,Rising
1986-12-13,3.32,Rising
1986-12-14,3.36,Rising
1986-12-15,3.38,Rising
1986-12-16,3.4,Rising
1986-12-17,3.42,Rising
1986-12-18,3.43,Rising
1986-12-19,3.43,Rising
1986-12-20,3.44,Rising
1986-12-21,3.44,Rising
1986-12-22,3.45,Rising
1986-12-23,3.47,Rising
1986-12-24,3.49,Rising
1986-12-25,3.51,Rising
1986-12-26,3.54,Rising
1986-12-27,3.59,Rising
1986-12-28,3.64,Rising
1986-12-29,3.7,Rising
1986-12-30,3.78,Rising
1986-12-31,3.88,Rising
1987-01-01,4.0,Rising
1987-01-02,4.16,Rising
1987-01-03,4.27,Rising
1987-01-04,4.31,Rising
1987-01-05,4.35,Rising
1987-01-06,4.4,Rising
1987-01-07,4.47,Rising
1987-01-08,4.51,Rising
1987-01-09,4.56,Rising
1987-01-10,4.58,Rising
1987-01-11,4.56,Rising
1987-01-12,4.54,Rising
1987-01-13,4.52,Rising
1987-01-14,4.51,Rising
1987-01-15,4.5,Rising
1987-01-16,4.49,Rising
1987-01-17,4.49,Rising
1987-01-18,4.45,Rising
1987-01-19,4.42,Rising
1987-01-20,4.41,Rising
1987-01-21,4.4,Rising
1987-01-22,4.38,Rising
1987-01-23,4.34,Rising
1987-01-24,4.35,Rising
1987-01-25,4.38,Rising
1987-01-26,4.38,Rising
1987-01-27,4.4,Rising
1987-01-28,4.44,Rising
1987-01-29,4.57,High
1987-01-30,4.72,High
1987-01-31,4.87,High
1987-02-01,4.96,High
1987-02-02,5.01,High
1987-02-03,5.07,High
1987-02-04,5.14,High
1987-02-05,5.22,High
1987-02-06,5.3,High
1987-02-07,5.37,High
1987-02-08,5.41,High
1987-02-09,5.42,High
1987-02-10,5.4,High
1987-02-11,5.37,High
1987-02-12,5.35,High
1987-02-13,5.33,High
1987-02-14,5.3,High
1987-02-15,5.27,High
1987-02-16,5.24,High
1987-02-17,5.21,High
1987-02-18,5.2,High
1987-02-19,5.17,High
1987-02-20,5.14,High
1987-02-21,5.1,High
1987-02-22,5.07,High
1987-02-23,5.03,High
1987-02-24,4.99,High
1987-02-25,4.93,High
1987-02-26,4.9,High
1987-02-27,4.87,High
1987-02-28,4.85,High
1987-03-01,4.83,High
1987-03-02,4.82,High
1987-03-03,4.82,High
1987-03-04,4.82,High
1987-03-05,4.84,High
1987-03-06,4.91,High
1987-03-07,4.92,High
1987-03-08,4.98,High
1987-03-09,4.98,High
1987-03-10,5.02,High
1987-03-11,5.03,High
1987-03-12,5.06,High
1987-03-13,5.06,High
1987-03-14,5.07,High
1987-03-15,5.08,High
1987-03-16,5.11,High
1987-03-17,5.15,High
1987-03-18,5.19,High
1987-03-19,5.23,High
1987-03-20,5.31,High
1987-03-21,5.33,High
1987-03-22,5.34,High
1987-03-23,5.34,High
1987-03-24,5.33,High
1987-03-25,5.33,High
1987-03-26,5.31,High
1987-03-27,5.27,High
1987-03-28,5.23,High
1987-03-29,5.19,High
1987-03-30,5.15,High
1987-03-31,5.1,High
1987-04-01,5.0,High
1987-04-02,4.95,High
1987-04-03,4.9,High
1987-04-04,4.83,High
1987-04-05,4.79,High
1987-04-06,4.72,High
1987-04-07,4.67,High
1987-04-08,4.63,High
1987-04-09,4.61,High
1987-04-10,4.59,High
1987-04-11,4.58,High
1987-04-12,4.61,High
1987-04-13,4.66,High
1987-04-14,4.76,Falling
1987-04-15,4.86,Falling
1987-04-16,4.93,Falling
1987-04-17,4.96,Falling
1987-04-18,4.96,Falling
1987-04-19,4.93,Falling
1987-04-20,4.89,Falling
1987-04-21,4.84,Falling
1987-04-22,4.78,Falling
1987-04-23,4.72,Falling
1987-04-24,4.65,Falling
1987-04-25,4.61,Falling
1987-04-26,4.57,Falling
1987-04-27,4.53,Falling
1987-04-28,4.49,Falling
1987-04-29,4.45,Falling
1987-04-30,4.42,Falling
1987-05-01,4.39,Falling
1987-05-02,4.37,Falling
1987-05-03,4.39,Falling
1987-05-04,4.42,Falling
1987-05-05,4.44,Falling
1987-05-06,4.47,Falling
1987-05-07,4.51,Falling
1987-05-08,4.54,Falling
1987-05-09,4.54,Falling
1987-05-10,4.54,Falling
1987-05-11,4.54,Falling
1987-05-12,4.53,Falling
1987-05-13,4.49,Falling
1987-05-14,4.47,Falling
1987-05-15,4.44,Falling
1987-05-16,4.43,Falling
1987-05-17,4.42,Falling
1987-05-18,4.42,Falling
1987-05-19,4.4,Falling
1987-05-20,4.4,Falling
1987-05-21,4.39,Falling
1987-05-22,4.37,Falling
1987-05-23,4.33,Falling
1987-05-24,4.29,Falling
1987-05-25,4.25,Falling
1987-05-26,4.22,Falling
1987-05-27,4.2,Falling
1987-05-28,4.16,Falling
1987-05-29,4.11,Falling
1987-05-30,4.06,Falling
1987-05-31,3.99,Falling
1987-06-01,3.92,Falling
1987-06-02,3.83,Falling
1987-06-03,3.74,Falling
1987-06-04,3.64,Falling
1987-06-05,3.57,Falling
1987-06-06,3.5,Falling
1987-06-07,3.44,Falling
1987-06-08,3.39,Falling
1987-06-09,3.33,Falling
1987-06-10,3.28,Falling
1987-06-11,3.22,Falling
1987-06-12,3.17,Falling
1987-06-13,3.11,Falling
1987-06-14,3.06,Falling
1987-06-15,3.01,Falling
1987-06-16,2.99,Falling
1987-06-17,2.97,Falling
1987-06-18,2.96,Falling
1987-06-19,2.96,Falling
1987-06-20,2.95,Falling
1987-06-21,2.94,Falling
1987-06-22,2.95,Falling
1987-06-23,2.96,Falling
1987-06-24,2.96,Falling
1987-06-25,2.96,Falling
1987-06-26,2.96,Falling
1987-06-27,2.95,Falling
1987-06-28,2.94,Falling
1987-06-29,2.93,Falling
1987-06-30,2.92,Falling
1987-07-01,3.07,Falling
1987-07-02,3.02,Falling
1987-07-03,2.98,Falling
1987-07-04,2.95,Falling
1987-07-05,2.91,Falling
1987-07-06,2.9,Falling
1987-07-07,2.87,Falling
1987-07-08,2.84,Falling
1987-07-09,2.82,Falling
1987-07-10,2.8,Falling
1987-07-11,2.79,Falling
1987-07-12,2.78,Falling
1987-07-13,2.77,Falling
1987-07-14,2.76,Falling
1987-07-15,2.75,Falling
1987-07-16,2.74,Low
1987-07-17,2.73,Low
1987-07-18,2.72,Rising
1987-07-19,2.71,Rising
1987-07-20,2.7,Rising
1987-07-21,2.69,Rising
1987-07-22,2.68,Rising
1987-07-23,2.67,Rising
1987-07-24,2.67,Rising
1987-07-25,2.66,Rising
1987-07-26,2.65,Rising
1987-07-27,2.64,Rising
1987-07-28,2.63,Rising
1987-07-29,2.62,Rising
1987-07-30,2.61,Rising
1987-07-31,2.6,Rising
1987-08-01,5.34,Rising
1987-08-02,5.3,Rising
1987-08-03,5.27,Rising
1987-08-04,5.25,Rising
1987-08-05,5.23,Rising
1987-08-06,5.2,Rising
1987-08-07,5.17,Rising
1987-08-08,5.14,Rising
1987-08-09,5.14,Rising
1987-08-10,5.12,Rising
1987-08-11,5.09,Rising
1987-08-12,5.07,Rising
1987-08-13,5.03,Rising
1987-08-14,4.99,High
1987-08-15,4.96,High
1987-08-16,4.91,High
1987-08-17,4.86,High
1987-08-18,4.81,High
1987-08-19,4.8,High
1987-08-20,4.77,High
1987-08-21,4.71,High
1987-08-22,4.67,High
1987-08-23,4.65,High
1987-08-24,4.64,High
1987-08-25,4.63,Falling
1987-08-26,4.61,Falling
1987-08-27,4.61,Falling
1987-08-28,4.68,Falling
1990-12-01,2.68,Low
1990-12-02,2.7,Low
1990-12-03,2.71,Low
1990-12-04,2.71,Low
1990-12-05,2.72,Low
1990-12-06,2.79,Low
1990-12-07,2.83,Low
1990-12-08,2.85,Low
1990-12-09,2.87,Low
1990-12-10,2.88,Low
1990-12-11,2.91,Low
1990-12-12,2.91,Low
1990-12-13,2.92,Low
1990-12-14,2.94,Low
1990-12-15,2.94,Low
1990-12-16,2.93,Low
1990-12-17,2.93,Low
1990-12-18,2.94,Low
1990-12-19,2.94,Low
1990-12-20,2.94,Low
1990-12-21,2.95,Low
1990-12-22,2.96,Low
1990-12-23,2.97,Low
1990-12-24,2.99,Low
1990-12-25,2.99,Low
1990-12-26,3.01,Low
1990-12-27,3.02,Low
1990-12-28,3.04,Low
1990-12-29,3.05,Low
1990-12-30,3.07,Low
1990-12-31,3.08,Low
1991-01-01,3.1,Low
1991-01-02,3.11,Low
1991-01-03,3.13,Low
1991-01-04,3.19,Low
1991-01-05,3.23,Low
1991-01-06,3.28,Low
1991-01-07,3.31,Low
1991-01-08,3.32,Low
1991-01-09,3.39,Rising
1991-01-10,3.42,Rising
1991-01-11,3.42,Rising
1991-01-12,3.4,Rising
1991-01-13,3.41,Rising
1991-01-14,3.41,Rising
1991-01-15,3.42,Rising
1991-01-16,3.44,Rising
1991-01-17,3.44,Rising
1991-01-18,3.43,Rising
1991-01-19,3.5,Rising
1991-01-20,3.66,Rising
1991-01-21,3.79,Rising
1991-01-22,3.91,Rising
1991-01-23,3.92,Rising
1991-01-24,3.93,Rising
1991-01-25,3.95,Rising
1991-01-26,3.97,Rising
1991-01-27,3.99,Rising
1991-01-28,4.13,Rising
1991-01-29,4.42,Rising
1991-01-30,4.44,Rising
1991-01-31,4.54,Rising
1991-02-01,4.8,Rising
1991-02-02,5.06,Rising
1991-02-03,5.04,Rising
1991-02-04,5.04,Rising
1991-02-05,5.08,Rising
1991-02-06,5.08,Rising
1991-02-07,5.09,Rising
1991-02-08,5.09,Rising
1991-02-09,5.08,Rising
1991-02-10,5.1,Rising
1991-02-11,5.11,Rising
1991-02-12,5.13,Rising
1991-02-13,5.13,Rising
1991-02-14,5.13,Rising
1991-02-15,5.14,Rising
1991-02-16,5.19,Rising
1991-02-17,5.2,Rising
1991-02-18,5.2,Rising
1991-02-19,5.21,Rising
1991-02-20,5.23,Rising
1991-02-21,5.23,Rising
1991-02-22,5.23,Rising
1991-02-23,5.2,Rising
1991-02-24,5.21,Rising
1991-02-25,5.17,Rising
1991-02-26,5.16,Rising
1991-02-27,5.14,Rising
1991-02-28,5.11,Rising
1991-03-01,5.1,Rising
1991-03-02,5.18,High
1991-03-03,5.18,High
1991-03-04,5.2,High
1991-03-05,5.21,High
1991-03-06,5.21,High
1991-03-07,5.23,High
1991-03-08,5.25,High
1991-03-09,5.27,High
1991-03-10,5.29,High
1991-03-11,5.31,High
1991-03-12,5.34,High
1991-03-13,5.36,High
1991-03-14,5.38,High
1991-03-15,5.39,High
1991-03-16,5.41,High
1991-03-17,5.43,High
1991-03-18,5.45,High
1991-03-19,5.46,High
1991-03-20,5.47,High
1991-03-21,5.48,High
1991-03-22,5.5,High
1991-03-23,5.52,High
1991-03-24,5.5,High
1991-03-25,5.49,High
1991-03-26,5.48,High
1991-03-27,5.44,High
1991-03-28,5.42,High
1991-03-29,5.44,High
1991-03-30,5.33,High
1991-03-31,5.38,High
1991-04-01,5.36,High
1991-04-02,5.33,High
1991-04-03,5.32,High
1991-04-04,5.3,High
1991-04-05,5.28,High
1991-04-06,5.27,High
1991-04-07,5.25,High
1991-04-08,5.24,High
1991-04-09,5.24,Falling
1991-04-10,5.24,Falling
1991-04-11,5.22,Falling
1991-04-12,5.22,Falling
1991-04-13,5.2,Falling
1991-04-14,5.18,Falling
1991-04-15,5.08,Falling
1991-09-19,2.33,Low
1991-09-20,2.34,Low
1991-09-21,2.34,Low
1991-09-22,2.35,Low
1991-09-23,2.36,Low
1991-09-24,2.37,Low
1991-09-25,2.4,Low
1991-09-26,2.4,Low
1991-09-27,2.42,Low
1991-09-28,2.43,Low
1991-09-29,2.43,Low
1991-09-30,2.46,Low
1991-10-01,2.48,Low
1991-10-02,2.46,Low
1991-10-03,2.45,Low
1991-10-04,2.44,Low
1991-10-05,2.44,Low
1991-10-06,2.42,Low
1991-10-07,2.42,Low
1991-10-08,2.43,Low
1991-10-09,2.44,Low
1991-10-10,2.45,Low
1991-10-11,2.47,Low
1991-10-12,2.49,Low
1991-10-13,2.51,Low
1991-10-14,2.54,Low
1991-10-15,2.55,Low
1991-10-16,2.57,Low
1991-10-17,2.6,Low
1991-10-18,2.62,Low
1991-10-19,2.61,Low
1991-10-20,2.65,Low
1991-10-21,2.68,Low
1991-10-22,2.54,Low
1991-10-23,2.54,Low
1991-10-24,2.53,Low
1991-10-25,2.47,Low
1991-10-26,2.45,Low
1991-10-27,2.44,Low
1991-10-28,2.45,Low
1991-10-29,2.46,Low
1991-10-30,2.46,Low
1991-10-31,2.47,Low
1991-11-01,2.48,Low
1991-11-02,2.5,Low
1991-11-03,2.51,Low
1991-11-04,2.53,Low
1991-11-05,2.53,Low
1991-11-06,2.54,Low
1991-11-07,2.55,Low
1991-11-08,2.53,Low
1991-11-09,2.51,Low
1991-11-10,2.52,Low
1991-11-11,2.6,Low
1991-11-12,2.67,Low
1991-11-13,2.68,Low
1991-11-14,2.68,Low
1991-11-15,2.69,Low
1991-11-16,2.71,Low
1991-11-17,2.72,Low
1991-11-18,2.72,Rising
1991-11-19,2.74,Rising
1991-11-20,2.75,Rising
1991-11-21,2.76,Rising
1991-11-22,2.77,Rising
1991-11-23,2.78,Rising
1991-11-24,2.8,Rising
1991-11-25,2.81,Rising
1991-11-26,2.82,Rising
1991-11-27,2.81,Falling
1991-11-28,2.81,Falling
1991-11-29,2.81,Falling
1991-11-30,2.8,Falling
1991-12-01,2.7,Falling
1991-12-02,2.61,Falling
1991-12-03,2.66,Falling
1991-12-04,2.65,Rising
1991-12-05,2.6,Rising
1991-12-06,2.58,Rising
1991-12-07,2.57,Rising
1991-12-08,2.56,Rising
1991-12-09,2.54,Rising
1991-12-10,2.56,Rising
1991-12-11,2.57,Rising
1991-12-12,2.58,Rising
1991-12-13,2.59,Rising
1991-12-14,2.6,Rising
1991-12-15,2.67,Rising
1991-12-16,2.7,Rising
1991-12-17,2.72,Rising
1991-12-18,2.76,Rising
1991-12-19,2.78,Rising
1991-12-20,2.8,Rising
1991-12-21,2.81,Rising
1991-12-22,2.82,Rising
1991-12-23,2.84,Rising
1991-12-24,2.88,Rising
1991-12-25,2.89,Rising
1991-12-26,2.97,Rising
1991-12-27,3.03,Rising
1991-12-28,3.08,Rising
1991-12-29,3.16,Rising
1991-12-30,3.22,Rising
1991-12-31,3.28,Rising
1992-01-01,3.38,Rising
1992-01-02,3.44,Rising
1992-01-03,3.5,Rising
1992-01-04,3.55,Rising
1992-01-05,3.57,Rising
1992-01-06,3.58,Rising
1992-01-07,3.58,Rising
1992-01-08,3.56,Rising
1992-01-09,3.5,Rising
1992-01-10,3.44,Rising
1992-01-11,3.42,Rising
1992-01-12,3.44,Rising
1992-01-13,3.36,Rising
1992-01-14,3.39,Rising
1992-01-15,3.38,Rising
1992-01-16,3.39,Rising
1992-01-17,3.4,Rising
1992-01-18,3.42,Rising
1992-01-19,3.45,Rising
1992-01-20,3.47,Rising
1992-01-21,3.51,Rising
1992-01-22,3.58,Rising
1992-01-23,3.64,Rising
1992-01-24,3.71,Rising
1992-01-25,3.75,Rising
1992-01-26,3.79,Rising
1992-01-27,3.82,Rising
1992-01-28,3.85,Rising
1992-01-29,3.89,Rising
1992-01-30,3.95,Rising
1992-01-31,4.02,Rising
1992-02-01,4.07,Rising
1992-02-02,4.12,Rising
1992-02-03,4.18,Rising
1992-02-04,4.23,Rising
1992-02-05,4.25,Rising
1992-02-06,4.29,Rising
1992-02-07,4.31,Rising
1992-02-08,4.33,Rising
1992-02-09,4.34,Rising
1992-02-10,4.34,Rising
1992-02-11,4.33,Rising
1992-02-12,4.33,Rising
1992-02-13,4.34,Rising
1992-02-14,4.32,Rising
1992-02-15,4.31,Rising
1992-02-16,4.27,Rising
1992-02-17,4.22,High
1992-02-18,4.2,High
1992-02-19,4.09,High
1992-02-20,4.03,High
1992-02-21,3.99,High
1992-02-22,3.99,High
1992-02-23,3.97,High
1992-02-24,3.93,High
1992-02-25,4.03,High
1992-02-26,4.05,High
1992-02-27,4.1,High
1992-02-28,4.15,High
1992-02-29,4.19,High
1992-03-01,4.3,High
1992-03-02,4.37,High
1992-03-03,4.43,High
1992-03-04,4.51,High
1992-03-05,4.58,High
1992-03-06,4.63,High
1992-03-07,4.69,High
1992-03-08,4.7,High
1992-03-09,4.73,High
1992-03-10,4.74,High
1992-03-11,4.73,High
1992-03-12,4.73,High
1992-03-13,4.65,High
1992-03-14,4.65,High
1992-03-15,4.68,High
1992-03-16,4.66,High
1992-03-17,4.67,High
1992-03-18,4.68,High
1992-03-19,4.69,High
1992-03-20,4.57,High
1992-03-21,4.55,High
1992-03-22,4.54,High
1992-03-23,4.52,High
1992-03-24,4.4,High
1992-03-25,4.43,High
1992-03-26,4.48,High
1992-03-27,4.44,High
1992-03-28,4.41,High
1992-03-29,4.4,High
1992-03-30,4.38,High
1992-03-31,4.38,High
1992-04-01,4.38,High
1992-04-02,4.37,High
1992-04-03,4.36,High
1992-04-04,4.34,High
1992-04-05,4.32,High
1992-04-06,4.3,High
1992-04-07,4.28,High
1992-04-08,4.23,High
1992-04-09,4.17,High
1992-04-10,4.15,High
1992-04-11,4.17,High
1992-04-12,4.22,High
1992-04-13,4.23,High
1992-04-14,4.21,High
1992-04-15,4.19,Falling
1992-04-16,4.17,Falling
1992-04-17,4.15,Falling
1992-04-18,4.14,Falling
1992-04-19,4.13,Falling
1992-04-20,4.12,Falling
1992-04-21,4.1,Falling
1992-04-22,4.1,Falling
1992-04-23,4.09,Falling
1992-04-24,4.07,Falling
1992-04-25,4.07,Falling
1992-04-26,4.06,Falling
1992-04-27,4.04,Falling
1992-04-28,4.03,Falling
1992-04-29,4.02,Falling
1992-04-30,4.01,Falling
1992-05-01,4.04,Rising
1992-05-02,4.05,Rising
1992-05-03,4.04,Rising
1992-05-04,4.03,Rising
1992-05-05,4.04,Rising
1992-05-06,4.05,Rising
1992-05-07,4.06,Rising
1992-05-08,4.07,Rising
1992-05-09,4.08,Rising
1992-05-10,4.09,Rising
1992-05-11,4.11,Rising
1992-05-12,4.12,Falling
1992-05-13,4.11,Falling
1992-05-14,4.21,Falling
1992-05-15,4.25,Falling
1992-05-16,4.27,Falling
1992-05-17,4.29,Falling
1992-05-18,4.31,Falling
1992-05-19,4.31,Falling
1992-05-20,4.31,Falling
1992-05-21,4.3,Falling
1992-05-22,4.27,Falling
1992-05-23,4.25,Falling
1992-05-24,4.22,Falling
1992-05-25,4.17,Falling
1992-05-26,4.04,Falling
1992-05-27,3.94,Falling
1992-05-28,3.86,Falling
1992-05-29,3.86,Falling
1992-05-30,3.81,Falling
1992-05-31,3.77,Falling
1992-06-01,3.7,Falling
1992-06-02,3.64,Falling
1992-06-03,3.56,Falling
1992-06-04,3.49,Falling
1992-06-05,3.45,Falling
1992-06-06,3.49,Falling
1992-09-01,2.35,Low
1992-09-02,2.37,Low
1992-09-03,2.36,Low
1992-09-04,2.36,Low
1992-09-05,2.35,Low
1992-09-06,2.35,Low
1992-09-07,2.34,Rising
1992-09-08,2.34,Rising
1992-09-09,2.36,Rising
1992-09-10,2.37,Rising
1992-09-11,2.4,Rising
1992-09-12,2.45,Rising
1992-09-13,2.43,Rising
1992-09-14,2.44,Rising
1992-09-15,2.47,Rising
1992-09-16,2.49,Rising
1992-09-17,2.5,Rising
1992-09-18,2.5,Rising
1992-09-19,2.53,Rising
1992-09-20,2.54,Rising
1992-09-21,2.55,Rising
1992-09-22,2.56,Rising
1992-09-23,2.58,Rising
1992-09-24,2.59,Rising
1992-09-25,2.59,Rising
1992-09-26,2.59,Rising
1992-09-27,2.59,Rising
1992-09-28,2.59,Rising
1992-09-29,2.62,Rising
1992-09-30,2.62,Rising
1992-10-01,2.63,Rising
1992-10-02,2.64,Rising
1992-10-03,2.67,Rising
1992-10-04,2.67,Rising
1992-10-05,2.68,Rising
1992-10-06,2.74,Rising
1992-10-07,2.74,Falling
1992-10-08,2.75,Falling
1992-10-09,2.75,Falling
1992-10-10,2.75,Falling
1992-10-11,2.75,Falling
1992-10-12,2.73,Falling
1992-10-13,2.7,Falling
1992-10-14,2.68,Falling
1992-10-15,2.65,Falling
1992-10-16,2.61,Falling
1992-10-17,2.59,Falling
1992-10-18,2.58,Falling
1992-10-19,2.57,Falling
1992-10-20,2.56,Falling
1992-10-21,2.53,Falling
1992-10-22,2.53,Falling
1992-10-23,2.53,Falling
1992-10-24,2.54,Falling
1992-10-25,2.55,Falling
1992-10-26,2.56,Falling
1992-10-27,2.56,Falling
1992-10-28,2.57,Falling
1992-10-29,2.59,Falling
1992-10-30,2.6,Falling
1992-10-31,2.6,Falling
1993-06-01,2.86,High
1993-06-02,2.86,High
1993-06-03,2.86,High
1993-06-04,2.84,High
1993-06-05,2.82,High
1993-06-06,2.8,High
1993-06-07,2.8,High
1993-06-08,2.8,High
1993-06-09,2.78,High
1993-06-10,2.78,High
1993-06-11,2.78,High
1993-06-12,2.8,High
1993-06-13,2.82,High
1993-06-14,2.82,High
1993-06-15,2.84,High
1993-06-16,2.84,High
1993-06-17,2.86,High
1993-06-18,2.86,High
1993-06-19,2.88,High
1993-06-20,2.88,High
1993-06-21,2.88,High
1993-06-22,2.88,High
1993-06-23,2.88,High
1993-06-24,2.86,High
1993-06-25,2.85,High
1993-06-26,2.82,High
1993-06-27,2.8,High
1993-06-28,2.78,High
1993-06-29,2.75,High
1993-06-30,2.72,High
1993-07-01,2.7,High
1993-07-02,2.68,High
1993-07-03,2.66,High
1993-07-04,2.64,High
1993-07-05,2.62,Falling
1993-07-06,2.6,Falling
1993-07-07,2.58,Falling
1993-07-08,2.56,Falling
1993-07-09,2.56,Falling
1993-07-10,2.55,Falling
1993-07-11,2.55,Falling
1993-07-12,2.54,Falling
1993-07-13,2.54,Falling
1993-07-14,2.54,Falling
1993-07-15,2.52,Falling
1993-07-16,2.52,Falling
1993-07-17,2.52,Falling
1993-07-18,2.52,Falling
1993-07-19,2.5,Falling
1993-07-20,2.5,Falling
1993-07-21,2.5,Falling
1993-07-22,2.48,Falling
1993-07-23,2.48,Falling
1993-07-24,2.46,Falling
1993-07-25,2.46,Falling
1993-07-26,2.46,Falling
1993-07-27,2.44,Falling
1993-07-28,2.44,Falling
1993-07-29,2.42,Falling
1993-07-30,2.42,Falling
1993-07-31,2.42,Falling
1993-08-01,2.4,Falling
1993-08-02,2.4,Low
1993-08-03,2.4,Low
1993-08-04,2.4,Low
1993-08-05,2.38,Low
1993-08-06,2.38,Low
1993-08-07,2.38,Low
1993-08-08,2.36,Low
1993-08-09,2.36,Low
1993-08-10,2.34,Low
1993-08-11,2.34,Low
1993-08-12,2.34,Low
1993-08-13,2.34,Low
1993-08-14,2.34,Low
1993-08-15,2.34,Low
1993-08-16,2.34,Low
1993-08-17,2.34,Low
1993-08-18,2.34,Low
1993-08-19,2.32,Low
1993-08-20,2.32,Low
1993-08-21,2.32,Low
1993-08-22,2.32,Low
1993-08-23,2.32,Low
1993-08-24,2.32,Low
1993-08-25,2.32,Low
1993-08-26,2.32,Low
1993-08-27,2.34,Low
1993-08-28,2.34,Low
1993-08-29,2.34,Low
1993-08-30,2.34,Low
1993-08-31,2.34,Low
1993-09-01,2.34,Low
1993-09-02,2.34,Low
1993-09-03,2.34,Low
1993-09-04,2.34,Low
1993-09-05,2.32,Low
1993-09-06,2.32,Low
1993-09-07,2.32,Low
1993-09-08,2.32,Low
1993-09-09,2.32,Low
1993-09-10,2.32,Low
1993-09-11,2.32,Low
1993-09-12,2.32,Low
1993-09-13,2.32,Low
1993-09-14,2.32,Low
1993-09-15,2.3,Low
1993-09-16,2.3,Low
1993-09-17,2.32,Low
1993-09-18,2.34,Low
1993-09-19,2.34,Low
1993-09-20,2.36,Low
1993-09-21,2.34,Low
1993-09-22,2.34,Low
1993-09-23,2.34,Low
1993-09-24,2.32,Low
1993-09-25,2.32,Low
1993-09-26,2.3,Low
1993-09-27,2.3,Low
1993-09-28,2.28,Low
1993-09-29,2.28,Low
1993-09-30,2.28,Low
1993-10-01,2.28,Low
1993-10-02,2.28,Low
1993-10-03,2.28,Low
1993-10-04,2.28,Low
1993-10-05,2.28,Low
1993-10-06,2.31,Low
1993-10-07,2.34,Low
1993-10-08,2.34,Low
1993-10-09,2.36,Low
1993-10-10,2.36,Low
1993-10-11,2.36,Low
1993-10-12,2.36,Low
1993-10-13,2.36,Low
1993-10-14,2.35,Low
1993-10-15,2.32,Low
1993-10-16,2.3,Low
1993-10-17,2.28,Low
1993-10-18,2.26,Low
1993-10-19,2.26,Low
1993-10-20,2.26,Rising
1993-10-21,2.28,Rising
1993-10-22,2.28,Rising
1993-10-23,2.31,Rising
1993-10-24,2.34,Rising
1993-10-25,2.37,Falling
1993-10-26,2.4,Falling
1993-10-27,2.4,Falling
1993-10-28,2.38,Falling
1993-10-29,2.4,Falling
1993-10-30,2.4,Rising
1993-10-31,2.4,Rising
1993-11-01,2.4,Rising
1993-11-02,2.4,Rising
1993-11-03,2.4,Rising
1993-11-04,2.38,Rising
1993-11-05,2.36,Rising
1993-11-06,2.36,Rising
1993-11-07,2.36,Rising
1993-11-08,2.34,Rising
1993-11-09,2.34,Falling
1993-11-10,2.32,Falling
1993-11-11,2.36,Falling
1993-11-12,2.36,Falling
1993-11-13,2.36,Falling
1993-11-14,2.38,Falling
1993-11-15,2.38,Falling
1993-11-16,2.38,Falling
1993-11-17,2.4,Falling
1993-11-18,2.4,Falling
1993-11-19,2.36,Low
1993-11-20,2.36,Low
1993-11-21,2.34,Low
1993-11-22,2.32,Low
1993-11-23,2.3,Low
1993-11-24,2.28,Low
1993-11-25,2.3,Low
1993-11-26,2.3,Low
1993-11-27,2.3,Low
1993-11-28,2.3,Low
1993-11-29,2.3,Low
1993-11-30,2.3,Low
1993-12-01,2.3,Low
1993-12-02,2.32,Low
1993-12-03,2.32,Low
1993-12-04,2.3,Low
1993-12-05,2.28,Low
1993-12-06,2.26,Low
1993-12-07,2.26,Low
1993-12-08,2.26,Rising
1993-12-09,2.26,Rising
1993-12-10,2.26,Rising
1993-12-11,2.28,Rising
1993-12-12,2.32,Rising
1993-12-13,2.34,Rising
1993-12-14,2.35,Rising
1993-12-15,2.38,Rising
1993-12-16,2.4,Rising
1993-12-17,2.46,Rising
1993-12-18,2.5,Rising
1993-12-19,2.52,Rising
1993-12-20,2.54,Rising
1993-12-21,2.58,Rising
1993-12-22,2.64,Rising
1993-12-23,2.66,Rising
1993-12-24,2.72,Rising
1993-12-25,2.76,Rising
1993-12-26,2.82,Rising
1993-12-27,2.86,Rising
1993-12-28,2.9,Rising
1993-12-29,2.94,Rising
1993-12-30,2.96,Rising
1993-12-31,3.0,Rising
1994-01-01,3.07,Rising
1994-01-02,3.13,Rising
1994-01-03,3.19,Rising
1994-01-04,3.25,Rising
1994-01-05,3.31,Rising
1994-01-06,3.37,Rising
1994-01-07,3.44,Rising
1994-01-08,3.47,Rising
1994-01-09,3.52,Rising
1994-01-10,3.56,Rising
1994-01-11,3.55,Rising
1994-01-12,3.54,Rising
1994-01-13,3.54,Rising
1994-01-14,3.54,Rising
1994-01-15,3.54,Rising
1994-01-16,3.56,Rising
1994-01-17,3.56,Rising
1994-01-18,3.56,Rising
1994-01-19,3.56,Rising
1994-01-20,3.6,Rising
1994-01-21,3.6,High
1994-01-22,3.57,High
1994-01-23,3.55,High
1994-01-24,3.52,High
1994-01-25,3.5,High
1994-01-26,3.51,High
1994-01-27,3.52,High
1994-03-16,4.68,High
1994-03-17,4.74,High
1994-03-18,4.78,High
1994-03-19,4.76,High
1994-03-20,4.76,High
1994-03-21,4.74,High
1994-03-22,4.74,High
1994-03-23,4.74,High
1994-03-24,4.74,High
1994-03-25,4.74,High
1994-03-26,4.72,High
1994-03-27,4.69,High
1994-03-28,4.66,High
1994-03-29,4.63,High
1994-03-30,4.6,High
1994-03-31,4.59,High
1994-04-01,4.55,High
1994-04-02,4.52,High
1994-04-03,4.5,High
1994-04-04,4.48,High
1994-04-05,4.47,High
1994-04-06,4.46,High
1994-04-07,4.5,High
1994-04-08,4.5,High
1994-04-09,4.52,High
1994-04-10,4.54,High
1994-04-11,4.56,High
1994-04-12,4.6,High
1994-04-13,4.63,High
1994-04-14,4.66,High
1994-04-15,4.68,High
1994-04-16,4.68,High
1994-04-17,4.68,High
1994-04-18,4.68,High
1994-04-19,4.7,High
1994-04-20,4.7,High
1994-04-21,4.7,High
1994-04-22,4.7,High
1994-04-23,4.7,High
1994-04-24,4.68,High
1994-04-25,4.65,High
1994-04-26,4.62,High
1994-04-27,4.57,High
1994-04-28,4.52,High
1994-04-29,4.47,High
1994-04-30,4.43,High
1994-05-01,4.35,High
1994-05-02,4.29,High
1994-05-03,4.21,High
1994-05-04,4.14,High
1994-05-05,4.08,High
1994-05-06,4.01,High
1994-05-07,3.93,High
1994-05-08,3.88,High
1994-05-09,3.81,High
1994-05-10,3.74,High
1994-05-11,3.69,High
1994-05-12,3.64,High
1994-05-13,3.59,High
1994-05-14,3.53,High
1994-05-15,3.47,High
1994-05-16,3.41,Falling
1994-05-17,3.33,Falling
1994-05-18,3.27,Falling
1994-05-19,3.23,Falling
1994-05-20,3.19,Falling
1994-05-21,3.15,Falling
1994-05-22,3.11,Falling
1994-05-23,3.07,Falling
1994-05-24,3.03,Falling
1994-05-25,3.02,Falling
1994-05-26,3.02,Falling
1994-05-27,2.98,Falling
1994-05-28,2.98,Falling
1994-05-29,2.98,Falling
1994-05-30,2.98,Falling
1994-05-31,2.96,Falling
1994-06-01,2.96,Falling
1994-06-02,2.94,Falling
1994-06-03,2.94,Falling
1994-06-04,2.96,Falling
1994-06-05,2.96,Falling
1994-06-06,2.95,Falling
1994-06-07,2.94,Falling
1994-06-08,2.93,Falling
1994-06-09,2.92,Falling
1994-06-10,2.91,Falling
1994-06-11,2.9,Falling
1994-06-12,2.87,Falling
1994-06-13,2.83,Falling
1994-06-14,2.78,Falling
1994-06-15,2.75,Falling
1994-06-16,2.74,Falling
1994-06-17,2.73,Falling
1994-06-18,2.72,Falling
1994-06-19,2.71,Falling
1994-06-20,2.7,Falling
1994-06-21,2.69,Falling
1994-06-22,2.66,Falling
1994-06-23,2.66,Falling
1994-06-24,2.66,Falling
1994-06-25,2.64,Falling
1994-06-26,2.64,Falling
1994-06-27,2.64,Falling
1994-06-28,2.62,Falling
1994-06-29,2.62,Falling
1994-06-30,2.62,Falling
1994-07-01,2.62,Falling
1994-07-02,2.62,Falling
1994-07-03,2.62,Falling
1994-07-04,2.64,Falling
1994-07-05,2.66,Falling
1994-07-06,2.66,Falling
1994-07-07,2.67,Falling
1994-07-08,2.68,Falling
1994-07-09,2.66,Falling
1994-07-10,2.66,Falling
1994-07-11,2.66,Falling
1994-07-12,2.62,Falling
1994-07-13,2.62,Falling
1994-07-14,2.6,Falling
1994-07-15,2.59,Falling
1994-07-16,2.56,Falling
1994-07-17,2.54,Falling
1994-07-18,2.52,Falling
1994-07-19,2.52,Falling
1994-07-20,2.5,Falling
1994-07-21,2.5,Falling
1994-07-22,2.48,Falling
1994-07-23,2.5,Falling
1994-07-24,2.5,Falling
1994-07-25,2.5,Falling
1994-07-26,2.48,Falling
1994-07-27,2.48,Falling
1994-07-28,2.46,Falling
1994-07-29,2.46,Falling
1994-07-30,2.46,Falling
1994-07-31,2.47,Falling
1994-08-01,2.48,Falling
1994-08-02,2.5,Falling
1994-08-03,2.5,Falling
1994-08-04,2.52,Falling
1994-08-05,2.52,Falling
1994-08-06,2.5,Falling
1994-08-07,2.5,Falling
1994-08-08,2.48,Falling
1994-08-09,2.48,Falling
1994-08-10,2.44,Falling
1994-08-11,2.4,Falling
1994-08-12,2.4,Falling
1994-08-13,2.38,Falling
1994-08-14,2.38,Falling
1994-08-15,2.36,Falling
1994-08-16,2.34,Falling
1994-08-17,2.32,Falling
1994-08-18,2.32,Falling
1994-08-19,2.31,Falling
1994-08-20,2.3,Low
1994-08-21,2.3,Low
1994-08-22,2.3,Low
1994-08-23,2.28,Low
1994-08-24,2.27,Low
1994-08-25,2.26,Low
1994-08-26,2.26,Low
1994-08-27,2.26,Low
1994-08-28,2.26,Low
1994-08-29,2.24,Low
1994-08-30,2.24,Low
1994-08-31,2.22,Low
1994-09-01,2.22,Low
1994-09-02,2.2,Low
1994-09-03,2.2,Low
1994-09-04,2.18,Low
1994-09-05,2.18,Low
1994-09-06,2.18,Low
1994-09-07,2.18,Low
1994-09-08,2.18,Low
1994-09-09,2.2,Low
1994-09-10,2.2,Low
1994-09-11,2.2,Low
1994-09-12,2.2,Low
1994-09-13,2.18,Low
1994-09-14,2.18,Low
1994-09-15,2.18,Low
1994-09-16,2.24,Low
1994-09-17,2.22,Low
1994-09-18,2.2,Low
1994-09-19,2.18,Low
1994-09-20,2.18,Low
1994-09-21,2.16,Low
1994-09-22,2.16,Low
1994-09-23,2.18,Low
1994-09-24,2.24,Low
1994-09-25,2.24,Low
1994-09-26,2.22,Low
1994-09-27,2.2,Low
1994-09-28,2.18,Low
1994-09-29,2.18,Low
1994-09-30,2.17,Low
1994-10-01,2.17,Low
1994-10-02,2.17,Low
1994-10-03,2.16,Low
1994-10-04,2.15,Low
1994-10-05,2.15,Low
1994-10-06,2.14,Low
1994-10-07,2.14,Low
1994-10-08,2.14,Low
1994-10-09,2.14,Low
1994-10-10,2.14,Low
1994-10-11,2.14,Low
1994-10-12,2.14,Low
1994-10-13,2.16,Low
1994-10-14,2.16,Low
1994-10-15,2.16,Low
1994-10-16,2.12,Low
1994-10-17,2.12,Low
1994-10-18,2.12,Low
1994-10-19,2.11,Low
1994-10-20,2.1,Low
1994-10-21,2.1,Low
1994-10-22,2.1,Low
1994-10-23,2.11,Low
1994-10-24,2.12,Low
1994-10-25,2.12,Low
1994-10-26,2.14,Low
1994-10-27,2.16,Low
1994-10-28,2.19,Low
1994-10-29,2.29,Low
1994-10-30,2.28,Low
1994-10-31,2.29,Low
1994-11-01,2.3,Low
1994-11-02,2.3,Low
1994-11-03,2.3,Low
1994-11-04,2.33,Low
1994-11-05,2.34,Low
1994-11-06,2.37,Low
1994-11-07,2.4,Low
1994-11-08,2.43,Low
1994-11-09,2.47,Low
1994-11-10,2.5,Low
1994-11-11,2.52,Low
1994-11-12,2.54,Low
1994-11-13,2.56,Low
1994-11-14,2.6,Low
1994-11-15,2.62,Low
1994-11-16,2.64,Low
1994-11-17,2.66,Low
1994-11-18,2.65,Rising
1994-11-19,2.64,Rising
1994-11-20,2.6,Rising
1994-11-21,2.58,Rising
1994-11-22,2.56,Rising
1994-11-23,2.54,Rising
1994-11-24,2.54,Rising
1994-11-25,2.54,Rising
1994-11-26,2.54,Rising
1994-11-27,2.61,Rising
1994-11-28,2.65,Rising
1994-11-29,2.7,Rising
1994-11-30,2.7,Rising
1994-12-01,2.74,Rising
1994-12-02,2.77,Rising
1994-12-03,2.8,Rising
1994-12-04,2.83,Rising
1994-12-05,2.86,Rising
1994-12-06,2.89,Rising
1994-12-07,2.92,Rising
1994-12-08,2.97,Rising
1994-12-09,3.05,Rising
1994-12-10,3.07,Rising
1994-12-11,3.14,Rising
1994-12-12,3.18,Rising
1994-12-13,3.22,Rising
1994-12-14,3.24,Rising
1994-12-15,3.25,Rising
1994-12-16,3.3,Rising
1994-12-17,3.32,Rising
1994-12-18,3.34,Rising
1994-12-19,3.38,Rising
1994-12-20,3.41,Rising
1994-12-21,3.44,Rising
1994-12-22,3.42,Rising
1994-12-23,3.41,Rising
1994-12-24,3.41,Rising
1994-12-25,3.41,Rising
1994-12-26,3.4,Rising
1994-12-27,3.47,Rising
1994-12-28,3.53,Rising
1994-12-29,3.54,Rising
1994-12-30,3.55,Rising
1994-12-31,3.68,Rising
1995-01-01,3.81,Rising
1995-01-02,3.94,Rising
1995-01-03,4.07,Rising
1995-01-04,4.18,Rising
1995-01-05,4.29,Rising
1995-01-06,4.4,Rising
1995-01-07,4.49,Rising
1995-01-08,4.58,Rising
1995-01-09,4.69,Rising
1995-01-10,4.83,Rising
1995-01-11,4.98,Rising
1995-01-12,5.08,Rising
1995-01-13,5.18,Rising
1995-01-14,5.23,High
1995-01-15,5.28,High
1995-01-16,5.33,High
1995-01-17,5.34,High
1995-01-18,5.34,High
1995-01-19,5.34,High
1995-01-20,5.34,High
1995-01-21,5.34,High
1995-01-22,5.32,High
1995-01-23,5.32,High
1995-01-24,5.3,High
1995-01-25,5.27,High
1995-01-26,5.23,High
1995-01-27,5.2,High
1995-01-28,5.17,High
1995-01-29,5.14,High
1995-01-30,5.08,High
1995-01-31,5.03,High
1995-02-01,4.98,High
1995-02-02,4.95,High
1995-02-03,4.91,High
1995-02-04,4.87,High
1995-02-05,4.86,High
1995-02-06,4.86,High
1995-02-07,4.87,High
1995-02-08,4.96,High
1995-02-09,5.02,High
1995-02-10,5.14,High
1995-02-11,5.24,High
1995-02-12,5.32,High
1995-02-13,5.41,High
1995-02-14,5.45,High
1995-02-15,5.51,High
1995-02-16,5.55,High
1995-02-17,5.59,High
1995-02-18,5.63,High
1995-02-19,5.66,High
1995-02-20,5.66,High
1995-02-21,5.63,High
1995-02-22,5.6,High
1995-02-23,5.59,High
1995-02-24,5.55,High
1995-02-25,5.54,High
1995-02-26,5.54,High
1995-02-27,5.54,High
1995-02-28,5.56,High
1995-03-01,5.56,High
1995-03-02,5.56,High
1995-03-03,5.54,High
1995-03-04,5.52,High
1995-03-05,5.5,High
1995-03-06,5.48,High
1995-03-07,5.45,High
1995-03-08,5.41,High
1995-03-09,5.38,High
1995-03-10,5.36,High
1995-03-11,5.33,High
1995-03-12,5.29,High
1995-03-13,5.25,High
1995-03-14,5.23,High
1995-03-15,5.2,High
1995-03-16,5.17,High
1995-03-17,5.14,High
1995-03-18,5.11,High
1995-03-19,5.08,High
1995-03-20,5.07,High
1995-03-21,5.04,High
1995-03-22,5.02,High
1995-03-23,5.02,High
1995-03-24,5.02,High
1995-03-25,5.02,High
1995-03-26,4.98,High
1995-03-27,4.97,High
1995-03-28,4.95,High
1995-03-29,4.92,High
1995-03-30,4.9,High
1995-03-31,4.88,High
1995-04-01,4.88,High
1995-04-02,4.86,High
1995-04-03,4.84,High
1995-04-04,4.82,High
1995-04-05,4.8,High
1995-04-06,4.79,High
1995-04-07,4.78,High
1995-04-08,4.76,High
1995-04-09,4.76,High
1995-04-10,4.76,Falling
1995-04-11,4.74,Falling
1995-04-12,4.72,Falling
1995-04-13,4.72,Falling
1995-04-14,4.73,Falling
1995-04-15,4.75,Falling
1995-04-16,4.78,Falling
1995-04-17,4.8,Falling
1995-04-18,4.84,Falling
1995-04-19,4.84,Falling
1995-04-20,4.82,Falling
1995-04-21,4.77,Falling
1995-04-22,4.75,Falling
1995-04-23,4.71,Falling
1995-04-24,4.67,Falling
1995-04-25,4.63,Falling
1995-04-26,4.57,Falling
1995-04-27,4.51,Falling
1995-04-28,4.46,Falling
1995-04-29,4.38,Falling
1995-04-30,4.31,Falling
1995-05-01,4.24,Falling
1995-05-02,4.17,Falling
1995-05-03,4.13,Falling
1995-05-04,4.1,Falling
1995-05-05,4.15,Falling
1995-05-06,4.21,Falling
1995-05-07,4.34,Rising
1995-05-08,4.43,Rising
1995-05-09,4.48,Rising
1995-05-10,4.55,Rising
1995-05-11,4.63,Rising
1995-05-12,4.67,Rising
1995-05-13,4.7,Rising
1995-05-14,4.7,Rising
1995-05-15,4.68,Rising
1995-05-16,4.66,Rising
1995-05-17,4.64,Rising
1995-05-18,4.64,Rising
1995-05-19,4.67,Rising
1995-05-20,4.71,Rising
1995-05-21,4.78,Falling
1995-05-22,4.83,Falling
1995-05-23,4.87,Falling
1995-05-24,4.88,Falling
1995-05-25,4.86,Falling
1995-05-26,4.83,Falling
1995-05-27,4.77,Falling
1995-05-28,4.72,Falling
1995-05-29,4.66,Falling
1995-05-30,4.59,Falling
1995-05-31,4.5,Falling
1995-06-01,4.42,Falling
1995-06-02,4.33,Falling
1995-06-03,4.22,Falling
1995-06-04,4.12,Falling
1995-06-05,4.01,Falling
1995-06-06,3.92,Falling
1995-06-07,3.83,Falling
1995-06-08,3.74,Falling
1995-06-09,3.66,Falling
1995-06-10,3.58,Falling
1995-06-11,3.51,Falling
1995-06-12,3.44,Falling
1995-06-13,3.38,Falling
1995-06-14,3.33,Falling
1995-06-15,3.29,Falling
1995-06-16,3.23,Falling
1995-06-17,3.21,Falling
1995-06-18,3.26,Falling
1995-06-19,3.28,Falling
1995-06-20,3.26,Falling
1995-06-21,3.26,Falling
1995-06-22,3.26,Falling
1995-06-23,3.26,Falling
1995-06-24,3.24,Falling
1995-06-25,3.22,Falling
1995-06-26,3.2,Falling
1995-06-27,3.19,Falling
1995-06-28,3.17,Falling
1995-06-29,3.16,Falling
1995-06-30,3.16,Falling
1995-07-01,3.16,Falling
1995-07-02,3.16,Falling
1995-07-03,3.16,Falling
1995-07-04,3.16,Falling
1995-07-05,3.16,Falling
1995-07-06,3.16,Falling
1995-07-07,3.18,Falling
1995-07-08,3.18,Falling
1995-07-09,3.18,Falling
1995-07-10,3.18,Falling
1995-07-11,3.2,Falling
1995-07-12,3.2,Falling
1995-07-13,3.19,Falling
1995-07-14,3.18,Falling
1995-07-15,3.16,Falling
1995-07-16,3.13,Falling
1995-07-17,3.09,Falling
1995-07-18,3.03,Falling
1995-07-19,2.98,Falling
1995-07-20,2.93,Falling
1995-07-21,2.89,Falling
1995-07-22,2.86,Falling
1995-07-23,2.84,Falling
1995-07-24,2.82,Falling
1995-07-25,2.79,Falling
1995-07-26,2.77,Falling
1995-07-27,2.75,Falling
1995-07-28,2.73,Falling
1995-07-29,2.71,Falling
1995-07-30,2.7,Falling
1995-07-31,2.7,Falling
1995-08-01,2.68,Falling
1995-08-02,2.67,Falling
1995-08-03,2.66,Falling
1995-08-04,2.66,Falling
1995-08-05,2.65,Falling
1995-08-06,2.63,Falling
1995-08-07,2.62,Falling
1995-08-08,2.62,Falling
1995-08-09,2.6,Falling
1995-08-10,2.6,Falling
1995-08-11,2.6,Falling
1995-08-12,2.58,Falling
1995-08-13,2.58,Falling
1995-08-14,2.57,Falling
1995-08-15,2.56,Falling
1995-08-16,2.56,Falling
1995-08-17,2.55,Falling
1995-08-18,2.54,Low
1995-08-19,2.54,Low
1995-08-20,2.52,Low
1995-08-21,2.52,Low
1995-08-22,2.5,Low
1995-08-23,2.5,Low
1995-08-24,2.5,Low
1995-08-25,2.48,Low
1995-08-26,2.48,Low
1995-08-27,2.47,Low
1995-08-28,2.46,Low
1995-08-29,2.46,Low
1995-08-30,2.45,Low
1995-08-31,2.44,Low
1995-09-01,2.43,Low
1995-09-02,2.42,Low
1995-09-03,2.42,Low
1995-09-04,2.4,Low
1995-09-05,2.4,Low
1995-09-06,2.4,Low
1995-09-07,2.38,Low
1995-09-08,2.38,Low
1995-09-09,2.38,Low
1995-09-10,2.38,Low
1995-09-11,2.36,Low
1995-09-12,2.36,Low
1995-09-13,2.34,Low
1995-09-14,2.34,Low
1995-09-15,2.34,Low
1995-09-16,2.32,Low
1995-09-17,2.32,Low
1995-09-18,2.32,Low
1995-09-19,2.31,Low
1995-09-20,2.3,Low
1995-09-21,2.3,Low
1995-09-22,2.3,Low
1995-09-23,2.31,Low
1995-09-24,2.32,Low
1995-09-25,2.33,Low
1995-09-26,2.34,Low
1995-09-27,2.36,Low
1995-09-28,2.38,Low
1995-09-29,2.39,Low
1995-09-30,2.42,Low
1995-10-01,2.44,Low
1995-10-02,2.45,Low
1995-10-03,2.46,Low
1995-10-04,2.46,Low
1995-10-05,2.46,Low
1995-10-06,2.44,Low
1995-10-07,2.44,Low
1995-10-08,2.44,Low
1995-10-09,2.46,Low
1995-10-10,2.46,Low
1995-10-11,2.46,Low
1995-10-12,2.46,Rising
1995-10-13,2.46,Rising
1995-10-14,2.46,Rising
1995-10-15,2.46,Rising
1995-10-16,2.46,Rising
1995-10-17,2.47,Rising
1995-10-18,2.48,Rising
1995-10-19,2.48,Rising
1995-10-20,2.49,Rising
1995-10-21,2.5,Rising
1995-10-22,2.52,Rising
1995-10-23,2.53,Rising
1995-10-24,2.54,Rising
1995-10-25,2.54,Falling
1995-10-26,2.53,Falling
1995-10-27,2.52,Falling
1995-10-28,2.54,Falling
1995-10-29,2.58,Falling
1995-10-30,2.58,Falling
1995-10-31,2.59,Falling
1995-11-01,2.6,Falling
1995-11-02,2.6,Falling
1995-11-03,2.58,Falling
1995-11-04,2.56,Rising
1995-11-05,2.53,Rising
1995-11-06,2.5,Rising
1995-11-07,2.48,Rising
1995-11-08,2.46,Rising
1995-11-09,2.44,Rising
1995-11-10,2.43,Rising
1995-11-11,2.42,Rising
1995-11-12,2.41,Rising
1995-11-13,2.4,Rising
1995-11-14,2.4,Rising
1995-11-15,2.4,Rising
1995-11-16,2.42,Rising
1995-11-17,2.42,Rising
1995-11-18,2.52,Rising
1995-11-19,2.52,Rising
1995-11-20,2.54,Rising
1995-11-21,2.56,Rising
1995-11-22,2.59,Rising
1995-11-23,2.7,Rising
1995-11-24,2.72,Rising
1995-11-25,2.73,Rising
1995-11-26,2.74,Rising
1995-11-27,2.74,Rising
1995-11-28,2.79,Rising
1995-11-29,2.82,Rising
1995-11-30,2.84,Rising
1995-12-01,2.85,Rising
1995-12-02,2.86,Rising
1995-12-03,2.88,Rising
1995-12-04,2.89,Rising
1995-12-05,2.91,Rising
1995-12-06,2.95,Rising
1995-12-07,2.98,Rising
1995-12-08,3.02,Rising
1995-12-09,3.03,Rising
1995-12-10,3.05,Rising
1995-12-11,3.07,Rising
1995-12-12,3.14,Rising
1995-12-13,3.14,Rising
1995-12-14,3.14,Rising
1995-12-15,3.14,Rising
1995-12-16,3.14,Rising
1995-12-17,3.13,Rising
1995-12-18,3.12,Rising
1995-12-19,3.12,Rising
1995-12-20,3.12,Rising
1995-12-21,3.13,Rising
1995-12-22,3.15,Rising
1995-12-23,3.19,Rising
1995-12-24,3.21,Rising
1995-12-25,3.26,Rising
1995-12-26,3.32,Rising
1995-12-27,3.38,Rising
1995-12-28,3.45,Rising
1995-12-29,3.49,Rising
1995-12-30,3.53,Rising
1995-12-31,3.57,Rising
1996-01-01,3.66,Rising
1996-01-02,3.68,Rising
1996-01-03,3.7,Rising
1996-01-04,3.71,Rising
1996-01-05,3.74,Rising
1996-01-06,3.76,Rising
1996-01-07,3.76,Rising
1996-01-08,3.76,Rising
1996-01-09,3.76,Rising
1996-01-10,3.76,Rising
1996-01-11,3.77,Rising
1996-01-12,3.79,Rising
1996-01-13,3.83,Rising
1996-01-14,3.88,Rising
1996-01-15,3.92,Rising
1996-01-16,3.97,Rising
1996-01-17,4.04,Rising
1996-01-18,4.13,Rising
1996-01-19,4.2,Rising
1996-01-20,4.25,Rising
1996-01-21,4.27,Rising
1996-01-22,4.31,Rising
1996-01-23,4.35,Rising
1996-01-24,4.39,Rising
1996-01-25,4.43,Rising
1996-01-26,4.47,High
1996-01-27,4.52,High
1996-01-28,4.57,High
1996-01-29,4.61,High
1996-01-30,4.65,High
1996-01-31,4.68,High
1996-02-01,4.7,High
1996-02-02,4.7,High
1996-02-03,4.72,High
1996-02-04,4.72,High
1996-02-05,4.7,High
1996-02-06,4.69,High
1996-02-07,4.67,High
1996-02-08,4.63,High
1996-02-09,4.59,High
1996-02-10,4.54,High
1996-02-11,4.49,High
1996-02-12,4.45,High
1996-02-13,4.41,High
1996-02-14,4.42,High
1996-02-15,4.39,High
1996-02-16,4.37,High
1996-02-17,4.38,High
1996-02-18,4.37,High
1996-02-19,4.36,High
1996-02-20,4.36,High
1996-02-21,4.38,High
1996-02-22,4.38,High
1996-02-23,4.38,High
1996-02-24,4.38,High
1996-02-25,4.38,High
1996-02-26,4.38,High
1996-02-27,4.4,High
1996-02-28,4.4,High
1996-02-29,4.4,High
1996-03-01,4.43,High
1996-03-02,4.46,High
1996-03-03,4.5,High
1996-03-04,4.56,High
1996-03-05,4.63,High
1996-03-06,4.76,High
1996-03-07,4.84,High
1996-03-08,4.93,High
1996-03-09,4.99,High
1996-03-10,5.05,High
1996-03-11,5.08,High
1996-03-12,5.12,High
1996-03-13,5.17,High
1996-03-14,5.2,High
1996-03-15,5.23,High
1996-03-16,5.25,High
1996-03-17,5.27,High
1996-03-18,5.29,High
1996-03-19,5.31,High
1996-03-20,5.35,High
1996-03-21,5.37,High
1996-03-22,5.39,High
1996-03-23,5.4,High
1996-03-24,5.4,High
1996-03-25,5.38,High
1996-03-26,5.36,High
1996-03-27,5.33,High
1996-03-28,5.3,High
1996-03-29,5.27,High
1996-03-30,5.23,High
1996-03-31,5.2,High
1996-04-01,5.17,High
1996-04-02,5.11,High
1996-04-03,5.06,High
1996-04-04,5.02,High
1996-04-05,4.98,High
1996-04-06,4.94,High
1996-04-07,4.89,High
1996-04-08,4.85,High
1996-04-09,4.79,High
1996-04-10,4.76,High
1996-04-11,4.73,High
1996-04-12,4.66,High
1996-04-13,4.59,High
1996-04-14,4.56,High
1996-04-15,4.54,High
1996-04-16,4.49,High
1996-04-17,4.53,High
1996-04-18,4.49,High
1996-04-19,4.47,High
1996-04-20,4.45,High
1996-04-21,4.43,High
1996-04-22,4.41,High
1996-04-23,4.38,High
1996-04-24,4.36,Falling
1996-04-25,4.33,Falling
1996-04-26,4.29,Falling
1996-04-27,4.25,Falling
1996-04-28,4.21,Falling
1996-04-29,4.17,Falling
1996-04-30,4.14,Falling
1996-05-01,4.11,Falling
1996-05-02,4.08,Falling
1996-05-03,4.03,Falling
1996-05-04,3.99,Falling
1996-05-05,3.94,Falling
1996-05-06,3.89,Falling
1996-05-07,3.83,Falling
1996-05-08,3.77,Falling
1996-05-09,3.72,Falling
1996-05-10,3.63,Falling
1996-05-11,3.57,Falling
1996-05-12,3.51,Falling
1996-05-13,3.45,Falling
1996-05-14,3.39,Falling
1996-05-15,3.34,Falling
1996-05-16,3.3,Falling
1996-05-17,3.25,Falling
1996-05-18,3.2,Falling
1996-05-19,3.17,Falling
1996-05-20,3.14,Falling
1996-05-21,3.11,Falling
1996-05-22,3.09,Falling
1996-05-23,3.07,Falling
1996-05-24,3.06,Falling
1996-05-25,3.04,Falling
1996-05-26,3.02,Falling
1996-05-27,3.0,Falling
1996-05-28,2.99,Falling
1996-05-29,2.98,Falling
1996-05-30,2.97,Falling
1996-05-31,2.96,Falling
1996-06-01,2.93,Falling
1996-06-02,2.92,Falling
1996-06-03,2.91,Falling
1996-06-04,2.9,Falling
1996-06-05,2.9,Falling
1996-06-06,2.9,Falling
1996-06-07,2.9,Falling
1996-06-08,2.9,Falling
1996-06-09,2.9,Falling
1996-06-10,2.89,Falling
1996-06-11,2.88,Falling
1996-06-12,2.87,Falling
1996-06-13,2.85,Falling
1996-06-14,2.83,Falling
1996-06-15,2.81,Falling
1996-06-16,2.79,Falling
1996-06-17,2.76,Falling
1996-06-18,2.74,Falling
1996-06-19,2.72,Falling
1996-06-20,2.7,Falling
1996-06-21,2.68,Falling
1996-06-22,2.67,Falling
1996-06-23,2.65,Falling
1996-06-24,2.64,Falling
1996-06-25,2.63,Falling
1996-06-26,2.62,Falling
1996-06-27,2.61,Falling
1996-06-28,2.61,Falling
1996-06-29,2.6,Falling
1996-06-30,2.6,Falling
1996-07-01,2.59,Falling
1996-07-02,2.59,Falling
1996-07-03,2.59,Falling
1996-07-04,2.59,Falling
1996-07-05,2.59,Falling
1996-07-06,2.59,Falling
1996-07-07,2.59,Falling
1996-07-08,2.59,Falling
1996-07-09,2.62,Falling
1996-07-10,2.61,Falling
1996-07-11,2.6,Falling
1996-07-12,2.6,Falling
1996-07-13,2.58,Falling
1996-07-14,2.57,Falling
1996-07-15,2.56,Falling
1996-07-16,2.55,Falling
1996-07-17,2.54,Falling
1996-07-18,2.53,Falling
1996-07-19,2.51,Falling
1996-07-20,2.5,Falling
1996-07-21,2.49,Falling
1996-07-22,2.48,Falling
1996-07-23,2.47,Falling
1996-07-24,2.46,Falling
1996-07-25,2.45,Falling
1996-07-26,2.44,Falling
1996-07-27,2.44,Low
1996-07-28,2.43,Low
1996-07-29,2.42,Low
1996-07-30,2.41,Low
1996-07-31,2.4,Low
1996-08-01,2.4,Low
1996-08-02,2.39,Low
1996-08-03,2.39,Low
1996-08-04,2.38,Low
1996-08-05,2.37,Low
1996-08-06,2.37,Low
1996-08-07,2.36,Low
1996-08-08,2.36,Low
1996-08-09,2.36,Low
1996-08-10,2.35,Low
1996-08-11,2.34,Low
1996-08-12,2.34,Low
1996-08-13,2.33,Low
1996-08-14,2.33,Low
1996-08-15,2.34,Low
1996-08-16,2.33,Low
1996-08-17,2.32,Low
1996-08-18,2.32,Low
1996-08-19,2.31,Low
1996-08-20,2.3,Low
1996-08-21,2.29,Low
1996-08-22,2.28,Low
1996-08-23,2.28,Low
1996-08-24,2.3,Low
1996-08-25,2.31,Low
1996-08-26,2.32,Low
1996-08-27,2.3,Low
1996-08-28,2.29,Low
1996-08-29,2.29,Low
1996-08-30,2.27,Low
1996-08-31,2.25,Low
1996-09-01,2.24,Low
1996-09-02,2.23,Low
1996-09-03,2.22,Low
1996-09-04,2.22,Low
1996-09-05,2.23,Low
1996-09-06,2.25,Low
1996-09-07,2.28,Low
1996-09-08,2.29,Low
1996-09-09,2.31,Low
1996-09-10,2.33,Low
1996-09-11,2.36,Low
1996-09-12,2.38,Low
1996-09-13,2.39,Low
1996-09-14,2.41,Low
1996-09-15,2.43,Low
1996-09-16,2.46,Low
1996-09-17,2.47,Low
1996-09-18,2.48,Low
1996-09-19,2.5,Low
1996-09-20,2.52,Low
1996-09-21,2.53,Low
1996-09-22,2.53,Low
1996-09-23,2.54,Low
1996-09-24,2.51,Low
1996-09-25,2.47,Low
1996-09-26,2.41,Low
1996-09-27,2.38,Low
1996-09-28,2.36,Low
1996-09-29,2.34,Low
1996-09-30,2.33,Low
1996-10-01,2.32,Low
1996-10-02,2.34,Low
1996-10-03,2.33,Low
1996-10-04,2.32,Low
1996-10-05,2.3,Low
1996-10-06,2.29,Low
1996-10-07,2.29,Low
1996-10-08,2.29,Low
1996-10-09,2.3,Low
1996-10-10,2.32,Low
1996-10-11,2.32,Low
1996-10-12,2.32,Low
1996-10-13,2.33,Low
1996-10-14,2.34,Low
1996-10-15,2.34,Low
1996-10-16,2.34,Low
1996-10-17,2.34,Low
1996-10-18,2.34,Low
1996-10-19,2.34,Low
1996-10-20,2.32,Low
1996-10-21,2.3,Low
1996-10-22,2.29,Low
1996-10-23,2.28,Low
1996-10-24,2.27,Low
1996-10-25,2.26,Low
1996-10-26,2.23,Low
1996-10-27,2.22,Low
1996-10-28,2.23,Low
1996-10-29,2.25,Low
1996-10-30,2.26,Low
1996-10-31,2.27,Low
1996-11-01,2.29,Low
1996-11-02,2.33,Low
1996-11-03,2.35,Low
1996-11-04,2.36,Low
1996-11-05,2.36,Low
1996-11-06,2.37,Low
1996-11-07,2.38,Low
1996-11-08,2.39,Low
1996-11-09,2.43,Low
1996-11-10,2.45,Low
1996-11-11,2.49,Low
1996-11-12,2.5,Low
1996-11-13,2.52,Low
1996-11-14,2.53,Low
1996-11-15,2.57,Low
1996-11-16,2.61,Rising
1996-11-17,2.63,Rising
1996-11-18,2.67,Rising
1996-11-19,2.76,Rising
1996-11-20,2.82,Rising
1996-11-21,2.9,Rising
1996-11-22,2.94,Rising
1996-11-23,3.0,Rising
1996-11-24,3.04,Rising
1996-11-25,3.08,Rising
1996-11-26,3.13,Rising
1996-11-27,3.18,Rising
1996-11-28,3.23,Rising
1996-11-29,3.28,Rising
1996-11-30,3.34,Rising
1996-12-01,3.41,Rising
1996-12-02,3.48,Rising
1996-12-03,3.59,Rising
1996-12-04,3.68,Rising
1996-12-05,3.77,Rising
1996-12-06,3.85,Rising
1996-12-07,3.93,Rising
1996-12-08,4.0,Rising
1996-12-09,4.02,Rising
1996-12-10,4.01,Rising
1996-12-11,4.01,Falling
1996-12-12,3.97,Falling
1996-12-13,3.91,Falling
1996-12-14,3.85,Falling
1996-12-15,3.78,Falling
1996-12-16,3.68,Falling
1996-12-17,3.58,Falling
1996-12-18,3.48,Falling
1996-12-19,3.4,Falling
1996-12-20,3.32,Rising
1996-12-21,3.25,Rising
1996-12-22,3.19,Rising
1996-12-23,3.15,Rising
1996-12-24,3.11,Rising
1996-12-25,3.08,Rising
1996-12-26,3.07,Rising
1996-12-27,3.07,Rising
1996-12-28,3.07,Rising
1996-12-29,3.08,Rising
1996-12-30,3.1,Rising
1996-12-31,3.15,Rising
1997-01-01,3.28,Rising
1997-01-02,3.51,Rising
1997-01-03,3.71,Rising
1997-01-04,3.87,Rising
1997-01-05,3.98,Rising
1997-01-06,4.11,Rising
1997-01-07,4.19,Rising
1997-01-08,4.25,Rising
1997-01-09,4.29,Rising
1997-01-10,4.31,Rising
1997-01-11,4.37,Rising
1997-01-12,4.43,Rising
1997-01-13,4.5,Rising
1997-01-14,4.6,Rising
1997-01-15,4.74,Rising
1997-01-16,4.86,Rising
1997-01-17,5.0,Rising
1997-01-18,5.07,High
1997-01-19,5.11,High
1997-01-20,5.13,High
1997-01-21,5.13,High
1997-01-22,5.11,High
1997-01-23,5.09,High
1997-01-24,5.05,High
1997-01-25,5.03,High
1997-01-26,5.02,High
1997-01-27,5.02,High
1997-01-28,5.03,High
1997-01-29,5.16,High
1997-01-30,5.22,High
1997-01-31,5.26,High
1997-02-01,5.31,High
1997-02-02,5.36,High
1997-02-03,5.45,High
1997-02-04,5.47,High
1997-02-05,5.5,High
1997-02-06,5.55,High
1997-02-07,5.63,High
1997-02-08,5.71,High
1997-02-09,5.77,High
1997-02-10,5.81,High
1997-02-11,5.8,High
1997-02-12,5.77,High
1997-02-13,5.72,High
1997-02-14,5.69,High
1997-02-15,5.64,High
1997-02-16,5.59,High
1997-02-17,5.55,High
1997-02-18,5.51,High
1997-02-19,5.47,High
1997-02-20,5.44,High
1997-02-21,5.41,High
1997-02-22,5.38,High
1997-02-23,5.35,High
1997-02-24,5.32,High
1997-02-25,5.34,High
1997-02-26,5.27,High
1997-02-27,5.28,High
1997-02-28,5.25,High
1997-03-01,5.24,High
1997-03-02,5.23,High
1997-03-03,5.23,High
1997-03-04,5.22,High
1997-03-05,5.22,High
1997-03-06,5.21,High
1997-03-07,5.21,High
1997-03-08,5.21,High
1997-03-09,5.2,High
1997-03-10,5.2,High
1997-03-11,5.19,High
1997-03-12,5.17,High
1997-03-13,5.16,High
1997-03-14,5.15,High
1997-03-15,5.16,High
1997-03-16,5.14,High
1997-03-17,5.14,High
1997-03-18,5.12,High
1997-03-19,5.1,High
1997-03-20,5.08,High
1997-03-21,5.05,High
1997-03-22,5.02,High
1997-03-23,4.97,High
1997-03-24,4.95,High
1997-03-25,4.91,High
1997-03-26,4.88,High
1997-03-27,4.85,High
1997-03-28,4.87,High
1997-03-29,4.86,High
1997-03-30,4.86,High
1997-03-31,4.86,High
1997-04-01,4.85,High
1997-04-02,4.84,High
1997-04-03,4.84,High
1997-04-04,4.83,High
1997-04-05,4.82,High
1997-04-06,4.8,High
1997-04-07,4.77,High
1997-04-08,4.75,High
1997-04-09,4.72,High
1997-04-10,4.7,Falling
1997-04-11,4.69,Falling
1997-04-12,4.68,Falling
1997-04-13,4.67,Falling
1997-04-14,4.65,Falling
1997-04-15,4.61,Falling
1997-04-16,4.59,Falling
1997-04-17,4.58,Falling
1997-04-18,4.56,Falling
1997-04-19,4.54,Falling
1997-04-20,4.54,Falling
1997-04-21,4.55,Falling
1997-04-22,4.53,Falling
1997-04-23,4.53,Falling
1997-04-24,4.54,Falling
1997-04-25,4.57,Falling
1997-04-26,4.61,Falling
1997-04-27,4.66,Falling
1997-04-28,4.69,Falling
1997-04-29,4.72,Falling
1997-04-30,4.74,Falling
1997-05-01,4.76,Falling
1997-05-02,4.76,Falling
1997-05-03,4.76,Falling
1997-05-04,4.74,Falling
1997-05-05,4.73,Falling
1997-05-06,4.69,Falling
1997-05-07,4.65,Falling
1997-05-08,4.59,Falling
1997-05-09,4.53,Falling
1997-05-10,4.45,Falling
1997-05-11,4.38,Falling
1997-05-12,4.3,Falling
1997-05-13,4.22,Falling
1997-05-14,4.18,Falling
1997-05-15,4.11,Falling
1997-05-16,4.07,Falling
1997-05-17,4.01,Falling
1997-05-18,3.95,Falling
1997-05-19,3.89,Falling
1997-05-20,3.81,Falling
1997-05-21,3.75,Falling
1997-05-22,3.7,Falling
1997-05-23,3.7,Falling
1997-05-24,3.67,Falling
1997-05-25,3.66,Falling
1997-05-26,3.65,Falling
1997-05-27,3.64,Falling
1997-05-28,3.64,Falling
1997-05-29,3.64,Falling
1997-05-30,3.67,Falling
1997-05-31,3.69,Falling
1997-06-01,3.71,Falling
1997-06-02,3.72,Falling
1997-06-03,3.73,Falling
1997-06-04,3.72,Falling
1997-06-05,3.7,Falling
1997-06-06,3.72,Falling
1997-06-07,3.76,Falling
1997-06-08,3.76,Rising
1997-06-09,3.75,Rising
1997-06-10,3.74,Rising
1997-06-11,3.73,Rising
1997-06-12,3.72,Rising
1997-06-13,3.7,Rising
1997-06-14,3.68,Rising
1997-06-15,3.67,Rising
1997-06-16,3.65,Rising
1997-06-17,3.64,Rising
1997-06-18,3.63,Rising
1997-06-19,3.64,Rising
1997-06-20,3.65,Rising
1997-06-21,3.69,Rising
1997-06-22,3.74,Rising
1997-06-23,3.8,Rising
1997-06-24,3.88,Rising
1997-06-25,3.96,Rising
1997-06-26,4.04,Rising
1997-06-27,4.09,Rising
1997-06-28,4.14,Rising
1997-06-29,4.19,Falling
1997-06-30,4.21,Falling
1997-07-01,4.28,Falling
1997-07-02,4.3,Falling
1997-07-03,4.32,Falling
1997-07-04,4.33,Falling
1997-07-05,4.31,Falling
1997-07-06,4.28,Falling
1997-07-07,4.22,Falling
1997-07-08,4.15,Falling
1997-07-09,4.06,Falling
1997-07-10,3.99,Falling
1997-07-11,3.86,Falling
1997-07-12,3.76,Falling
1997-07-13,3.65,Falling
1997-07-14,3.56,Falling
1997-07-15,3.47,Falling
1997-07-16,3.39,Falling
1997-07-17,3.33,Falling
1997-07-18,3.29,Falling
1997-07-19,3.23,Falling
1997-07-20,3.2,Falling
1997-07-21,3.15,Falling
1997-07-22,3.11,Falling
1997-07-23,3.08,Falling
1997-07-24,3.05,Falling
1997-07-25,3.01,Falling
1997-07-26,2.97,Falling
1997-07-27,2.94,Falling
1997-07-28,2.92,Falling
1997-07-29,2.89,Falling
1997-07-30,2.87,Falling
1997-07-31,2.85,Falling
1997-08-01,2.84,Falling
1997-08-02,2.82,Falling
1997-08-03,2.81,Falling
1997-08-04,2.8,Falling
1997-08-05,2.79,Falling
1997-08-06,2.78,Falling
1997-08-07,2.77,Falling
1997-08-08,2.76,Falling
1997-08-09,2.74,Falling
1997-08-10,2.72,Falling
1997-08-11,2.72,Falling
1997-08-12,2.7,Falling
1997-08-13,2.7,Falling
1997-08-14,2.7,Falling
1997-08-15,2.69,Falling
1997-08-16,2.69,Falling
1997-08-17,2.69,Falling
1997-08-18,2.68,Falling
1997-08-19,2.67,Low
1997-08-20,2.67,Low
1997-08-21,2.66,Low
1997-08-22,2.65,Low
1997-08-23,2.64,Low
1997-08-24,2.63,Low
1997-08-25,2.62,Low
1997-08-26,2.6,Low
1997-08-27,2.59,Low
1997-08-28,2.58,Low
1997-08-29,2.57,Low
1997-08-30,2.56,Low
1997-08-31,2.56,Low
1997-09-01,2.55,Falling
1997-09-02,2.54,Falling
1997-09-03,2.53,Low
1997-09-04,2.52,Low
1997-09-05,2.51,Low
1997-09-06,2.5,Low
1997-09-07,2.49,Low
1997-09-08,2.48,Low
1997-09-09,2.47,Low
1997-09-10,2.46,Low
1997-09-11,2.45,Low
1997-09-12,2.44,Low
1997-09-13,2.44,Low
1997-09-14,2.43,Low
1997-09-15,2.43,Low
1997-09-16,2.42,Low
1997-09-17,2.42,Low
1997-09-18,2.43,Low
1997-09-19,2.44,Low
1997-09-20,2.44,Low
1997-09-21,2.47,Low
1997-09-22,2.48,Low
1997-09-23,2.48,Low
1997-09-24,2.49,Low
1997-09-25,2.49,Low
1997-09-26,2.5,Low
1997-09-27,2.5,Low
1997-09-28,2.51,Low
1997-09-29,2.51,Low
1997-09-30,2.51,Low
1997-10-01,2.52,Low
1997-10-02,2.53,Low
1997-10-03,2.54,Low
1997-10-04,2.56,Low
1997-10-05,2.56,Low
1997-10-06,2.56,Rising
1997-10-07,2.59,Rising
1997-10-08,2.59,Rising
1997-10-09,2.6,Rising
1997-10-10,2.6,Falling
1997-10-11,2.59,Falling
1997-10-12,2.58,Falling
1997-10-13,2.57,Rising
1997-10-14,2.56,Rising
1997-10-15,2.55,Rising
1997-10-16,2.54,Rising
1997-10-17,2.57,Rising
1997-10-18,2.58,Rising
1997-10-19,2.55,Rising
1997-10-20,2.53,Rising
1997-10-21,2.53,Rising
1997-10-22,2.5,Rising
1997-10-23,2.48,Rising
1997-10-24,2.48,Rising
1997-10-25,2.49,Rising
1997-10-26,2.5,Rising
1997-10-27,2.53,Rising
1997-10-28,2.55,Rising
1997-10-29,2.56,Rising
1997-10-30,2.57,Rising
1997-10-31,2.59,Rising
1997-11-01,2.61,Rising
1997-11-02,2.63,Rising
1997-11-03,2.64,Rising
1997-11-04,2.65,Rising
1997-11-05,2.65,Rising
1997-11-06,2.66,Rising
1997-11-07,2.67,Rising
1997-11-08,2.68,Rising
1997-11-09,2.69,Rising
1997-11-10,2.69,Rising
1997-11-11,2.71,Rising
1997-11-12,2.71,Rising
1997-11-13,2.72,Rising
1997-11-14,2.75,Rising
1997-11-15,2.76,Rising
1997-11-16,2.76,Rising
1997-11-17,2.76,Rising
1997-11-18,2.76,Rising
1997-11-19,2.74,Rising
1997-11-20,2.71,Rising
1997-11-21,2.7,Rising
1997-11-22,2.68,Rising
1997-11-23,2.68,Rising
1997-11-24,2.67,Rising
1997-11-25,2.68,Rising
1997-11-26,2.69,Rising
1997-11-27,2.7,Rising
1997-11-28,2.72,Rising
1997-11-29,2.77,Rising
1997-11-30,2.8,Rising
1997-12-01,2.82,Rising
1997-12-02,2.85,Rising
1997-12-03,2.88,Rising
1997-12-04,2.9,Rising
1997-12-05,2.93,Rising
1997-12-06,2.98,Rising
1997-12-07,3.0,Rising
1997-12-08,3.03,Rising
1997-12-09,3.04,Rising
1997-12-10,3.04,Rising
1997-12-11,3.05,Rising
1997-12-12,3.05,Rising
1997-12-13,3.08,Rising
1997-12-14,3.11,Rising
1997-12-15,3.16,Rising
1997-12-16,3.22,Rising
1997-12-17,3.29,Rising
1997-12-18,3.34,Rising
1997-12-19,3.4,Rising
1997-12-20,3.47,Rising
1997-12-21,3.53,Rising
1997-12-22,3.59,Rising
1997-12-23,3.63,Rising
1997-12-24,3.68,Rising
1997-12-25,3.73,Rising
1997-12-26,3.76,Rising
1997-12-27,3.81,Rising
1997-12-28,3.87,Rising
1997-12-29,3.94,Rising
1997-12-30,3.94,Falling
1997-12-31,3.94,Falling
1998-01-01,3.92,Falling
1998-01-02,3.89,Falling
1998-01-03,3.83,Falling
1998-01-04,3.75,Falling
1998-01-05,3.65,Falling
1998-01-06,3.56,Falling
1998-01-07,3.47,Falling
1998-01-08,3.38,Falling
1998-01-09,3.28,Falling
1998-01-10,3.21,Falling
1998-01-11,3.15,Falling
1998-01-12,3.12,Falling
1998-01-13,3.11,Falling
1998-01-14,3.09,Falling
1998-01-15,3.08,Falling
1998-01-16,3.03,Falling
1998-01-17,3.01,Falling
1998-01-18,3.01,Falling
1998-01-19,3.01,Falling
1998-01-20,3.0,Falling
1998-01-21,2.98,Falling
1998-01-22,2.96,Falling
1998-01-23,2.94,Falling
1998-01-24,2.96,Rising
1998-01-25,2.98,Rising
1998-01-26,2.97,Rising
1998-01-27,2.95,Rising
1998-01-28,2.94,Rising
1998-01-29,2.94,Rising
1998-01-30,2.96,Rising
1998-01-31,3.03,Rising
1998-02-01,3.08,Rising
1998-02-02,3.11,Rising
1998-02-03,3.16,Rising
1998-02-04,3.26,Rising
1998-02-05,3.32,Rising
1998-02-06,3.39,Rising
1998-02-07,3.46,Rising
1998-02-08,3.52,Rising
1998-02-09,3.58,Rising
1998-02-10,3.64,Rising
1998-02-11,3.73,Rising
1998-02-12,3.81,Rising
1998-02-13,3.9,Rising
1998-02-14,4.0,Rising
1998-02-15,4.11,Rising
1998-02-16,4.17,Rising
1998-02-17,4.22,High
1998-02-18,4.25,High
1998-02-19,4.26,High
1998-02-20,4.26,High
1998-02-21,4.28,High
1998-02-22,4.28,High
1998-02-23,4.27,High
1998-02-24,4.26,High
1998-02-25,4.24,High
1998-02-26,4.22,High
1998-02-27,4.23,High
1998-02-28,4.27,High
1998-03-01,4.31,High
1998-03-02,4.39,High
1998-03-03,4.43,High
1998-03-04,4.45,High
1998-03-05,4.48,High
1998-03-06,4.51,High
1998-03-07,4.55,High
1998-03-08,4.57,High
1998-03-09,4.61,High
1998-03-10,4.65,High
1998-03-11,4.69,High
1998-03-12,4.73,High
1998-03-13,4.78,High
1998-03-14,4.82,High
1998-03-15,4.85,High
1998-03-16,4.87,High
1998-03-17,4.89,High
1998-03-18,4.9,High
1998-03-19,4.9,High
1998-03-20,4.92,High
1998-03-21,4.92,High
1998-03-22,4.92,High
1998-03-23,4.9,High
1998-03-24,4.89,High
1998-03-25,4.87,High
1998-03-26,4.86,High
1998-03-27,4.84,High
1998-03-28,4.82,High
1998-03-29,4.81,High
1998-03-30,4.8,High
1998-03-31,4.78,High
1998-04-01,4.79,High
1998-04-02,4.79,High
1998-04-03,4.8,High
1998-04-04,4.83,High
1998-04-05,4.85,High
1998-04-06,4.87,High
1998-04-07,4.88,High
1998-04-08,4.88,High
1998-04-09,4.86,High
1998-04-10,4.85,High
1998-04-11,4.84,High
1998-04-12,4.81,High
1998-04-13,4.76,High
1998-04-14,4.74,High
1998-04-15,4.66,High
1998-04-16,4.59,High
1998-04-17,4.57,High
1998-04-18,4.53,High
1998-04-19,4.48,High
1998-04-20,4.44,High
1998-04-21,4.41,High
1998-04-22,4.38,High
1998-04-23,4.38,High
1998-04-24,4.36,High
1998-04-25,4.35,High
1998-04-26,4.34,High
1998-04-27,4.33,High
1998-04-28,4.3,High
1998-04-29,4.27,High
1998-04-30,4.24,High
1998-05-01,4.19,High
1998-05-02,4.15,High
1998-05-03,4.12,High
1998-05-04,4.1,High
1998-05-05,4.08,High
1998-05-06,4.06,High
1998-05-07,4.04,High
1998-05-08,4.01,High
1998-05-09,3.97,High
1998-05-10,3.93,Falling
1998-05-11,3.9,Falling
1998-05-12,3.87,Falling
1998-05-13,3.82,Falling
1998-05-14,3.73,Falling
1998-05-15,3.69,Falling
1998-05-16,3.63,Falling
1998-05-17,3.59,Falling
1998-05-18,3.55,Falling
1998-05-19,3.53,Falling
1998-05-20,3.49,Falling
1998-05-21,3.45,Falling
1998-05-22,3.42,Falling
1998-05-23,3.39,Falling
1998-05-24,3.36,Falling
1998-05-25,3.32,Falling
1998-05-26,3.29,Falling
1998-05-27,3.25,Falling
1998-05-28,3.22,Falling
1998-05-29,3.19,Falling
1998-05-30,3.17,Falling
1998-05-31,3.16,Falling
1998-06-01,3.15,Falling
1998-06-02,3.12,Falling
1998-06-03,3.1,Falling
1998-06-04,3.08,Falling
1998-06-05,3.07,Falling
1998-06-06,3.05,Falling
1998-06-07,3.02,Falling
1998-06-08,2.99,Falling
1998-06-09,2.97,Falling
1998-06-10,2.95,Falling
1998-06-11,2.93,Falling
1998-06-12,2.91,Falling
1998-06-13,2.9,Falling
1998-06-14,2.9,Falling
1998-06-15,2.89,Falling
1998-06-16,2.88,Falling
1998-06-17,2.87,Falling
1998-06-18,2.85,Falling
1998-06-19,2.83,Falling
1998-06-20,2.79,Falling
1998-06-21,2.77,Falling
1998-06-22,2.76,Falling
1998-06-23,2.74,Falling
1998-06-24,2.72,Falling
1998-06-25,2.7,Falling
1998-06-26,2.69,Falling
1998-06-27,2.68,Falling
1998-06-28,2.67,Falling
1998-06-29,2.66,Falling
1998-06-30,2.64,Falling
1998-07-01,2.63,Falling
1998-07-02,2.61,Falling
1998-07-03,2.6,Falling
1998-07-04,2.6,Falling
1998-07-05,2.59,Falling
1998-07-06,2.58,Falling
1998-07-07,2.57,Falling
1998-07-08,2.55,Falling
1998-07-09,2.54,Falling
1998-07-10,2.54,Falling
1998-07-11,2.52,Low
1998-07-12,2.5,Low
1998-07-13,2.5,Low
1998-07-14,2.49,Low
1998-07-15,2.48,Low
1998-07-16,2.48,Low
1998-07-17,2.47,Low
1998-07-18,2.46,Low
1998-07-19,2.46,Low
1998-07-20,2.45,Low
1998-07-21,2.45,Low
1998-07-22,2.44,Low
1998-07-23,2.44,Low
1998-07-24,2.44,Low
1998-07-25,2.43,Low
1998-07-26,2.43,Low
1998-07-27,2.42,Low
1998-07-28,2.42,Low
1998-07-29,2.41,Low
1998-07-30,2.4,Low
1998-07-31,2.39,Low
1998-08-01,2.38,Low
1998-08-02,2.38,Low
1998-08-03,2.37,Low
1998-08-04,2.36,Low
1998-08-05,2.38,Low
1998-08-06,2.4,Low
1998-08-07,2.38,Low
1998-08-08,2.38,Low
1998-08-09,2.38,Low
1998-08-10,2.38,Low
1998-08-11,2.37,Low
1998-08-12,2.38,Low
1998-08-13,2.39,Low
1998-08-14,2.41,Low
1998-08-15,2.41,Low
1998-08-16,2.42,Low
1998-08-17,2.44,Low
1998-08-18,2.45,Low
1998-08-19,2.46,Low
1998-08-20,2.47,Low
1998-08-21,2.47,Low
1998-08-22,2.47,Low
1998-08-23,2.46,Low
1998-08-24,2.46,Low
1998-08-25,2.45,Low
1998-08-26,2.44,Low
1998-08-27,2.41,Low
1998-08-28,2.39,Low
1998-08-29,2.37,Low
1998-08-30,2.35,Low
1998-08-31,2.33,Low
1998-09-01,2.31,Falling
1998-09-02,2.3,Falling
1998-09-03,2.3,Falling
1998-09-04,2.3,Falling
1998-09-05,2.28,Falling
1998-09-06,2.27,Falling
1998-09-07,2.26,Falling
1998-09-08,2.25,Falling
1998-09-09,2.28,Falling
1998-09-10,2.28,Falling
1998-09-11,2.27,Falling
1998-09-12,2.26,Falling
1998-09-13,2.27,Falling
1998-09-14,2.29,Falling
1998-09-15,2.29,Rising
1998-09-16,2.31,Rising
1998-09-17,2.32,Rising
1998-09-18,2.33,Rising
1998-09-19,2.39,Rising
1998-09-20,2.39,Rising
1998-09-21,2.36,Rising
1998-09-22,2.34,Rising
1998-09-23,2.33,Rising
1998-09-24,2.32,Rising
1998-09-25,2.31,Rising
1998-09-26,2.31,Rising
1998-09-27,2.32,Rising
1998-09-28,2.34,Rising
1998-09-29,2.37,Rising
1998-09-30,2.4,Rising
1999-03-26,4.79,High
1999-03-27,4.8,High
1999-03-28,4.77,High
1999-03-29,4.74,High
1999-03-30,4.69,High
1999-03-31,4.66,High
1999-04-01,4.63,High
1999-04-02,4.6,High
1999-04-03,4.58,High
1999-04-04,4.56,High
1999-04-05,4.54,High
1999-04-06,4.76,High
1999-04-07,4.81,High
1999-04-08,4.83,High
1999-04-09,4.83,High
1999-04-10,4.8,High
1999-04-11,4.78,High
1999-04-12,4.75,High
1999-04-13,4.72,High
1999-04-14,4.7,High
1999-04-15,4.62,High
1999-04-16,4.59,High
1999-04-17,4.57,High
1999-04-18,4.55,High
1999-04-19,4.53,High
1999-04-20,4.5,High
1999-04-21,4.48,High
1999-04-22,4.46,High
1999-04-23,4.44,High
1999-04-24,4.42,High
1999-04-25,4.39,High
1999-04-26,4.37,High
1999-04-27,4.35,High
1999-04-28,4.33,High
1999-04-29,4.26,High
1999-04-30,4.22,High
1999-06-25,2.44,Falling
1999-06-26,2.43,Falling
1999-06-27,2.43,Falling
1999-06-28,2.43,Falling
1999-06-29,2.42,Falling
1999-06-30,2.42,Falling
1999-07-01,2.42,Falling
1999-07-02,2.42,Falling
1999-07-03,2.43,Falling
1999-07-04,2.42,Falling
1999-07-05,2.43,Falling
1999-07-06,2.38,Falling
1999-07-07,2.38,Falling
1999-07-08,2.37,Falling
1999-07-09,2.36,Falling
1999-07-10,2.38,Falling
1999-07-11,2.38,Falling
1999-07-12,2.38,Falling
1999-07-13,2.37,Falling
1999-07-14,2.36,Falling
1999-07-15,2.36,Falling
1999-07-16,2.36,Falling
1999-07-17,2.32,Falling
1999-07-18,2.33,Falling
1999-07-19,2.33,Falling
1999-07-20,2.32,Falling
1999-07-21,2.31,Falling
1999-07-22,2.3,Falling
1999-07-23,2.3,Falling
1999-07-24,2.29,Falling
1999-07-25,2.28,Falling
1999-07-26,2.27,Falling
1999-07-27,2.28,Falling
1999-07-28,2.28,Low
1999-07-29,2.26,Low
1999-07-30,2.26,Low
1999-07-31,2.25,Low
1999-08-01,2.24,Low
1999-08-02,2.24,Low
1999-08-03,2.23,Low
1999-08-04,2.22,Low
1999-08-05,2.22,Low
1999-08-06,2.21,Low
1999-08-07,2.2,Low
1999-08-08,2.19,Low
1999-08-09,2.19,Low
1999-08-10,2.18,Low
1999-08-11,2.18,Low
1999-08-12,2.18,Low
1999-08-13,2.17,Low
1999-08-14,2.17,Low
1999-08-15,2.16,Low
1999-08-16,2.15,Low
1999-08-17,2.15,Low
1999-08-18,2.14,Low
1999-08-19,2.15,Low
1999-08-20,2.14,Low
1999-08-21,2.14,Low
1999-08-22,2.13,Low
1999-08-23,2.13,Low
1999-08-24,2.13,Low
1999-08-25,2.13,Low
1999-08-26,2.13,Low
1999-08-27,2.13,Low
1999-08-28,2.12,Low
1999-08-29,2.12,Low
1999-08-30,2.11,Low
1999-08-31,2.11,Low
1999-09-01,2.11,Low
1999-09-02,2.1,Low
1999-09-03,2.1,Low
1999-09-04,2.09,Low
1999-09-05,2.09,Low
1999-09-06,2.09,Low
1999-09-07,2.08,Low
1999-09-08,2.08,Low
1999-09-09,2.08,Low
1999-09-10,2.08,Low
1999-09-11,2.09,Low
1999-09-12,2.09,Low
1999-09-13,2.09,Low
1999-09-14,2.1,Low
1999-09-15,2.12,Low
1999-09-16,2.14,Low
1999-09-17,2.15,Low
1999-09-18,2.17,Low
1999-09-19,2.18,Low
1999-09-20,2.19,Low
1999-09-21,2.2,Low
1999-09-22,2.2,Low
1999-09-23,2.26,Low
1999-09-24,2.27,Low
1999-09-25,2.24,Low
1999-09-26,2.22,Low
1999-09-27,2.22,Low
1999-09-28,2.22,Low
1999-09-29,2.23,Low
1999-09-30,2.25,Low
1999-10-01,2.26,Low
1999-10-02,2.24,Low
1999-10-03,2.24,Low
1999-10-04,2.21,Low
1999-10-05,2.18,Low
1999-10-06,2.14,Low
1999-10-07,2.13,Low
1999-10-08,2.12,Low
1999-10-09,2.1,Low
1999-10-10,2.1,Low
1999-10-11,2.1,Low
1999-10-12,2.13,Low
1999-10-13,2.14,Low
1999-10-14,2.16,Low
1999-10-15,2.19,Low
1999-10-16,2.2,Low
1999-10-17,2.2,Low
1999-10-18,2.22,Low
1999-10-19,2.2,Low
1999-10-20,2.19,Low
1999-10-21,2.21,Low
1999-10-22,2.2,Low
1999-10-23,2.2,Low
1999-10-24,2.19,Low
1999-10-25,2.18,Low
1999-10-26,2.16,Low
1999-10-27,2.17,Low
1999-10-28,2.21,Low
1999-10-29,2.23,Low
1999-10-30,2.24,Low
1999-10-31,2.25,Low
1999-11-01,2.26,Low
1999-11-02,2.27,Low
1999-11-03,2.29,Rising
1999-11-04,2.32,Rising
1999-11-05,2.36,Rising
1999-11-06,2.37,Rising
1999-11-07,2.38,Rising
1999-11-08,2.4,Rising
1999-11-09,2.44,Rising
1999-11-10,2.44,Rising
1999-11-11,2.46,Rising
1999-11-12,2.48,Rising
1999-11-13,2.51,Rising
1999-11-14,2.55,Rising
1999-11-15,2.58,Rising
1999-11-16,2.61,Rising
1999-11-17,2.63,Rising
1999-11-18,2.67,Rising
1999-11-19,2.71,Rising
1999-11-20,2.75,Rising
1999-11-21,2.79,Rising
1999-11-22,2.81,Rising
1999-11-23,2.83,Rising
1999-11-24,2.85,Rising
1999-11-25,2.86,Rising
1999-11-26,2.85,Rising
1999-11-27,2.82,Rising
1999-11-28,2.79,Rising
1999-11-29,2.75,Rising
1999-11-30,2.71,Falling
1999-12-01,2.67,Falling
1999-12-02,2.63,Falling
1999-12-03,2.59,Falling
1999-12-04,2.55,Falling
1999-12-05,2.52,Falling
1999-12-06,2.52,Falling
1999-12-07,2.53,Falling
1999-12-08,2.52,Falling
1999-12-09,2.54,Falling
1999-12-10,2.52,Falling
1999-12-11,2.51,Falling
1999-12-12,2.53,Falling
1999-12-13,2.52,Falling
1999-12-14,2.53,Falling
1999-12-15,2.54,Rising
1999-12-16,2.53,Rising
1999-12-17,2.53,Rising
1999-12-18,2.54,Rising
1999-12-19,2.55,Rising
1999-12-20,2.57,Rising
1999-12-21,2.59,Rising
1999-12-22,2.6,Rising
1999-12-23,2.68,Rising
1999-12-24,2.7,Rising
1999-12-25,2.72,Rising
1999-12-26,2.75,Rising
1999-12-27,2.77,Rising
1999-12-28,2.78,Rising
1999-12-29,2.78,Rising
1999-12-30,2.79,Rising
1999-12-31,2.78,Rising
2000-01-01,2.76,Rising
2000-01-02,2.76,Rising
2000-01-03,2.73,Rising
2000-01-04,2.71,Rising
2000-01-05,2.69,Rising
2000-01-06,2.68,Rising
2000-01-07,2.66,Rising
2000-01-08,2.65,Rising
2000-01-09,2.64,Rising
2000-01-10,2.63,Falling
2000-01-11,2.62,Falling
2000-01-12,2.6,Falling
2000-01-13,2.59,Falling
2000-01-14,2.6,Falling
2000-01-15,2.6,Falling
2000-01-16,2.62,Falling
2000-01-17,2.65,Falling
2000-01-18,2.66,Falling
2000-01-19,2.69,Falling
2000-01-20,2.71,Falling
2000-01-21,2.73,Falling
2000-01-22,2.73,Falling
2000-01-23,2.74,Falling
2000-01-24,2.72,Rising
2000-01-25,2.74,Rising
2000-01-26,2.69,Rising
2000-01-27,2.64,Rising
2000-01-28,2.61,Rising
2000-01-29,2.56,Rising
2000-01-30,2.57,Rising
2000-01-31,2.56,Rising
2000-02-01,2.56,Rising
2000-02-02,2.57,Rising
2000-02-03,2.59,Rising
2000-02-04,2.6,Rising
2000-02-05,2.62,Rising
2000-02-06,2.65,Rising
2000-02-07,2.73,Rising
2000-02-08,2.78,Rising
2000-02-09,2.83,Rising
2000-02-10,2.87,Rising
2000-02-11,2.94,Rising
2000-02-12,3.01,Rising
2000-02-13,3.07,Rising
2000-02-14,3.15,Rising
2000-02-15,3.23,Rising
2000-02-16,3.27,Rising
2000-02-17,3.28,High
2000-02-18,3.3,High
2000-02-19,3.29,High
2000-02-20,3.29,High
2000-02-21,3.3,High
2000-02-22,3.35,High
2000-02-23,3.4,High
2000-02-24,3.46,High
2000-02-25,3.53,High
2000-02-26,3.64,High
2000-02-27,3.76,High
2000-02-28,3.87,High
2000-02-29,4.0,High
2000-03-01,4.19,High
2000-03-02,4.28,High
2000-03-03,4.36,High
2000-03-04,4.43,High
2000-03-05,4.52,High
2000-03-06,4.6,High
2000-03-07,4.68,High
2000-03-08,4.73,High
2000-03-09,4.74,High
2000-03-10,4.77,High
2000-03-11,4.78,High
2000-03-12,4.81,High
2000-03-13,4.82,High
2000-03-14,4.83,High
2000-03-15,4.84,High
2000-03-16,4.86,High
2000-03-17,4.87,High
2000-03-18,4.87,High
2000-03-19,4.88,High
2000-03-20,4.9,High
2000-03-21,4.92,High
2000-03-22,4.93,High
2000-03-23,4.94,High
2000-03-24,4.95,High
2000-03-25,4.95,High
2000-03-26,4.95,High
2000-03-27,4.96,High
2000-03-28,4.97,High
2000-03-29,4.97,High
2000-03-30,4.98,High
2000-03-31,4.98,High
2000-04-01,5.05,High
2000-04-02,5.07,High
2000-04-03,5.07,High
2000-04-04,5.05,High
2000-04-05,5.01,High
2000-04-06,4.99,High
2000-04-07,4.97,High
2000-04-08,4.94,High
2000-04-09,4.92,High
2000-04-10,4.88,High
2000-04-11,4.83,High
2000-04-12,4.79,High
2000-04-13,4.73,High
2000-04-14,4.67,High
2000-04-15,4.61,High
2000-04-16,4.55,High
2000-04-17,4.49,High
2000-04-18,4.44,High
2000-04-19,4.39,High
2000-04-20,4.33,High
2000-04-21,4.27,High
2000-04-22,4.21,High
2000-04-23,4.15,High
2000-04-24,4.09,High
2000-04-25,4.02,High
2000-04-26,3.93,High
2000-04-27,3.85,High
2000-04-28,3.77,High
2000-04-29,3.68,High
2000-04-30,3.66,High
2000-05-01,3.6,High
2000-05-02,3.55,High
2000-05-03,3.51,High
2000-05-04,3.47,High
2000-05-05,3.44,High
2000-05-06,3.41,High
2000-05-07,3.38,High
2000-05-08,3.34,High
2000-05-09,3.31,High
2000-05-10,3.27,High
2000-05-11,3.25,High
2000-05-12,3.22,High
2000-05-13,3.2,High
2000-05-14,3.2,High
2000-05-15,3.19,High
2000-05-16,3.18,High
2000-05-17,3.19,Falling
2000-05-18,3.17,Falling
2000-05-19,3.15,Falling
2000-05-20,3.13,Falling
2000-05-21,3.1,Falling
2000-05-22,3.08,Falling
2000-05-23,3.05,Falling
2000-05-24,3.02,Falling
2000-05-25,2.99,Falling
2000-05-26,2.95,Falling
2000-05-27,2.92,Falling
2000-05-28,2.89,Falling
2000-05-29,2.86,Falling
2000-05-30,2.83,Falling
2000-05-31,2.81,Falling
2000-06-01,2.79,Falling
2000-06-02,2.77,Falling
2000-06-03,2.75,Falling
2000-06-04,2.73,Falling
2000-06-05,2.71,Falling
2000-06-06,2.69,Falling
2000-06-07,2.67,Falling
2000-06-08,2.66,Falling
2000-06-09,2.64,Falling
2000-06-10,2.62,Falling
2000-06-11,2.61,Falling
2000-06-12,2.6,Falling
2000-06-13,2.59,Falling
2000-06-14,2.57,Falling
2000-06-15,2.55,Falling
2000-06-16,2.54,Falling
2000-06-17,2.53,Falling
2000-06-18,2.52,Falling
2000-06-19,2.5,Falling
2000-06-20,2.49,Falling
2000-06-21,2.48,Falling
2000-06-22,2.48,Falling
2000-06-23,2.47,Falling
2000-06-24,2.47,Falling
2000-06-25,2.43,Falling
2000-06-26,2.45,Falling
2000-06-27,2.45,Falling
2000-06-28,2.45,Falling
2000-06-29,2.44,Falling
2000-06-30,2.44,Falling
2000-07-01,2.44,Falling
2000-07-02,2.43,Falling
2000-07-03,2.43,Falling
2000-07-04,2.42,Falling
2000-07-05,2.41,Falling
2000-07-06,2.4,Falling
2000-07-07,2.39,Falling
2000-07-08,2.39,Falling
2000-07-09,2.38,Falling
2000-07-10,2.37,Falling
2000-07-11,2.36,Falling
2000-07-12,2.35,Falling
2000-07-13,2.34,Falling
2000-07-14,2.34,Falling
2000-07-15,2.33,Falling
2000-07-16,2.32,Falling
2000-07-17,2.32,Falling
2000-07-18,2.32,Falling
2000-07-19,2.31,Falling
2000-07-20,2.31,Falling
2000-07-21,2.31,Falling
2000-07-22,2.31,Falling
2000-07-23,2.32,Rising
2000-07-24,2.33,Falling
2000-07-25,2.34,Falling
2000-07-26,2.35,Falling
2000-07-27,2.35,Falling
2000-07-28,2.35,Falling
2000-07-29,2.35,Falling
2000-07-30,2.36,Falling
2000-07-31,2.37,Falling
2000-08-01,2.38,Falling
2000-08-02,2.38,Falling
2000-08-03,2.39,Falling
2000-08-04,2.4,Falling
2000-08-05,2.4,Falling
2000-08-06,2.4,Falling
2000-08-07,2.39,Falling
2000-08-08,2.37,Falling
2000-08-09,2.35,Falling
2000-08-10,2.33,Falling
2000-08-11,2.32,Low
2000-08-12,2.3,Low
2000-08-13,2.29,Low
2000-08-14,2.28,Low
2000-08-15,2.28,Low
2000-08-16,2.27,Low
2000-08-17,2.26,Low
2000-08-18,2.25,Low
2000-08-19,2.24,Low
2000-08-20,2.25,Low
2000-08-21,2.24,Low
2000-08-22,2.23,Low
2000-08-23,2.24,Low
2000-08-24,2.25,Low
2000-08-25,2.26,Low
2000-08-26,2.26,Low
2000-08-27,2.25,Low
2000-08-28,2.24,Low
2000-08-29,2.23,Low
2000-08-30,2.21,Low
2000-08-31,2.2,Low
2000-09-01,2.18,Low
2000-09-02,2.18,Low
2000-09-03,2.19,Low
2000-09-04,2.2,Low
2000-09-05,2.21,Low
2000-09-06,2.22,Low
2000-09-07,2.23,Low
2000-09-08,2.25,Low
2000-09-09,2.27,Low
2000-09-10,2.28,Low
2000-09-11,2.28,Low
2000-09-12,2.27,Low
2000-09-13,2.26,Low
2000-09-14,2.28,Low
2000-09-15,2.29,Low
2000-09-16,2.3,Low
2000-09-17,2.32,Rising
2000-09-18,2.34,Rising
2000-09-19,2.36,Rising
2000-09-20,2.38,Rising
2000-09-21,2.39,Rising
2000-09-22,2.41,Rising
2000-09-23,2.42,Rising
2000-09-24,2.43,Rising
2000-09-25,2.44,Rising
2000-09-26,2.45,Rising
2000-09-27,2.45,Rising
2000-09-28,2.45,Rising
2000-09-29,2.42,Rising
2000-09-30,2.4,Rising
2000-12-01,2.57,Rising
2000-12-02,2.56,Rising
2000-12-03,2.54,Rising
2000-12-04,2.53,Rising
2000-12-05,2.54,Rising
2000-12-06,2.54,Rising
2000-12-07,2.49,Rising
2000-12-08,2.51,Rising
2000-12-09,2.55,Rising
2000-12-10,2.57,Rising
2000-12-11,2.59,Rising
2000-12-12,2.61,Rising
2000-12-13,2.64,Rising
2000-12-14,2.68,Rising
2000-12-15,2.7,Rising
2000-12-16,2.71,Rising
2000-12-17,2.73,Rising
2000-12-18,2.74,Rising
2000-12-19,2.76,Rising
2000-12-20,2.77,Rising
2000-12-21,2.78,Rising
2000-12-22,2.79,Rising
2000-12-23,2.8,Rising
2000-12-24,2.83,Rising
2000-12-25,2.84,Rising
2000-12-26,2.84,Rising
2000-12-27,2.86,Rising
2000-12-28,2.88,Rising
2000-12-29,2.91,Rising
2000-12-30,2.95,Rising
2000-12-31,2.99,Rising
2001-01-01,3.01,Rising
2001-01-02,3.05,Rising
2001-01-03,3.07,Rising
2001-01-04,3.1,Falling
2001-01-05,3.11,Falling
2001-01-06,3.11,Falling
2001-01-07,3.07,Rising
2001-01-08,3.02,Rising
2001-01-09,2.98,Rising
2001-01-10,2.93,Rising
2001-01-11,2.88,Rising
2001-01-12,2.85,Rising
2001-01-13,2.88,Rising
2001-01-14,2.84,Rising
2001-01-15,2.81,Rising
2001-01-16,2.79,Falling
2001-01-17,2.76,Falling
2001-01-18,2.75,Falling
2001-01-19,2.77,Falling
2001-01-20,2.78,Falling
2001-01-21,2.8,Falling
2001-01-22,2.81,Falling
2001-01-23,2.84,Falling
2001-01-24,2.86,Falling
2001-01-25,2.96,Falling
2001-01-26,2.98,Falling
2001-01-27,3.01,Falling
2001-01-28,3.01,Falling
2001-01-29,3.0,Falling
2001-01-30,2.99,Falling
2001-01-31,2.96,Falling
2001-02-01,2.92,Falling
2001-02-02,2.88,Falling
2001-02-03,2.84,Falling
2001-02-04,2.82,Rising
2001-02-05,2.78,Falling
2001-02-06,2.76,Falling
2001-02-07,2.74,Rising
2001-02-08,2.72,Rising
2001-02-09,2.73,Rising
2001-02-10,2.75,Falling
2001-02-11,2.75,Falling
2001-02-12,2.75,Falling
2001-02-13,2.74,Falling
2001-02-14,2.74,Rising
2001-02-15,2.73,Rising
2001-02-16,2.71,Rising
2001-02-17,2.7,Rising
2001-02-18,2.79,Rising
2001-02-19,2.75,Rising
2001-02-20,2.77,Rising
2001-02-21,2.83,Rising
2001-02-22,2.87,Rising
2001-02-23,2.91,Rising
2001-02-24,2.95,Rising
2001-02-25,2.97,Rising
2001-02-26,2.98,Rising
2001-02-27,2.99,Rising
2001-02-28,3.02,High
2001-03-01,3.02,High
2001-03-02,3.02,High
2001-03-03,3.05,High
2001-03-04,3.06,High
2001-03-05,3.07,High
2001-03-06,3.08,High
2001-03-07,3.11,High
2001-03-08,3.13,High
2001-03-09,3.15,High
2001-03-10,3.16,High
2001-03-11,3.17,High
2001-03-12,3.16,High
2001-03-13,3.17,High
2001-03-14,3.18,High
2001-03-15,3.17,High
2001-03-16,3.15,High
2001-03-17,3.14,High
2001-03-18,3.14,High
2001-03-19,3.16,High
2001-03-20,3.17,High
2001-03-21,3.19,High
2001-03-22,3.21,High
2001-03-23,3.25,High
2001-03-24,3.28,High
2001-03-25,3.34,High
2001-03-26,3.37,High
2001-03-27,3.43,High
2001-03-28,3.49,High
2001-03-29,3.55,High
2001-03-30,3.61,High
2001-03-31,3.65,High
2001-04-01,3.71,High
2001-04-02,3.76,High
2001-04-03,3.8,High
2001-04-04,3.82,High
2001-04-05,3.83,High
2001-04-06,3.83,High
2001-04-07,3.82,High
2001-04-08,3.83,High
2001-04-09,3.83,High
2001-04-10,3.79,High
2001-04-11,3.72,High
2001-04-12,3.63,High
2001-04-13,3.57,High
2001-04-14,3.54,High
2001-04-15,3.5,High
2001-04-16,3.46,High
2001-04-17,3.42,High
2001-04-18,3.37,High
2001-04-19,3.33,High
2001-04-20,3.28,High
2001-04-21,3.24,High
2001-04-22,3.25,High
2001-04-23,3.29,High
2001-04-24,3.28,High
2001-04-25,3.24,High
2001-04-26,3.2,High
2001-04-27,3.15,High
2001-04-28,3.1,High
2001-04-29,3.05,High
2001-04-30,3.01,High
2001-05-01,2.95,High
2001-05-02,2.84,High
2001-05-03,2.81,Falling
2001-05-04,2.79,Falling
2001-05-05,2.78,Falling
2001-05-06,2.76,Falling
2001-05-07,2.75,Falling
2001-05-08,2.75,Falling
2001-05-09,2.74,Falling
2001-05-10,2.73,Falling
2001-05-11,2.71,Falling
2001-05-12,2.68,Falling
2001-05-13,2.66,Falling
2001-05-14,2.63,Falling
2001-05-15,2.61,Falling
2001-05-16,2.59,Falling
2001-05-17,2.56,Falling
2001-05-18,2.54,Falling
2001-05-19,2.52,Falling
2001-05-20,2.5,Falling
2001-05-21,2.48,Falling
2001-05-22,2.48,Falling
2001-05-23,2.47,Falling
2001-05-24,2.48,Falling
2001-05-25,2.48,Rising
2001-05-26,2.48,Rising
2001-05-27,2.5,Rising
2001-05-28,2.51,Rising
2001-05-29,2.52,Rising
2001-05-30,2.52,Rising
2001-05-31,2.53,Rising
2001-06-01,2.57,Rising
2001-06-02,2.6,Rising
2001-06-03,2.61,Rising
2001-06-04,2.64,Rising
2001-06-05,2.68,Rising
2001-06-06,2.71,Rising
2001-06-07,2.74,Falling
2001-06-08,2.77,Falling
2001-06-09,2.81,Falling
2001-06-10,2.85,Falling
2001-06-11,2.87,Falling
2001-06-12,2.9,Falling
2001-06-13,2.9,Falling
2001-06-14,2.9,Falling
2001-06-15,2.87,Falling
2001-06-16,2.83,Falling
2001-06-17,2.75,Falling
2001-06-18,2.68,Falling
2001-06-19,2.59,Falling
2001-06-20,2.53,Falling
2001-06-21,2.47,Falling
2001-06-22,2.43,Falling
2001-06-23,2.4,Falling
2001-06-24,2.38,Falling
2001-06-25,2.37,Falling
2001-06-26,2.35,Falling
2001-06-27,2.34,Falling
2001-06-28,2.34,Falling
2001-06-29,2.33,Falling
2001-06-30,2.32,Falling
2001-07-01,2.32,Falling
2001-07-02,2.3,Falling
2001-07-03,2.3,Falling
2001-07-04,2.29,Low
2001-07-05,2.28,Low
2001-07-06,2.28,Low
2001-07-07,2.27,Low
2001-07-08,2.26,Low
2001-07-09,2.25,Low
2001-07-10,2.24,Low
2001-07-11,2.24,Low
2001-07-12,2.24,Low
2001-07-13,2.23,Low
2001-07-14,2.22,Low
2001-07-15,2.2,Low
2001-07-16,2.2,Low
2001-07-17,2.19,Low
2001-07-18,2.18,Low
2001-07-19,2.18,Low
2001-07-20,2.18,Low
2001-07-21,2.18,Low
2001-07-22,2.17,Low
2001-07-23,2.16,Low
2001-07-24,2.16,Low
2001-07-25,2.15,Low
2001-07-26,2.14,Low
2001-07-27,2.14,Low
2001-07-28,2.13,Low
2001-07-29,2.12,Low
2001-07-30,2.12,Low
2001-07-31,2.12,Low
2001-08-01,2.13,Low
2001-08-02,2.14,Low
2001-08-03,2.14,Low
2001-08-04,2.14,Low
2001-08-05,2.13,Low
2001-08-06,2.12,Low
2001-08-07,2.11,Low
2001-08-08,2.11,Low
2001-08-09,2.09,Low
2001-08-10,2.08,Low
2001-08-11,2.06,Low
2001-08-12,2.06,Low
2001-08-13,2.04,Low
2001-08-14,2.04,Low
2001-08-15,2.04,Low
2001-08-16,2.03,Low
2001-08-17,2.02,Low
2001-08-18,2.02,Low
2001-08-19,1.99,Low
2001-08-20,1.99,Low
2001-08-21,1.98,Low
2001-08-22,1.98,Low
2001-08-23,1.98,Low
2001-08-24,1.97,Low
2001-08-25,1.96,Low
2001-08-26,1.96,Low
2001-08-27,1.97,Low
2001-08-28,1.98,Low
2001-08-29,1.97,Low
2001-08-30,1.96,Low
2001-08-31,1.96,Low
2001-09-01,1.98,Low
2001-09-02,1.98,Low
2001-09-03,1.99,Low
2001-09-04,1.99,Low
2001-09-05,1.99,Low
2001-09-06,1.98,Low
2001-09-07,1.97,Low
2001-09-08,1.96,Low
2001-09-09,1.96,Low
2001-09-10,1.95,Low
2001-09-11,1.95,Low
2001-09-12,1.96,Low
2001-09-13,1.95,Low
2001-09-14,1.95,Low
2001-09-15,1.96,Low
2001-09-16,1.95,Low
2001-09-17,1.93,Low
2001-09-18,1.92,Low
2001-09-19,1.92,Low
2001-09-20,1.94,Low
2001-09-21,1.95,Low
2001-09-22,1.97,Low
2001-09-23,2.01,Low
2001-09-24,2.04,Low
2001-09-25,2.05,Low
2001-09-26,2.05,Low
2001-09-27,2.06,Low
2001-09-28,2.05,Low
2001-09-29,2.06,Low
2001-09-30,2.08,Low
2001-10-01,2.11,Low
2001-10-02,2.12,Low
2001-10-03,2.14,Low
2001-10-04,2.16,Low
2001-10-05,2.18,Low
2001-10-06,2.2,Low
2001-10-07,2.22,Low
2001-10-08,2.23,Low
2001-10-09,2.23,Low
2001-10-10,2.22,Low
2001-10-11,2.19,Low
2001-10-12,2.16,Low
2001-10-13,2.15,Low
2001-10-14,2.13,Low
2001-10-15,2.13,Low
2001-10-16,2.14,Low
2001-10-17,2.15,Low
2001-10-18,2.17,Low
2001-10-19,2.19,Low
2001-10-20,2.21,Low
2001-10-21,2.25,Low
2001-10-22,2.25,Low
2001-10-23,2.26,Low
2001-10-24,2.27,Low
2001-10-25,2.28,Low
2001-10-26,2.29,Low
2001-10-27,2.3,Low
2001-10-28,2.31,Low
2001-10-29,2.31,Low
2001-10-30,2.34,Low
2001-10-31,2.36,Low
2001-11-01,2.37,Low
2001-11-02,2.39,Low
2001-11-03,2.4,Low
2001-11-04,2.4,Low
2001-11-05,2.4,Low
2001-11-06,2.37,Low
2001-11-07,2.34,Low
2001-11-08,2.31,Low
2001-11-09,2.32,Low
2001-11-10,2.33,Low
2001-11-11,2.3,Low
2001-11-12,2.28,Low
2001-11-13,2.3,Low
2001-11-14,2.33,Low
2001-11-15,2.33,Low
2001-11-16,2.34,Low
2001-11-17,2.34,Low
2001-11-18,2.35,Low
2001-11-19,2.37,Low
2001-11-20,2.38,Rising
2001-11-21,2.42,Rising
2001-11-22,2.42,Rising
2001-11-23,2.4,Rising
2001-11-24,2.4,Rising
2001-11-25,2.4,Rising
2001-11-26,2.43,Rising
2001-11-27,2.44,Rising
2001-11-28,2.47,Rising
2001-11-29,2.52,Rising
2001-11-30,2.54,Rising
2001-12-01,2.57,Rising
2001-12-02,2.59,Rising
2001-12-03,2.6,Rising
2001-12-04,2.6,Rising
2001-12-05,2.61,Rising
2001-12-06,2.62,Rising
2001-12-07,2.63,Rising
2001-12-08,2.64,Rising
2001-12-09,2.75,Rising
2001-12-10,2.75,Rising
2001-12-11,2.78,Rising
2001-12-12,2.79,Rising
2001-12-13,2.82,Rising
2001-12-14,2.87,Rising
2001-12-15,2.9,Rising
2001-12-16,2.93,Rising
2001-12-17,2.98,Rising
2001-12-18,3.01,Rising
2001-12-19,3.05,Rising
2001-12-20,3.1,Rising
2001-12-21,3.15,Rising
2001-12-22,3.21,Rising
2001-12-23,3.28,Rising
2001-12-24,3.35,Rising
2001-12-25,3.42,Rising
2001-12-26,3.5,Rising
2001-12-27,3.56,Rising
2001-12-28,3.62,Rising
2001-12-29,3.71,Rising
2001-12-30,3.8,Rising
2001-12-31,3.91,Rising
2002-01-01,4.06,Rising
2002-01-02,4.24,Rising
2002-01-03,4.4,Rising
2002-01-04,4.52,Rising
2002-01-05,4.78,Rising
2002-01-06,4.96,Rising
2002-01-07,5.02,Rising
2002-01-08,5.05,Rising
2002-01-09,5.08,Rising
2002-01-10,5.13,Rising
2002-01-11,5.14,High
2002-01-12,5.15,High
2002-01-13,5.15,High
2002-01-14,5.15,High
2002-01-15,5.16,High
2002-01-16,5.15,High
2002-01-17,5.14,High
2002-01-18,5.12,High
2002-01-19,5.1,High
2002-01-20,5.08,High
2002-01-21,5.06,High
2002-01-22,5.09,High
2002-01-23,5.18,High
2002-01-24,5.24,High
2002-01-25,5.26,High
2002-01-26,5.26,High
2002-01-27,5.24,High
2002-01-28,5.23,High
2002-01-29,5.19,High
2002-01-30,5.16,High
2002-01-31,5.12,High
2002-02-01,5.08,High
2002-02-02,5.05,High
2002-02-03,5.02,High
2002-02-04,5.0,High
2002-02-05,4.99,High
2002-02-06,4.97,High
2002-02-07,4.93,High
2002-02-08,4.89,High
2002-02-09,4.84,High
2002-02-10,4.79,High
2002-02-11,4.75,High
2002-02-12,4.71,High
2002-02-13,4.66,High
2002-02-14,4.61,High
2002-02-15,4.58,High
2002-02-16,4.6,High
2002-02-17,4.63,High
2002-02-18,4.73,High
2002-02-19,4.91,High
2002-02-20,5.07,High
2002-02-21,5.18,High
2002-02-22,5.25,High
2002-02-23,5.27,High
2002-02-24,5.27,High
2002-02-25,5.27,High
2002-02-26,5.25,High
2002-02-27,5.24,High
2002-02-28,5.23,High
2002-03-01,5.21,High
2002-03-02,5.2,High
2002-03-03,5.19,High
2002-03-04,5.17,High
2002-03-05,5.17,High
2002-03-06,5.17,High
2002-03-07,5.18,High
2002-03-08,5.18,High
2002-03-09,5.18,High
2002-03-10,5.18,High
2002-03-11,5.18,High
2002-03-12,5.17,High
2002-03-13,5.16,High
2002-03-14,5.14,High
2002-03-15,5.11,High
2002-03-16,5.08,High
2002-03-17,5.05,High
2002-03-18,5.02,High
2002-03-19,4.98,High
2002-03-20,4.93,High
2002-03-21,4.89,High
2002-03-22,4.86,High
2002-03-23,4.82,High
2002-03-24,4.78,High
2002-03-25,4.75,High
2002-03-26,4.73,High
2002-03-27,4.73,High
2002-03-28,4.73,High
2002-03-29,4.74,High
2002-03-30,4.75,High
2002-03-31,4.77,High
2002-04-01,4.77,High
2002-04-02,4.78,High
2002-04-03,4.78,High
2002-04-04,4.78,High
2002-04-05,4.78,High
2002-04-06,4.79,High
2002-04-07,4.82,High
2002-04-08,4.85,High
2002-04-09,4.89,High
2002-04-10,4.91,Falling
2002-04-11,4.91,Falling
2002-04-12,4.89,Falling
2002-04-13,4.87,Falling
2002-04-14,4.83,Falling
2002-04-15,4.79,Falling
2002-04-16,4.75,Falling
2002-04-17,4.7,Falling
2002-04-18,4.67,Falling
2002-04-19,4.64,Falling
2002-04-20,4.57,Falling
2002-04-21,4.51,Falling
2002-04-22,4.45,Falling
2002-04-23,4.38,Falling
2002-04-24,4.3,Falling
2002-04-25,4.23,Falling
2002-04-26,4.08,Falling
2002-04-27,4.07,Falling
2002-04-28,4.04,Falling
2002-04-29,4.01,Falling
2002-04-30,3.99,Falling
2002-05-01,3.95,Falling
2002-05-02,3.92,Falling
2002-05-03,3.89,Falling
2002-05-04,3.85,Falling
2002-05-05,3.83,Falling
2002-05-06,3.82,Falling
2002-05-07,3.81,Falling
2002-05-08,3.69,Falling
2002-05-09,3.65,Falling
2002-05-10,3.59,Falling
2002-05-11,3.55,Falling
2002-05-12,3.51,Falling
2002-05-13,3.45,Falling
2002-05-14,3.41,Falling
2002-05-15,3.34,Falling
2002-05-16,3.3,Falling
2002-05-17,3.28,Falling
2002-05-18,3.26,Falling
2002-05-19,3.23,Falling
2002-05-20,3.21,Falling
2002-05-21,3.26,Falling
2002-05-22,3.26,Falling
2002-05-23,3.26,Falling
2002-05-24,3.26,Falling
2002-05-25,3.26,Falling
2002-05-26,3.26,Falling
2002-05-27,3.25,Falling
2002-05-28,3.24,Falling
2002-05-29,3.21,Falling
2002-05-30,3.18,Falling
2002-05-31,3.15,Falling
2002-06-01,3.13,Falling
2002-06-02,3.11,Falling
2002-06-03,3.09,Falling
2002-06-04,3.07,Falling
2002-06-05,3.06,Falling
2002-06-06,3.05,Falling
2002-06-07,3.04,Falling
2002-06-08,3.03,Falling
2002-06-09,3.02,Falling
2002-06-10,2.99,Falling
2002-06-11,2.96,Falling
2002-06-12,2.93,Falling
2002-06-13,2.9,Falling
2002-06-14,2.87,Falling
2002-06-15,2.83,Falling
2002-06-16,2.81,Falling
2002-06-17,2.79,Falling
2002-06-18,2.77,Falling
2002-06-19,2.75,Falling
2002-06-20,2.73,Falling
2002-06-21,2.71,Falling
2002-06-22,2.69,Falling
2002-06-23,2.68,Falling
2002-06-24,2.67,Falling
2002-06-25,2.66,Falling
2002-06-26,2.65,Falling
2002-06-27,2.64,Falling
2002-06-28,2.64,Falling
2002-06-29,2.63,Falling
2002-06-30,2.62,Falling
2002-07-01,2.61,Falling
2002-07-02,2.6,Falling
2002-07-03,2.6,Falling
2002-07-04,2.59,Falling
2002-07-05,2.58,Falling
2002-07-06,2.57,Falling
2002-07-07,2.56,Falling
2002-07-08,2.55,Falling
2002-07-09,2.54,Falling
2002-07-10,2.53,Falling
2002-07-11,2.52,Falling
2002-07-12,2.52,Falling
2002-07-13,2.51,Falling
2002-07-14,2.5,Falling
2002-07-15,2.49,Falling
2002-07-16,2.49,Falling
2002-07-17,2.48,Falling
2002-07-18,2.48,Falling
2002-07-19,2.47,Falling
2002-07-20,2.47,Falling
2002-07-21,2.46,Falling
2002-07-22,2.46,Falling
2002-07-23,2.45,Falling
2002-07-24,2.45,Falling
2002-07-25,2.45,Falling
2002-07-26,2.44,Falling
2002-07-27,2.44,Falling
2002-07-28,2.43,Falling
2002-07-29,2.43,Falling
2002-07-30,2.43,Rising
2002-07-31,2.44,Rising
2002-08-01,2.49,Rising
2002-08-02,2.49,Rising
2002-08-03,2.48,Falling
2002-08-04,2.48,Falling
2002-08-05,2.49,Falling
2002-08-06,2.49,Falling
2002-08-07,2.49,Falling
2002-08-08,2.49,Falling
2002-08-09,2.49,Falling
2002-08-10,2.49,Falling
2002-08-11,2.5,Falling
2002-08-12,2.5,Falling
2002-08-13,2.51,Falling
2002-08-14,2.51,Falling
2002-08-15,2.51,Falling
2002-08-16,2.5,Falling
2002-08-17,2.48,Falling
2002-08-18,2.46,Falling
2002-08-19,2.44,Falling
2002-08-20,2.42,Falling
2002-08-21,2.39,Low
2002-08-22,2.37,Low
2002-08-23,2.36,Low
2002-08-24,2.35,Low
2002-08-25,2.32,Low
2002-08-26,2.31,Low
2002-08-27,2.3,Low
2002-08-28,2.28,Low
2002-08-29,2.27,Low
2002-08-30,2.28,Low
2002-08-31,2.27,Low
2002-09-01,2.26,Falling
2002-09-02,2.26,Falling
2002-09-03,2.26,Falling
2002-09-04,2.25,Falling
2002-09-05,2.27,Falling
2002-09-06,2.28,Falling
2002-09-07,2.3,Falling
2002-09-08,2.32,Low
2002-09-09,2.33,Low
2002-09-10,2.34,Low
2002-09-11,2.34,Low
2002-09-12,2.34,Low
2002-09-13,2.34,Low
2002-09-14,2.33,Low
2002-09-15,2.32,Low
2002-09-16,2.32,Low
2002-09-17,2.31,Low
2002-09-18,2.3,Low
2002-09-19,2.29,Low
2002-09-20,2.28,Low
2002-09-21,2.26,Low
2002-09-22,2.24,Low
2002-09-23,2.24,Low
2002-09-24,2.23,Low
2002-09-25,2.22,Low
2002-09-26,2.22,Low
2002-09-27,2.21,Low
2002-09-28,2.2,Low
2002-09-29,2.2,Low
2002-09-30,2.2,Low
2002-10-01,2.2,Low
2002-10-02,2.19,Low
2002-10-03,2.19,Low
2002-10-04,2.18,Low
2002-10-05,2.17,Low
2002-10-06,2.16,Low
2002-10-07,2.15,Low
2002-10-08,2.15,Low
2002-10-09,2.15,Low
2002-10-10,2.16,Low
2002-10-11,2.17,Low
2002-10-12,2.18,Low
2002-10-13,2.19,Low
2002-10-14,2.2,Low
2002-10-15,2.2,Low
2002-10-16,2.2,Low
2002-10-17,2.2,Low
2002-10-18,2.22,Low
2002-10-19,2.22,Low
2002-10-20,2.22,Low
2002-10-21,2.24,Low
2002-10-22,2.24,Low
2002-10-23,2.25,Low
2002-10-24,2.25,Low
2002-10-25,2.26,Low
2002-10-26,2.26,Low
2002-10-27,2.27,Low
2002-10-28,2.29,Low
2002-10-29,2.31,Low
2002-10-30,2.32,Low
2002-10-31,2.32,Low
2002-11-01,2.32,Low
2002-11-02,2.32,Low
2002-11-03,2.32,Low
2002-11-04,2.31,Low
2002-11-05,2.31,Low
2002-11-06,2.3,Low
2002-11-07,2.3,Rising
2002-11-08,2.3,Rising
2002-11-09,2.3,Rising
2002-11-10,2.3,Rising
2002-11-11,2.31,Rising
2002-11-12,2.32,Rising
2002-11-13,2.32,Rising
2002-11-14,2.32,Rising
2002-11-15,2.33,Falling
2002-11-16,2.33,Falling
2002-11-17,2.32,Falling
2002-11-18,2.3,Falling
2002-11-19,2.3,Falling
2002-11-20,2.3,Falling
2002-11-21,2.3,Falling
2002-11-22,2.31,Falling
2002-11-23,2.31,Low
2002-11-24,2.32,Low
2002-11-25,2.33,Low
2002-11-26,2.33,Low
2002-11-27,2.32,Low
2002-11-28,2.32,Low
2002-11-29,2.31,Low
2002-11-30,2.28,Rising
2002-12-01,2.26,Rising
2002-12-02,2.24,Rising
2002-12-03,2.24,Rising
2002-12-04,2.25,Rising
2002-12-05,2.27,Rising
2002-12-06,2.27,Rising
2002-12-07,2.26,Rising
2002-12-08,2.27,Rising
2002-12-09,2.28,Rising
2002-12-10,2.29,Rising
2002-12-11,2.31,Rising
2002-12-12,2.34,Rising
2002-12-13,2.36,Rising
2002-12-14,2.37,Rising
2002-12-15,2.42,Rising
2002-12-16,2.43,Rising
2002-12-17,2.43,Rising
2002-12-18,2.44,Rising
2002-12-19,2.44,Rising
2002-12-20,2.45,Rising
2002-12-21,2.46,Rising
2002-12-22,2.47,Rising
2002-12-23,2.49,Rising
2002-12-24,2.51,Rising
2002-12-25,2.52,Rising
2002-12-26,2.57,Rising
2002-12-27,2.59,Rising
2002-12-28,2.6,Rising
2002-12-29,2.61,Rising
2002-12-30,2.62,Rising
2002-12-31,2.62,Rising
2003-01-01,2.62,Rising
2003-01-02,2.61,Rising
2003-01-03,2.65,Rising
2003-01-04,2.61,Rising
2003-01-05,2.61,Rising
2003-01-06,2.52,Rising
2003-01-07,2.54,Rising
2003-01-08,2.53,Rising
2003-01-09,2.52,Rising
2003-01-10,2.53,Rising
2003-01-11,2.55,Rising
2003-01-12,2.56,Rising
2003-01-13,2.59,Rising
2003-01-14,2.63,Rising
2003-01-15,2.69,Rising
2003-01-16,2.72,Rising
2003-01-17,2.77,Rising
2003-01-18,2.83,Rising
2003-01-19,2.85,Rising
2003-01-20,2.86,Rising
2003-01-21,2.89,Rising
2003-01-22,2.91,Rising
2003-01-23,2.93,Rising
2003-01-24,2.94,Rising
2003-01-25,2.94,Rising
2003-01-26,2.95,Rising
2003-01-27,2.98,Rising
2003-01-28,3.0,Rising
2003-01-29,3.03,Rising
2003-01-30,3.05,Rising
2003-01-31,3.07,Rising
2003-02-01,3.1,Rising
2003-02-02,3.15,Rising
2003-02-03,3.21,Rising
2003-02-04,3.3,Rising
2003-02-05,3.42,Rising
2003-02-06,3.57,Rising
2003-02-07,3.73,Rising
2003-02-08,3.91,Rising
2003-02-09,4.06,Rising
2003-02-10,4.21,Rising
2003-02-11,4.32,Rising
2003-02-12,4.4,Rising
2003-02-13,4.45,Rising
2003-02-14,4.47,Rising
2003-02-15,4.49,Rising
2003-02-16,4.53,Rising
2003-02-17,4.57,High
2003-02-18,4.58,High
2003-02-19,4.57,High
2003-02-20,4.56,High
2003-02-21,4.58,High
2003-02-22,4.55,High
2003-02-23,4.51,High
2003-02-24,4.47,High
2003-02-25,4.43,High
2003-02-26,4.39,High
2003-02-27,4.32,High
2003-02-28,4.26,High
2003-03-01,4.21,High
2003-03-02,4.14,High
2003-03-03,4.09,High
2003-03-04,4.07,High
2003-03-05,4.08,High
2003-03-06,4.13,High
2003-03-07,4.2,High
2003-03-08,4.29,High
2003-03-09,4.36,High
2003-03-10,4.42,High
2003-03-11,4.47,High
2003-03-12,4.59,High
2003-03-13,4.63,High
2003-03-14,4.66,High
2003-03-15,4.67,High
2003-03-16,4.7,High
2003-03-17,4.73,High
2003-03-18,4.77,High
2003-03-19,4.8,High
2003-03-20,4.79,High
2003-03-21,4.78,High
2003-03-22,4.8,High
2003-03-23,4.79,High
2003-03-24,4.78,High
2003-03-25,4.78,High
2003-03-26,4.8,High
2003-03-27,4.78,High
2003-03-28,4.76,High
2003-03-29,4.75,High
2003-03-30,4.74,High
2003-03-31,4.74,High
2003-04-01,4.76,High
2003-04-02,4.77,High
2003-04-03,4.78,High
2003-04-04,4.79,High
2003-04-05,4.81,High
2003-04-06,4.86,High
2003-04-07,4.9,High
2003-04-08,4.98,High
2003-04-09,5.1,High
2003-04-10,5.2,High
2003-04-11,5.27,High
2003-04-12,5.29,High
2003-04-13,5.29,High
2003-04-14,5.28,High
2003-04-15,5.26,High
2003-04-16,5.25,High
2003-04-17,5.23,High
2003-04-18,5.21,High
2003-04-19,5.19,High
2003-04-20,5.15,High
2003-04-21,5.12,High
2003-04-22,5.09,High
2003-04-23,5.06,High
2003-04-24,5.06,High
2003-04-25,5.06,High
2003-04-26,5.06,High
2003-04-27,5.05,High
2003-04-28,5.03,High
2003-04-29,5.01,High
2003-04-30,4.97,High
2003-05-01,4.93,High
2003-05-02,4.88,High
2003-05-03,4.84,High
2003-05-04,4.8,High
2003-05-05,4.76,High
2003-05-06,4.73,High
2003-05-07,4.7,High
2003-05-08,4.66,High
2003-05-09,4.62,High
2003-05-10,4.58,High
2003-05-11,4.53,High
2003-05-12,4.48,High
2003-05-13,4.42,High
2003-05-14,4.39,High
2003-05-15,4.26,Falling
2003-05-16,4.17,Falling
2003-05-17,4.21,Falling
2003-05-18,3.94,Falling
2003-05-19,3.85,Falling
2003-05-20,3.75,Falling
2003-05-21,3.65,Falling
2003-05-22,3.55,Falling
2003-05-23,3.47,Falling
2003-05-24,3.39,Falling
2003-05-25,3.35,Falling
2003-05-26,3.29,Falling
2003-05-27,3.25,Falling
2003-05-28,3.21,Falling
2003-05-29,3.17,Falling
2003-05-30,3.14,Falling
2003-05-31,3.11,Falling
2003-06-01,3.07,Falling
2003-06-02,3.05,Falling
2003-06-03,3.03,Falling
2003-06-04,3.02,Falling
2003-06-05,3.03,Falling
2003-06-06,3.02,Falling
2003-06-07,3.01,Falling
2003-06-08,2.99,Falling
2003-06-09,2.97,Falling
2003-06-10,2.96,Falling
2003-06-11,2.94,Falling
2003-06-12,2.92,Falling
2003-06-13,2.9,Falling
2003-06-14,2.88,Falling
2003-06-15,2.86,Falling
2003-06-16,2.84,Falling
2003-06-17,2.82,Falling
2003-06-18,2.8,Falling
2003-06-19,2.78,Falling
2003-06-20,2.76,Falling
2003-06-21,2.75,Falling
2003-06-22,2.73,Falling
2003-06-23,2.72,Falling
2003-06-24,2.7,Falling
2003-06-25,2.68,Falling
2003-06-26,2.66,Falling
2003-06-27,2.64,Falling
2003-06-28,2.62,Falling
2003-06-29,2.6,Falling
2003-06-30,2.6,Falling
2003-07-01,2.58,Falling
2003-07-02,2.56,Falling
2003-07-03,2.55,Falling
2003-07-04,2.54,Falling
2003-07-05,2.53,Falling
2003-07-06,2.52,Falling
2003-07-07,2.51,Falling
2003-07-08,2.5,Falling
2003-07-09,2.49,Falling
2003-07-10,2.48,Falling
2003-07-11,2.48,Falling
2003-07-12,2.46,Falling
2003-07-13,2.45,Falling
2003-07-14,2.44,Falling
2003-07-15,2.44,Falling
2003-07-16,2.43,Falling
2003-07-17,2.42,Falling
2003-07-18,2.42,Falling
2003-07-19,2.42,Falling
2003-07-20,2.42,Falling
2003-07-21,2.41,Falling
2003-07-22,2.4,Falling
2003-07-23,2.4,Falling
2003-07-24,2.4,Falling
2003-07-25,2.39,Falling
2003-07-26,2.38,Falling
2003-07-27,2.37,Falling
2003-07-28,2.36,Falling
2003-07-29,2.36,Falling
2003-07-30,2.35,Falling
2003-07-31,2.34,Falling
2003-08-01,2.34,Falling
2003-08-02,2.33,Falling
2003-08-03,2.32,Falling
2003-08-04,2.32,Falling
2003-08-05,2.31,Falling
2003-08-06,2.3,Falling
2003-08-07,2.3,Falling
2003-08-08,2.3,Falling
2003-08-09,2.29,Low
2003-08-10,2.29,Low
2003-08-11,2.28,Low
2003-08-12,2.27,Low
2003-08-13,2.26,Low
2003-08-14,2.26,Low
2003-08-15,2.26,Low
2003-08-16,2.26,Low
2003-08-17,2.26,Low
2003-08-18,2.24,Low
2003-08-19,2.24,Low
2003-08-20,2.24,Low
2003-08-21,2.23,Low
2003-08-22,2.22,Low
2003-08-23,2.22,Low
2003-08-24,2.22,Low
2003-08-25,2.22,Low
2003-08-26,2.22,Low
2003-08-27,2.2,Low
2003-08-28,2.19,Low
2003-08-29,2.18,Low
2003-08-30,2.19,Low
2003-08-31,2.19,Low
2003-09-01,2.19,Low
2003-09-02,2.2,Low
2003-09-03,2.2,Low
2003-09-04,2.2,Low
2003-09-05,2.2,Low
2003-09-06,2.19,Low
2003-09-07,2.19,Low
2003-09-08,2.18,Low
2003-09-09,2.18,Low
2003-09-10,2.18,Low
2003-09-11,2.18,Low
2003-09-12,2.19,Low
2003-09-13,2.19,Low
2003-09-14,2.19,Low
2003-09-15,2.2,Low
2003-09-16,2.21,Low
2003-09-17,2.22,Low
2003-09-18,2.22,Low
2003-09-19,2.24,Low
2003-09-20,2.24,Low
2003-09-21,2.22,Low
2003-09-22,2.22,Low
2003-09-23,2.21,Low
2003-09-24,2.21,Low
2003-09-25,2.21,Low
2003-09-26,2.21,Low
2003-09-27,2.2,Low
2003-09-28,2.21,Low
2003-09-29,2.21,Low
2003-09-30,2.19,Low
2003-10-01,2.18,Low
2003-10-02,2.18,Low
2003-10-03,2.21,Low
2003-10-04,2.23,Low
2003-10-05,2.26,Low
2003-10-06,2.26,Low
2003-10-07,2.27,Low
2003-10-08,2.27,Low
2003-10-09,2.27,Low
2003-10-10,2.28,Low
2003-10-11,2.32,Low
2003-10-12,2.3,Low
2003-10-13,2.3,Low
2003-10-14,2.3,Low
2003-10-15,2.3,Low
2003-10-16,2.3,Low
2003-10-17,2.3,Rising
2003-10-18,2.3,Rising
2003-10-19,2.3,Rising
2003-10-20,2.3,Rising
2003-10-21,2.29,Rising
2003-10-22,2.3,Rising
2003-10-23,2.28,Rising
2003-10-24,2.24,Rising
2003-10-25,2.21,Rising
2003-10-26,2.2,Rising
2003-10-27,2.25,Rising
2003-10-28,2.27,Rising
2003-10-29,2.28,Rising
2003-10-30,2.31,Rising
2003-10-31,2.32,Rising
2003-11-01,2.35,Rising
2003-11-02,2.36,Rising
2003-11-03,2.37,Rising
2003-11-04,2.38,Rising
2003-11-05,2.38,Rising
2003-11-06,2.4,Rising
2003-11-07,2.4,Falling
2003-11-08,2.4,Rising
2003-11-09,2.42,Rising
2003-11-10,2.43,Rising
2003-11-11,2.44,Rising
2003-11-12,2.45,Rising
2003-11-13,2.48,Rising
2003-11-14,2.5,Rising
2003-11-15,2.49,Rising
2003-11-16,2.47,Falling
2003-11-17,2.43,Falling
2003-11-18,2.38,Falling
2003-11-19,2.34,Falling
2003-11-20,2.31,Falling
2003-11-21,2.29,Falling
2003-11-22,2.29,Rising
2003-11-23,2.29,Rising
2003-11-24,2.29,Rising
2003-11-25,2.3,Rising
2003-11-26,2.31,Rising
2003-11-27,2.31,Rising
2003-11-28,2.32,Rising
2003-11-29,2.32,Rising
2003-11-30,2.32,Rising
2003-12-01,2.32,Rising
2003-12-02,2.32,Rising
2003-12-03,2.33,Rising
2003-12-04,2.34,Rising
2003-12-05,2.35,Rising
2003-12-06,2.41,Rising
2003-12-07,2.43,Rising
2003-12-08,2.43,Rising
2003-12-09,2.44,Rising
2003-12-10,2.46,Rising
2003-12-11,2.49,Rising
2003-12-12,2.51,Rising
2003-12-13,2.51,Rising
2003-12-14,2.53,Rising
2003-12-15,2.55,Rising
2003-12-16,2.56,Rising
2003-12-17,2.59,Rising
2003-12-18,2.61,Rising
2003-12-19,2.64,Rising
2003-12-20,2.66,Rising
2003-12-21,2.69,Rising
2003-12-22,2.71,Rising
2003-12-23,2.74,Rising
2003-12-24,2.78,Rising
2003-12-25,2.82,Rising
2003-12-26,2.84,Rising
2003-12-27,2.86,Rising
2003-12-28,2.88,Rising
2003-12-29,2.91,Rising
2003-12-30,2.92,Rising
2003-12-31,2.9,Rising
2004-01-01,2.9,Rising
2004-01-02,2.85,Rising
2004-01-03,2.65,Rising
2004-01-04,2.75,Rising
2004-01-05,2.77,Rising
2004-01-06,2.73,Rising
2004-01-07,2.69,Rising
2004-01-08,2.69,Rising
2004-01-09,2.68,Rising
2004-01-10,2.68,Rising
2004-01-11,2.7,Rising
2004-01-12,2.71,Rising
2004-01-13,2.72,Rising
2004-01-14,2.77,Rising
2004-01-15,2.82,Rising
2004-01-16,2.84,Rising
2004-01-17,2.85,Rising
2004-01-18,2.86,Rising
2004-01-19,2.85,Rising
2004-01-20,2.85,Rising
2004-01-21,2.84,Rising
2004-01-22,2.85,Rising
2004-01-23,2.84,Rising
2004-01-24,2.85,Rising
2004-01-25,2.88,High
2004-01-26,2.9,High
2004-01-27,2.92,High
2004-01-28,2.95,High
2004-01-29,2.98,High
2004-01-30,3.01,High
2004-01-31,3.05,High
2004-02-01,3.14,High
2004-02-02,3.2,High
2004-02-03,3.23,High
2004-02-04,3.28,High
2004-02-05,3.4,High
2004-02-06,3.62,High
2004-02-07,3.85,High
2004-02-08,4.11,High
2004-02-09,4.3,High
2004-02-10,4.43,High
2004-02-11,4.49,High
2004-02-12,4.55,High
2004-02-13,4.63,High
2004-02-14,4.69,High
2004-02-15,4.74,High
2004-02-16,4.74,High
2004-02-17,4.75,High
2004-02-18,4.82,High
2004-02-19,4.85,High
2004-02-20,4.86,High
2004-02-21,4.87,High
2004-02-22,4.88,High
2004-02-23,4.9,High
2004-02-24,4.92,High
2004-02-25,4.94,High
2004-02-26,4.95,High
2004-02-27,4.94,High
2004-02-28,4.94,High
2004-02-29,4.92,High
2004-03-01,4.89,High
2004-03-02,4.86,High
2004-03-03,4.84,High
2004-03-04,4.83,High
2004-03-05,4.82,High
2004-03-06,4.83,High
2004-03-07,4.89,High
2004-03-08,4.96,High
2004-03-09,5.02,High
2004-03-10,5.06,High
2004-03-11,5.06,High
2004-03-12,5.04,High
2004-03-13,5.0,High
2004-03-14,4.95,High
2004-03-15,4.9,High
2004-03-16,4.85,High
2004-03-17,4.81,High
2004-03-18,4.73,High
2004-03-19,4.68,High
2004-03-20,4.62,High
2004-03-21,4.55,High
2004-03-22,4.5,High
2004-03-23,4.45,High
2004-03-24,4.4,High
2004-03-25,4.34,High
2004-03-26,4.29,High
2004-03-27,4.18,High
2004-03-28,4.13,High
2004-03-29,4.07,High
2004-03-30,4.03,High
2004-03-31,3.97,High
2004-04-01,3.93,High
2004-04-02,3.88,High
2004-04-03,3.85,High
2004-04-04,3.81,High
2004-04-05,3.79,High
2004-04-06,3.75,High
2004-04-07,3.72,High
2004-04-08,3.72,High
2004-04-09,3.68,High
2004-04-10,3.58,High
2004-04-11,3.48,High
2004-04-12,3.39,High
2004-04-13,3.29,High
2004-04-14,3.19,High
2004-04-15,3.13,High
2004-04-16,3.1,High
2004-04-17,3.1,High
2004-04-18,3.1,High
2004-04-19,3.08,High
2004-04-20,3.09,High
2004-04-21,3.11,High
2004-04-22,3.13,High
2004-04-23,3.15,High
2004-04-24,3.14,High
2004-04-25,3.13,High
2004-04-26,3.1,High
2004-04-27,3.08,High
2004-04-28,3.06,High
2004-04-29,3.03,High
2004-04-30,3.01,High
2004-05-01,3.0,High
2004-05-02,2.96,High
2004-05-03,2.94,Falling
2004-05-04,2.94,Falling
2004-05-05,2.94,Falling
2004-05-06,2.96,Falling
2004-05-07,2.93,Falling
2004-05-08,2.92,Falling
2004-05-09,2.94,Falling
2004-05-10,2.92,Falling
2004-05-11,2.92,Falling
2004-05-12,2.93,Falling
2004-05-13,2.93,Falling
2004-05-14,2.93,Falling
2004-05-15,2.92,Falling
2004-05-16,2.92,Falling
2004-05-17,2.91,Falling
2004-05-18,2.92,Falling
2004-05-19,2.92,Falling
2004-05-20,2.9,Falling
2004-05-21,2.89,Falling
2004-05-22,2.85,Falling
2004-05-23,2.83,Falling
2004-05-24,2.83,Falling
2004-05-25,2.82,Falling
2004-05-26,2.81,Falling
2004-05-27,2.79,Falling
2004-05-28,2.75,Falling
2004-05-29,2.73,Falling
2004-05-30,2.72,Falling
2004-05-31,2.7,Falling
2004-06-01,2.69,Falling
2004-06-02,2.67,Falling
2004-06-03,2.65,Falling
2004-06-04,2.64,Falling
2004-06-05,2.62,Falling
2004-06-06,2.6,Falling
2004-06-07,2.58,Falling
2004-06-08,2.56,Falling
2004-06-09,2.56,Falling
2004-06-10,2.53,Falling
2004-06-11,2.5,Falling
2004-06-12,2.55,Falling
2004-06-13,2.53,Falling
2004-06-14,2.52,Falling
2004-06-15,2.51,Falling
2004-06-16,2.5,Falling
2004-06-17,2.49,Falling
2004-06-18,2.48,Falling
2004-06-19,2.47,Falling
2004-06-20,2.46,Falling
2004-06-21,2.45,Falling
2004-06-22,2.44,Falling
2004-06-23,2.42,Falling
2004-06-24,2.41,Falling
2004-06-25,2.4,Falling
2004-06-26,2.38,Falling
2004-06-27,2.36,Falling
2004-06-28,2.33,Falling
2004-06-29,2.32,Falling
2004-06-30,2.34,Falling
2004-07-01,2.32,Falling
2004-07-02,2.29,Falling
2004-07-03,2.25,Falling
2004-07-04,2.23,Falling
2004-07-05,2.19,Falling
2004-07-06,2.17,Falling
2004-07-07,2.13,Falling
2004-07-08,2.19,Falling
2004-07-09,2.21,Falling
2004-07-10,2.22,Falling
2004-07-11,2.24,Falling
2004-07-12,2.24,Falling
2004-07-13,2.22,Falling
2004-07-14,2.27,Falling
2004-07-15,2.31,Falling
2004-07-16,2.33,Falling
2004-07-17,2.35,Low
2004-07-18,2.37,Low
2004-07-19,2.38,Low
2004-07-20,2.4,Low
2004-07-21,2.41,Low
2004-07-22,2.4,Low
2004-07-23,2.37,Low
2004-07-24,2.32,Low
2004-07-25,2.33,Low
2004-07-26,2.3,Low
2004-07-27,2.23,Low
2004-07-28,2.2,Low
2004-07-29,2.18,Low
2004-07-30,2.15,Low
2004-07-31,2.14,Low
2004-08-01,2.16,Low
2004-08-02,2.19,Low
2004-08-03,2.19,Low
2004-08-04,2.22,Low
2004-08-05,2.23,Low
2004-08-06,2.23,Low
2004-08-07,2.23,Low
2004-08-08,2.22,Low
2004-08-09,2.2,Low
2004-08-10,2.2,Low
2004-08-11,2.17,Low
2004-08-12,2.1,Low
2004-08-13,2.07,Low
2004-08-14,2.04,Low
2004-08-15,2.02,Low
2004-08-16,2.01,Low
2004-08-17,1.99,Low
2004-08-18,1.99,Low
2004-08-19,1.99,Low
2004-08-20,1.98,Low
2004-08-21,1.97,Low
2004-08-22,1.98,Low
2004-08-23,1.99,Low
2004-08-24,2.0,Low
2004-08-25,2.01,Low
2004-08-26,2.02,Low
2004-08-27,2.04,Low
2004-08-28,2.05,Low
2004-08-29,2.03,Low
2004-08-30,2.04,Low
2004-08-31,2.06,Low
2004-09-01,2.05,High
2004-09-02,2.02,High
2004-09-03,2.04,High
2004-09-04,2.0,High
2004-09-05,1.99,High
2004-09-06,1.99,High
2004-09-07,1.99,High
2004-09-08,1.98,High
2004-09-09,1.98,High
2004-09-10,1.99,High
2004-09-11,2.01,High
2004-09-12,2.02,High
2004-09-13,2.04,High
2004-09-14,2.05,High
2004-09-15,2.0,High
2004-09-16,1.96,High
2004-09-17,1.95,High
2004-09-18,1.94,High
2004-09-19,1.96,High
2004-09-20,1.99,Falling
2004-09-21,1.99,Falling
2004-09-22,1.99,Falling
2004-09-23,1.99,Falling
2004-09-24,1.99,High
2004-09-25,1.99,High
2004-09-26,1.99,High
2004-09-27,1.99,Falling
2004-09-28,1.99,Falling
2005-07-22,1.98,Falling
2005-07-23,1.99,Falling
2005-07-24,1.98,Falling
2005-07-25,1.97,Falling
2005-07-26,1.98,Falling
2005-07-27,2.0,Falling
2005-07-28,2.01,Falling
2005-07-29,2.01,Falling
2005-07-30,2.01,Falling
2005-07-31,2.0,Falling
2005-08-01,1.99,Falling
2005-08-02,1.98,Falling
2005-08-03,1.98,Falling
2005-08-04,1.98,Falling
2005-08-05,1.98,Falling
2005-08-06,1.97,Falling
2005-08-07,1.97,Falling
2005-08-08,1.96,Falling
2005-08-09,1.96,Falling
2005-08-10,1.95,Falling
2005-08-11,1.94,Low
2005-08-12,1.94,Low
2005-08-13,1.94,Low
2005-08-14,1.94,Low
2005-08-15,1.92,Low
2005-08-16,1.9,Low
2005-08-17,1.87,Low
2005-08-18,1.87,Low
2005-08-19,1.84,Low
2005-08-20,1.84,Low
2005-08-21,1.84,Low
2005-08-22,1.88,Low
2005-08-23,1.9,Low
2005-08-24,1.9,Low
2005-08-25,1.9,Low
2005-08-26,1.9,Low
2005-08-27,1.9,Low
2005-08-28,1.9,Low
2005-08-29,1.82,Low
2005-08-30,1.87,Low
2005-08-31,1.86,Low
2005-09-01,1.98,Low
2005-09-02,1.98,Low
2005-09-03,1.97,Low
2005-09-04,1.96,Low
2005-09-05,1.85,Low
2005-09-06,1.85,Low
2005-09-07,1.85,Low
2005-09-08,1.94,Low
2005-09-09,1.94,Low
2005-09-10,1.93,Low
2005-09-11,1.93,Low
2005-09-12,1.92,Low
2005-09-13,1.9,Low
2005-09-14,1.9,Low
2005-09-15,1.92,Low
2005-09-16,1.92,Low
2005-09-17,1.88,Low
2005-09-18,1.86,Low
2005-09-19,1.86,Low
2005-09-20,1.82,Low
2005-09-21,1.87,Low
2005-09-22,1.84,Low
2005-09-23,1.85,Low
2005-09-24,1.86,Low
2005-09-25,1.98,Rising
2005-09-26,2.02,Rising
2005-09-27,2.03,Rising
2005-09-28,2.04,Rising
2005-09-29,2.05,Rising
2005-09-30,2.06,Rising
2005-10-01,2.02,Rising
2005-10-02,2.03,Rising
2005-10-03,2.05,Rising
2005-10-04,2.07,Rising
2005-10-05,2.09,Rising
2005-10-06,2.11,Rising
2005-10-07,2.12,Rising
2005-10-08,2.13,Rising
2005-10-09,2.12,Rising
2005-10-10,2.2,Rising
2005-10-11,2.21,Rising
2005-10-12,2.13,Rising
2005-10-13,2.11,Rising
2005-10-14,2.12,Rising
2005-10-15,2.06,Rising
2005-10-16,2.07,Rising
2005-10-17,2.06,Rising
2005-10-18,2.07,Rising
2005-10-19,2.06,Rising
2005-10-20,2.06,Rising
2005-10-21,2.06,Rising
2005-10-22,2.08,Rising
2005-10-23,2.13,Rising
2005-10-24,2.16,Rising
2005-10-25,2.11,Rising
2005-10-26,2.17,Falling
2005-10-27,2.13,Falling
2005-10-28,2.12,Rising
2005-10-29,2.14,Rising
2005-10-30,2.11,Rising
2005-10-31,2.16,Rising
2006-07-01,2.28,High
2006-07-02,2.27,High
2006-07-03,2.27,High
2006-07-04,2.26,High
2006-07-05,2.26,High
2006-07-06,2.25,High
2006-07-07,2.25,High
2006-07-08,2.23,High
2006-07-09,2.23,High
2006-07-10,2.23,High
2006-07-11,2.24,High
2006-07-12,2.24,High
2006-07-13,2.24,High
2006-07-14,2.22,High
2006-07-15,2.21,High
2006-07-16,2.19,High
2006-07-17,2.19,High
2006-07-18,2.18,High
2006-07-19,2.17,High
2006-07-20,2.15,High
2006-07-21,2.14,Falling
2006-07-22,2.12,Falling
2006-07-23,2.11,Falling
2006-07-24,2.11,Falling
2006-07-25,2.1,Falling
2006-07-26,2.1,Falling
2006-07-27,2.1,Falling
2006-07-28,2.09,Falling
2006-07-29,2.09,Falling
2006-07-30,2.09,Falling
2006-07-31,2.09,Falling
2006-08-01,2.09,Falling
2006-08-02,2.09,Falling
2006-08-03,2.1,Falling
2006-08-04,2.1,Falling
2006-08-05,2.08,Falling
2006-08-06,2.05,Falling
2006-08-07,2.03,Falling
2006-08-08,2.01,Falling
2006-08-09,2.01,Falling
2006-08-10,1.99,Falling
2006-08-11,1.99,Falling
2006-08-12,1.99,Falling
2006-08-13,1.98,Falling
2006-08-14,1.98,Falling
2006-08-15,1.98,Falling
2006-08-16,1.98,Falling
2006-08-17,1.98,Falling
2006-08-18,1.98,Falling
2006-08-19,1.97,Falling
2006-08-20,1.97,Low
2006-08-21,1.96,Low
2006-08-22,1.96,Low
2006-08-23,1.95,Low
2006-08-24,1.94,Low
2006-08-25,1.94,Low
2006-08-26,1.93,Low
2006-08-27,1.93,Low
2006-08-28,1.93,Low
2006-08-29,1.93,Low
2006-08-30,1.92,Low
2006-08-31,1.92,Low
2006-09-01,1.92,Low
2006-09-02,1.92,Low
2006-09-03,1.91,Low
2006-09-04,1.9,Low
2006-09-05,1.9,Low
2006-09-06,1.89,Low
2006-09-07,1.89,Low
2006-09-08,1.89,Low
2006-09-09,1.89,Low
2006-09-10,1.88,Low
2006-09-11,1.88,Low
2006-09-12,1.87,Low
2006-09-13,1.87,Low
2006-09-14,1.86,Low
2006-09-15,1.9,Low
2006-09-16,1.97,Low
2006-09-17,2.02,Low
2006-09-18,2.05,Low
2006-09-19,2.09,Low
2006-09-20,2.11,Low
2006-09-21,2.11,Low
2006-09-22,2.09,Low
2006-09-23,2.08,Low
2006-09-24,2.07,Low
2006-09-25,2.05,Low
2006-09-26,2.05,Low
2006-09-27,2.03,Low
2006-09-28,2.01,Low
2006-09-29,2.0,Low
2006-09-30,1.99,Low
2006-10-01,1.99,Low
2006-10-02,2.0,Low
2006-10-03,2.01,Low
2006-10-04,2.02,Low
2006-10-05,2.03,Low
2006-10-06,2.07,Low
2006-10-07,2.11,Low
2006-10-08,2.13,Low
2006-10-09,2.15,Low
2006-10-10,2.15,Low
2006-10-11,2.15,Low
2006-10-12,2.19,Rising
2006-10-13,2.21,Rising
2006-10-14,2.2,Rising
2006-10-15,2.2,Rising
2006-10-16,2.2,Rising
2006-10-17,2.2,Rising
2006-10-18,2.2,Rising
2006-10-19,2.2,Rising
2006-10-20,2.21,Rising
2006-10-21,2.21,Rising
2006-10-22,2.21,Rising
2006-10-23,2.21,Rising
2006-10-24,2.21,Falling
2006-10-25,2.2,Falling
2006-10-26,2.17,Falling
2006-10-27,2.16,Falling
2006-10-28,2.13,Falling
2006-10-29,2.12,Falling
2006-10-30,2.12,Falling
2006-10-31,2.11,Rising
2006-11-01,2.1,Rising
2006-11-02,2.1,Rising
2006-11-03,2.11,Rising
2006-11-04,2.11,Rising
2006-11-05,2.14,Rising
2006-11-06,2.16,Rising
2006-11-07,2.12,Rising
2006-11-08,2.14,Rising
2006-11-09,2.12,Rising
2006-11-10,2.14,Rising
2006-11-11,2.17,Rising
2006-11-12,2.19,Rising
2006-11-13,2.2,Rising
2006-11-14,2.22,Rising
2006-11-15,2.23,Rising
2006-11-16,2.24,Rising
2006-11-17,2.26,Rising
2006-11-18,2.27,Rising
2006-11-19,2.29,Rising
2006-11-20,2.3,Rising
2006-11-21,2.32,Rising
2006-11-22,2.33,Rising
2006-11-23,2.36,Rising
2006-11-24,2.35,Rising
2006-11-25,2.38,Rising
2006-11-26,2.37,Rising
2006-11-27,2.36,Rising
2006-11-28,2.36,Rising
2006-11-29,2.4,Rising
2006-11-30,2.38,Rising
2006-12-01,2.38,Rising
2006-12-02,2.38,Rising
2006-12-03,2.39,Rising
2006-12-04,2.39,Rising
2006-12-05,2.42,Rising
2006-12-06,2.47,Rising
2006-12-07,2.51,Rising
2006-12-08,2.52,Rising
2006-12-09,2.54,Rising
2006-12-10,2.59,Rising
2006-12-11,2.63,Rising
2006-12-12,2.64,Rising
2006-12-13,2.68,Rising
2006-12-14,2.71,Rising
2007-01-29,4.25,High
2007-01-30,4.33,High
2007-01-31,4.31,High
2007-02-01,4.31,High
2007-02-02,4.32,High
2007-02-03,4.32,High
2007-02-04,4.34,High
2007-02-05,4.39,High
2007-02-06,4.43,High
2007-02-07,4.47,High
2007-02-08,4.52,High
2007-02-09,4.64,High
2007-02-10,4.7,High
2007-02-11,4.76,High
2007-02-12,4.8,High
2007-02-13,4.84,High
2007-02-14,4.86,High
2007-02-15,4.89,High
2007-02-16,4.91,High
2007-02-17,4.94,High
2007-02-18,4.96,High
2007-02-19,4.97,High
2007-02-20,4.97,High
2007-02-21,4.95,High
2007-02-22,4.95,High
2007-02-23,4.95,High
2007-02-24,4.95,High
2007-02-25,4.95,High
2007-02-26,4.96,High
2007-02-27,4.97,High
2007-02-28,4.97,High
2007-03-01,4.96,High
2007-03-02,4.94,High
2007-03-03,4.93,High
2007-03-04,4.93,High
2007-03-05,4.93,High
2007-03-06,4.93,High
2007-03-07,4.93,High
2007-03-08,4.92,High
2007-03-09,4.9,High
2007-03-10,4.87,High
2007-03-11,4.83,High
2007-03-12,4.79,High
2007-03-13,4.74,High
2007-03-14,4.7,High
2007-03-15,4.69,High
2007-03-16,4.67,High
2007-03-17,4.65,High
2007-03-18,4.66,High
2007-03-19,4.66,High
2007-03-20,4.65,High
2007-03-21,4.64,High
2007-03-22,4.62,High
2007-03-23,4.58,High
2007-03-24,4.57,High
2007-03-25,4.52,High
2007-03-26,4.47,High
2007-03-27,4.4,High
2007-03-28,4.32,High
2007-03-29,4.23,High
2007-03-30,4.15,High
2007-03-31,4.07,High
2007-04-01,4.01,High
2007-04-02,3.95,High
2007-04-03,3.91,High
2007-04-04,3.86,High
2007-04-05,3.87,High
2007-04-06,3.84,High
2007-04-07,3.81,High
2007-04-08,3.78,High
2007-04-09,3.75,High
2007-04-10,3.7,High
2007-04-11,3.65,High
2007-04-12,3.55,High
2007-04-13,3.48,High
2007-04-14,3.4,High
2007-04-15,3.35,High
2007-04-16,3.3,High
2007-04-17,3.26,High
2007-04-18,3.2,High
2007-04-19,3.17,High
2007-04-20,3.12,High
2007-04-21,3.05,Falling
2007-04-22,2.99,Falling
2007-04-23,2.94,Falling
2007-04-24,2.9,Falling
2007-04-25,2.85,Falling
2007-04-26,2.8,Falling
2007-04-27,2.76,Falling
2007-04-28,2.72,Falling
2007-04-29,2.68,Falling
2007-04-30,2.66,Falling
2007-05-01,2.63,Falling
2007-05-02,2.61,Falling
2007-05-03,2.6,Falling
2007-05-04,2.58,Falling
2007-05-05,2.57,Falling
2007-05-06,2.56,Falling
2007-05-07,2.55,Falling
2007-05-08,2.54,Falling
2007-05-09,2.53,Falling
2007-05-10,2.53,Falling
2007-05-11,2.52,Falling
2007-05-12,2.51,Falling
2007-05-13,2.51,Falling
2007-05-14,2.5,Falling
2007-05-15,2.49,Falling
2007-05-16,2.47,Falling
2007-05-17,2.45,Falling
2007-05-18,2.43,Falling
2007-05-19,2.4,Falling
2007-05-20,2.39,Falling
2007-05-21,2.38,Falling
2007-05-22,2.38,Falling
2007-05-23,2.43,Falling
2007-05-24,2.43,Falling
2007-05-25,2.45,Falling
2007-05-26,2.45,Rising
2007-05-27,2.46,Falling
2007-05-28,2.46,Falling
2007-05-29,2.46,Falling
2007-05-30,2.47,Falling
2007-05-31,2.47,Falling
2007-06-01,2.48,Falling
2007-06-02,2.49,Falling
2007-06-03,2.49,Falling
2007-06-04,2.5,Falling
2007-06-05,2.51,Falling
2007-06-06,2.52,Falling
2007-06-07,2.52,Falling
2007-06-08,2.53,Falling
2007-06-09,2.54,Falling
2007-06-10,2.52,Falling
2007-06-11,2.5,Falling
2007-06-12,2.47,Falling
2007-06-13,2.44,Falling
2007-06-14,2.42,Falling
2007-06-15,2.4,Falling
2007-06-16,2.38,Falling
2007-06-17,2.35,Falling
2007-06-18,2.33,Falling
2007-06-19,2.32,Falling
2007-06-20,2.31,Falling
2007-06-21,2.29,Falling
2007-06-22,2.29,Falling
2007-06-23,2.27,Falling
2007-06-24,2.27,Falling
2007-06-25,2.25,Falling
2007-06-26,2.25,Falling
2007-06-27,2.24,Falling
2007-06-28,2.23,Falling
2007-06-29,2.22,Falling
2007-06-30,2.21,Falling
2007-07-01,2.2,Falling
2007-07-02,2.2,Falling
2007-07-03,2.19,Falling
2007-07-04,2.19,Falling
2007-07-05,2.19,Falling
2007-07-06,2.18,Falling
2007-07-07,2.17,Falling
2007-07-08,2.16,Falling
2007-07-09,2.15,Falling
2007-07-10,2.15,Falling
2007-07-11,2.14,Falling
2007-07-12,2.13,Falling
2007-07-13,2.13,Falling
2007-07-14,2.13,Falling
2007-07-15,2.13,Falling
2007-07-16,2.13,Falling
2007-07-17,2.12,Falling
2007-07-18,2.14,Falling
2007-07-19,2.14,Falling
2007-07-20,2.14,Falling
2007-07-21,2.14,Falling
2007-07-22,2.14,Low
2007-07-23,2.13,Low
2007-07-24,2.13,Low
2007-07-25,2.13,Low
2007-07-26,2.12,Low
2007-07-27,2.12,Low
2007-07-28,2.12,Low
2007-07-29,2.12,Low
2007-07-30,2.12,Low
2007-07-31,2.11,Low
2007-08-01,2.1,Low
2007-08-02,2.09,Low
2007-08-03,2.08,Low
2007-08-04,2.07,Low
2007-08-05,2.05,Low
2007-08-06,2.05,Low
2007-08-07,2.05,Low
2007-08-08,2.04,Low
2007-08-09,2.03,Low
2007-08-10,2.02,Low
2007-08-11,2.01,Low
2007-08-12,2.01,Low
2007-08-13,2.01,Low
2007-08-14,2.0,Low
2007-08-15,1.99,Low
2007-08-16,1.99,Low
2007-08-17,1.99,Low
2007-08-18,1.99,Low
2007-08-19,1.99,Low
2007-08-20,1.99,Low
2007-08-21,1.99,Low
2007-08-22,1.99,Low
2007-08-23,1.99,Low
2007-08-24,1.99,Low
2007-08-25,1.99,Low
2007-08-26,1.99,Low
2007-08-27,1.99,Low
2007-08-28,1.99,Low
2007-08-29,1.99,Low
2007-08-30,1.98,Low
2007-08-31,1.97,Low
2007-09-01,1.96,Low
2007-09-02,1.95,Low
2007-09-03,1.94,Low
2007-09-04,1.93,Low
2007-09-05,1.92,Low
2007-09-06,1.92,Low
2007-09-07,1.91,Low
2007-09-08,1.9,Low
2007-09-09,1.89,Low
2007-09-10,1.89,Low
2007-09-11,1.88,Low
2007-09-12,1.88,Low
2007-09-13,1.88,Low
2007-09-14,1.88,Low
2007-09-15,1.87,Low
2007-09-16,1.87,Low
2007-09-17,1.87,Low
2007-09-18,1.87,Low
2007-09-19,1.86,Low
2007-09-20,1.86,Low
2007-09-21,1.86,Low
2007-09-22,1.86,Low
2007-09-23,1.85,Low
2007-09-24,1.85,Low
2007-09-25,1.85,Low
2007-09-26,1.85,Low
2007-09-27,1.84,Low
2007-09-28,1.84,Low
2007-09-29,1.84,Low
2007-09-30,1.84,Low
2007-10-01,1.84,Low
2007-10-02,1.84,Low
2007-10-03,1.84,Low
2007-10-04,1.84,Low
2007-10-05,1.84,Low
2007-10-06,1.83,Low
2007-10-07,1.83,Low
2007-10-08,1.82,Low
2007-10-09,1.82,Low
2007-10-10,1.83,Low
2007-10-11,1.83,Low
2007-10-12,1.84,Low
2007-10-13,1.84,Low
2007-10-14,1.84,Low
2007-10-15,1.84,Low
2007-10-16,1.84,Low
2007-10-17,1.84,Low
2007-10-18,1.84,Low
2007-10-19,1.85,Low
2007-10-20,1.85,Low
2007-10-21,1.86,Low
2007-10-22,1.87,Low
2007-10-23,1.88,Low
2007-10-24,1.9,Low
2007-10-25,1.93,Low
2007-10-26,1.95,Low
2007-10-27,1.98,Low
2007-10-28,2.01,Low
2007-10-29,2.05,Low
2007-10-30,2.08,Low
2007-10-31,2.1,Low
2007-11-01,2.12,Low
2007-11-02,2.13,Low
2007-11-03,2.14,Low
2007-11-04,2.15,Low
2007-11-05,2.16,Low
2007-11-06,2.16,Low
2007-11-07,2.16,Low
2007-11-08,2.14,Low
2007-11-09,2.12,Low
2007-11-10,2.1,Low
2007-11-11,2.08,Low
2007-11-12,2.07,Low
2007-11-13,2.07,Low
2007-11-14,2.08,Low
2007-11-15,2.1,Low
2007-11-16,2.12,Low
2007-11-17,2.15,Rising
2007-11-18,2.15,Low
2007-11-19,2.15,Low
2007-11-20,2.18,Rising
2007-11-21,2.18,Rising
2007-11-22,2.19,Rising
2007-11-23,2.2,Rising
2007-11-24,2.24,Rising
2007-11-25,2.25,Rising
2007-11-26,2.22,Rising
2007-11-27,2.21,Rising
2007-11-28,2.21,Rising
2007-11-29,2.18,Rising
2007-11-30,2.16,Rising
2007-12-01,2.13,Rising
2007-12-02,2.12,Rising
2007-12-03,2.14,Rising
2007-12-04,2.16,Rising
2007-12-05,2.17,Rising
2007-12-06,2.2,Rising
2007-12-07,2.2,Rising
2007-12-08,2.21,Rising
2007-12-09,2.22,Rising
2007-12-10,2.23,Rising
2007-12-11,2.24,Rising
2007-12-12,2.24,Rising
2007-12-13,2.24,Rising
2007-12-14,2.25,Rising
2007-12-15,2.27,Rising
2007-12-16,2.27,Rising
2007-12-17,2.29,Rising
2007-12-18,2.31,Rising
2007-12-19,2.35,Rising
2007-12-20,2.37,Rising
2007-12-21,2.37,Rising
2007-12-22,2.38,Rising
2007-12-23,2.4,Rising
2007-12-24,2.41,Rising
2007-12-25,2.43,Rising
2007-12-26,2.46,Rising
2007-12-27,2.49,Rising
2007-12-28,2.51,Rising
2007-12-29,2.51,Rising
2007-12-30,2.51,Rising
2007-12-31,2.5,Rising
2008-01-01,2.51,Rising
2008-01-02,2.51,Rising
2008-01-03,2.5,Rising
2008-01-04,2.49,Rising
2008-01-05,2.49,Rising
2008-01-06,2.5,Rising
2008-01-07,2.5,Rising
2008-01-08,2.5,Rising
2008-01-09,2.49,Rising
2008-01-10,2.5,Rising
2008-01-11,2.51,Rising
2008-01-12,2.52,Rising
2008-01-13,2.51,Rising
2008-01-14,2.5,Rising
2008-01-15,2.49,Rising
2008-01-16,2.5,Rising
2008-01-17,2.5,Rising
2008-01-18,2.48,Rising
2008-01-19,2.47,Rising
2008-01-20,2.48,Rising
2008-01-21,2.5,Rising
2008-01-22,2.53,Rising
2008-01-23,2.57,Rising
2008-01-24,2.61,Rising
2008-01-25,2.68,Rising
2008-01-26,2.73,Rising
2008-01-27,2.76,Rising
2008-01-28,2.81,Rising
2008-01-29,2.86,Rising
2008-01-30,2.9,Rising
2008-01-31,2.96,Rising
2008-02-01,3.05,Rising
2008-02-02,3.17,Rising
2008-02-03,3.33,Rising
2008-02-04,3.49,Rising
2008-02-05,3.72,Rising
2008-02-06,3.87,Rising
2008-02-07,4.02,Rising
2008-02-08,4.18,Rising
2008-02-09,4.3,Rising
2008-02-10,4.41,Rising
2008-02-11,4.49,High
2008-02-12,4.58,High
2008-02-13,4.7,High
2008-02-14,4.82,High
2008-02-15,4.88,High
2008-02-16,4.92,High
2008-02-17,4.94,High
2008-02-18,4.94,High
2008-02-19,4.93,High
2008-02-20,4.91,High
2008-02-21,4.87,High
2008-02-22,4.83,High
2008-02-23,4.81,High
2008-02-24,4.8,High
2008-02-25,4.79,High
2008-02-26,4.77,High
2008-02-27,4.77,High
2008-02-28,4.76,High
2008-02-29,4.76,High
2008-03-01,4.75,High
2008-03-02,4.73,High
2008-03-03,4.71,High
2008-03-04,4.68,High
2008-03-05,4.66,High
2008-03-06,4.63,High
2008-03-07,4.6,High
2008-03-08,4.56,High
2008-03-09,4.53,High
2008-03-10,4.52,High
2008-03-11,4.51,High
2008-03-12,4.5,High
2008-03-13,4.51,High
2008-03-14,4.6,High
2008-03-15,4.6,High
2008-03-16,4.6,High
2008-03-17,4.61,High
2008-03-18,4.63,High
2008-03-19,4.66,High
2008-03-20,4.7,High
2008-03-21,4.74,High
2008-03-22,4.77,High
2008-03-23,4.79,High
2008-03-24,4.79,High
2008-03-25,4.78,High
2008-03-26,4.77,High
2008-03-27,4.77,High
2008-03-28,4.76,High
2008-03-29,4.78,High
2008-03-30,4.76,High
2008-03-31,4.75,High
2008-04-01,4.73,High
2008-04-02,4.73,High
2008-04-03,4.72,High
2008-04-04,4.72,High
2008-04-05,4.72,High
2008-04-06,4.71,High
2008-04-07,4.71,High
2008-04-08,4.7,High
2008-04-09,4.68,High
2008-04-10,4.67,High
2008-04-11,4.65,High
2008-04-12,4.62,High
2008-04-13,4.6,High
2008-04-14,4.59,High
2008-04-15,4.59,High
2008-04-16,4.59,High
2008-04-17,4.6,High
2008-04-18,4.63,High
2008-04-19,4.68,High
2008-04-20,4.73,High
2008-04-21,4.77,High
2008-04-22,4.8,High
2008-04-23,4.81,High
2008-04-24,4.81,High
2008-04-25,4.78,High
2008-04-26,4.76,High
2008-04-27,4.72,High
2008-04-28,4.68,High
2008-04-29,4.63,High
2008-04-30,4.58,High
2008-05-01,4.51,High
2008-05-02,4.45,High
2008-05-03,4.38,High
2008-05-04,4.33,High
2008-05-05,4.28,High
2008-05-06,4.24,High
2008-05-07,4.21,High
2008-05-08,4.18,High
2008-05-09,4.14,High
2008-05-10,4.1,Falling
2008-05-11,4.05,Falling
2008-05-12,4.0,Falling
2008-05-13,3.93,Falling
2008-05-14,3.85,Falling
2008-05-15,3.77,Falling
2008-05-16,3.72,Falling
2008-05-17,3.69,Falling
2008-05-18,3.64,Falling
2008-05-19,3.59,Falling
2008-05-20,3.55,Falling
2008-05-21,3.5,Falling
2008-05-22,3.44,Falling
2008-05-23,3.39,Falling
2008-05-24,3.34,Falling
2008-05-25,3.29,Falling
2008-05-26,3.25,Falling
2008-05-27,3.22,Falling
2008-05-28,3.19,Falling
2008-05-29,3.18,Falling
2008-05-30,3.17,Falling
2008-05-31,3.16,Falling
2008-06-01,3.14,Falling
2008-06-02,3.13,Falling
2008-06-03,3.11,Falling
2008-06-04,3.09,Falling
2008-06-05,3.06,Falling
2008-06-06,3.03,Falling
2008-06-07,2.99,Falling
2008-06-08,2.95,Falling
2008-06-09,2.92,Falling
2008-06-10,2.89,Falling
2008-06-11,2.85,Falling
2008-06-12,2.83,Falling
2008-06-13,2.81,Falling
2008-06-14,2.78,Falling
2008-06-15,2.76,Falling
2008-06-16,2.74,Falling
2008-06-17,2.72,Falling
2008-06-18,2.7,Falling
2008-06-19,2.68,Falling
2008-06-20,2.67,Falling
2008-06-21,2.66,Falling
2008-06-22,2.65,Falling
2008-06-23,2.64,Falling
2008-06-24,2.62,Falling
2008-06-25,2.61,Falling
2008-06-26,2.6,Falling
2008-06-27,2.6,Falling
2008-06-28,2.59,Falling
2008-06-29,2.58,Falling
2008-06-30,2.57,Falling
2008-07-01,2.56,Falling
2008-07-02,2.55,Falling
2008-07-03,2.54,Falling
2008-07-04,2.54,Falling
2008-07-05,2.53,Falling
2008-07-06,2.53,Falling
2008-07-07,2.52,Falling
2008-07-08,2.5,Falling
2008-07-09,2.49,Falling
2008-07-10,2.48,Falling
2008-07-11,2.45,Falling
2008-07-12,2.42,Falling
2008-07-13,2.4,Falling
2008-07-14,2.37,Falling
2008-07-15,2.35,Falling
2008-07-16,2.33,Falling
2008-07-17,2.32,Falling
2008-07-18,2.3,Falling
2008-07-19,2.29,Falling
2008-07-20,2.29,Falling
2008-07-21,2.29,Falling
2008-07-22,2.28,Falling
2008-07-23,2.27,Falling
2008-07-24,2.26,Falling
2008-07-25,2.24,Falling
2008-07-26,2.23,Falling
2008-07-27,2.22,Falling
2008-07-28,2.22,Falling
2008-07-29,2.21,Falling
2008-07-30,2.2,Falling
2008-07-31,2.19,Falling
2008-08-01,2.18,Falling
2008-08-02,2.18,Falling
2008-08-03,2.19,Falling
2008-08-04,2.19,Falling
2008-08-05,2.19,Falling
2008-08-06,2.2,Falling
2008-08-07,2.2,Falling
2008-08-08,2.2,Falling
2008-08-09,2.2,Falling
2008-08-10,2.2,Falling
2008-08-11,2.2,Falling
2008-08-12,2.2,Falling
2008-08-13,2.21,Falling
2008-08-14,2.21,Falling
2008-08-15,2.2,Falling
2008-08-16,2.2,Falling
2008-08-17,2.19,Falling
2008-08-18,2.17,Falling
2008-08-19,2.17,Low
2008-08-20,2.15,Low
2008-08-21,2.14,Low
2008-08-22,2.13,Low
2008-08-23,2.12,Low
2008-08-24,2.12,Low
2008-08-25,2.11,Low
2008-08-26,2.1,Low
2008-08-27,2.09,Low
2008-08-28,2.09,Low
2008-08-29,2.09,Low
2008-08-30,2.08,Low
2008-08-31,2.07,Low
2008-09-01,2.07,Low
2008-09-02,2.06,Low
2008-09-03,2.06,Low
2008-09-04,2.06,Low
2008-09-05,2.05,Low
2008-09-06,2.04,Low
2008-09-07,2.04,Low
2008-09-08,2.04,Low
2008-09-09,2.04,Low
2008-09-10,2.04,Low
2008-09-11,2.04,Low
2008-09-12,2.03,Low
2008-09-13,2.02,Low
2008-09-14,2.02,Low
2008-09-15,2.02,Low
2008-09-16,2.01,Low
2008-09-17,2.01,Low
2008-09-18,1.99,Low
2008-09-19,1.99,Low
2008-09-20,1.99,Low
2008-09-21,1.99,Low
2008-09-22,1.99,Low
2008-09-23,1.99,Low
2008-09-24,1.99,Low
2008-09-25,1.98,Low
2008-09-26,1.97,Low
2008-09-27,1.96,Low
2008-09-28,1.98,Low
2008-09-29,1.99,Low
2008-09-30,1.99,Low
2008-10-01,2.0,Low
2008-10-02,1.99,Low
2008-10-03,1.98,Low
2008-10-04,1.96,Low
2008-10-05,1.96,Low
2008-10-06,1.96,Low
2008-10-07,1.97,Low
2008-10-08,1.99,Low
2008-10-09,2.0,Low
2008-10-10,2.01,Low
2008-10-11,2.04,Low
2008-10-12,2.06,Low
2008-10-13,2.07,Low
2008-10-14,2.08,Low
2008-10-15,2.09,Low
2008-10-16,2.09,Low
2008-10-17,2.1,Low
2008-10-18,2.12,Low
2008-10-19,2.12,Low
2008-10-20,2.13,Low
2008-10-21,2.15,Low
2008-10-22,2.16,Low
2008-10-23,2.16,Rising
2008-10-24,2.16,Rising
2008-10-25,2.19,Rising
2008-10-26,2.2,Rising
2008-10-27,2.2,Rising
2008-10-28,2.22,Rising
2008-10-29,2.23,Rising
2008-10-30,2.25,Rising
2008-10-31,2.27,Rising
2008-11-01,2.28,Rising
2008-11-02,2.29,Rising
2008-11-03,2.3,Rising
2008-11-04,2.3,Rising
2008-11-05,2.3,Rising
2008-11-06,2.29,Rising
2008-11-07,2.28,Rising
2008-11-08,2.27,Rising
2008-11-09,2.26,Rising
2008-11-10,2.23,Rising
2008-11-11,2.22,Rising
2008-11-12,2.21,Rising
2008-11-13,2.22,Rising
2008-11-14,2.2,Rising
2008-11-15,2.19,Rising
2008-11-16,2.19,Rising
2008-11-17,2.21,Falling
2008-11-18,2.21,Falling
2008-11-19,2.23,Falling
2008-11-20,2.26,Falling
2008-11-21,2.27,Falling
2008-11-22,2.28,Falling
2008-11-23,2.28,Falling
2008-11-24,2.28,Falling
2008-11-25,2.28,Falling
2008-11-26,2.28,Falling
2008-11-27,2.28,Falling
2008-11-28,2.28,Falling
2008-11-29,2.28,Falling
2008-11-30,2.28,Rising
2008-12-01,2.28,Rising
2008-12-02,2.28,Rising
2008-12-03,2.27,Rising
2008-12-04,2.25,Rising
2008-12-05,2.23,Falling
2008-12-06,2.2,Falling
2008-12-07,2.19,Falling
2008-12-08,2.18,Falling
2008-12-09,2.18,Falling
2008-12-10,2.18,Falling
2008-12-11,2.21,Rising
2008-12-12,2.21,Rising
2008-12-13,2.2,Rising
2008-12-14,2.21,Rising
2008-12-15,2.22,Rising
2008-12-16,2.22,Rising
2008-12-17,2.23,Rising
2008-12-18,2.23,Rising
2008-12-19,2.22,Rising
2008-12-20,2.21,Rising
2008-12-21,2.2,Rising
2008-12-22,2.22,Rising
2008-12-23,2.26,Rising
2008-12-24,2.27,Rising
2008-12-25,2.31,Rising
2008-12-26,2.35,Rising
2008-12-27,2.37,Rising
2008-12-28,2.41,Rising
2008-12-29,2.44,Rising
2008-12-30,2.47,Rising
2008-12-31,2.48,Rising
2009-01-01,2.49,Rising
2009-01-02,2.5,Rising
2009-01-03,2.53,Rising
2009-01-04,2.54,Rising
2009-01-05,2.56,Rising
2009-01-06,2.57,Rising
2009-01-07,2.6,Rising
2009-01-08,2.62,Rising
2009-01-09,2.66,Rising
2009-01-10,2.69,Rising
2009-01-11,2.71,Rising
2009-01-12,2.73,Rising
2009-01-13,2.75,Rising
2009-01-14,2.77,Rising
2009-01-15,2.79,Rising
2009-01-16,2.82,Rising
2009-01-17,2.84,Rising
2009-01-18,2.85,Rising
2009-01-19,2.86,Rising
2009-01-20,2.86,Rising
2009-01-21,2.84,Falling
2009-01-22,2.81,Falling
2009-01-23,2.78,Falling
2009-01-24,2.73,Falling
2009-01-25,2.69,Falling
2009-01-26,2.69,Falling
2009-01-27,2.66,Falling
2009-01-28,2.61,Falling
2009-01-29,2.58,Falling
2009-01-30,2.57,Falling
2009-01-31,2.57,Falling
2009-02-01,2.56,Falling
2009-02-02,2.56,Falling
2009-02-03,2.56,Falling
2009-02-04,2.54,Falling
2009-02-05,2.54,Falling
2009-02-06,2.53,Falling
2009-02-07,2.53,Rising
2009-02-08,2.54,Rising
2009-02-09,2.56,Rising
2009-02-10,2.61,Rising
2009-02-11,2.63,Rising
2009-02-12,2.63,Rising
2009-02-13,2.63,Rising
2009-02-14,2.65,Rising
2009-02-15,2.68,Rising
2009-02-16,2.72,Rising
2009-02-17,2.75,Rising
2009-02-18,2.78,High
2009-02-19,2.79,High
2009-02-20,2.81,High
2009-02-21,2.84,High
2009-02-22,2.86,High
2009-02-23,2.87,High
2009-02-24,2.9,High
2009-02-25,2.91,High
2009-02-26,2.96,High
2009-02-27,3.0,High
2009-02-28,3.07,High
2009-03-01,3.12,High
2009-03-02,3.17,High
2009-03-03,3.23,High
2009-03-04,3.29,High
2009-03-05,3.33,High
2009-03-06,3.37,High
2009-03-07,3.39,High
2009-03-08,3.39,High
2009-03-09,3.38,High
2009-03-10,3.36,High
2009-03-11,3.36,High
2009-03-12,3.36,High
2009-03-13,3.36,High
2009-03-14,3.32,High
2009-03-15,3.32,High
2009-03-16,3.32,High
2009-03-17,3.3,High
2009-03-18,3.3,High
2009-03-19,3.29,High
2009-03-20,3.27,High
2009-03-21,3.23,High
2009-03-22,3.18,High
2009-03-23,3.15,High
2009-03-24,3.12,High
2009-03-25,3.11,High
2009-03-26,3.13,High
2009-03-27,3.13,High
2009-03-28,3.1,High
2009-03-29,3.12,High
2009-03-30,3.17,High
2009-03-31,3.23,High
2009-04-01,3.29,High
2009-04-02,3.33,High
2009-04-03,3.36,High
2009-04-04,3.38,High
2009-04-05,3.4,High
2009-04-06,3.45,High
2009-04-07,3.49,High
2009-04-08,3.55,High
2009-04-09,3.59,High
2009-04-10,3.63,High
2009-04-11,3.68,High
2009-04-12,3.72,High
2009-04-13,3.77,High
2009-04-14,3.82,High
2009-04-15,3.89,High
2009-04-16,3.94,High
2009-04-17,4.0,High
2009-04-18,4.05,High
2009-04-19,4.08,High
2009-04-20,4.12,High
2009-04-21,4.15,High
2009-04-22,4.17,High
2009-04-23,4.19,High
2009-04-24,4.2,High
2009-04-25,4.21,High
2009-04-26,4.21,High
2009-04-27,4.19,High
2009-04-28,4.15,High
2009-04-29,4.1,High
2009-04-30,4.01,High
2009-05-01,3.92,High
2009-05-02,3.81,High
2009-05-03,3.71,High
2009-05-04,3.59,High
2009-05-05,3.49,High
2009-05-06,3.39,High
2009-05-07,3.28,High
2009-05-08,3.19,High
2009-05-09,3.09,High
2009-05-10,3.0,High
2009-05-11,2.93,High
2009-05-12,2.87,High
2009-05-13,2.81,High
2009-05-14,2.76,High
2009-05-15,2.75,High
2009-05-16,2.74,High
2009-05-17,2.71,High
2009-05-18,2.68,High
2009-05-19,2.68,Falling
2009-05-20,2.66,Falling
2009-05-21,2.65,Falling
2009-05-22,2.64,Falling
2009-05-23,2.62,Falling
2009-05-24,2.59,Falling
2009-05-25,2.56,Falling
2009-05-26,2.53,Falling
2009-05-27,2.51,Falling
2009-05-28,2.49,Falling
2009-05-29,2.47,Falling
2009-05-30,2.44,Falling
2009-05-31,2.42,Falling
2009-06-01,2.4,Falling
2009-06-02,2.39,Falling
2009-06-03,2.38,Falling
2009-06-04,2.37,Falling
2009-06-05,2.36,Falling
2009-06-06,2.36,Falling
2009-06-07,2.36,Falling
2009-06-08,2.36,Falling
2009-06-09,2.36,Falling
2009-06-10,2.36,Falling
2009-06-11,2.36,Falling
2009-06-12,2.36,Falling
2009-06-13,2.36,Falling
2009-06-14,2.36,Falling
2009-06-15,2.36,Falling
2009-06-16,2.35,Falling
2009-06-17,2.34,Falling
2009-06-18,2.33,Falling
2009-06-19,2.33,Falling
2009-06-20,2.32,Falling
2009-06-21,2.32,Falling
2009-06-22,2.31,Falling
2009-06-23,2.3,Falling
2009-06-24,2.28,Falling
2009-06-25,2.26,Falling
2009-06-26,2.26,Falling
2009-06-27,2.26,Falling
2009-06-28,2.25,Falling
2009-06-29,2.25,Falling
2009-06-30,2.25,Falling
2009-07-01,2.25,Falling
2009-07-02,2.26,Falling
2009-07-03,2.26,Falling
2009-07-04,2.26,Falling
2009-07-05,2.25,Falling
2009-07-06,2.25,Falling
2009-07-07,2.24,Falling
2009-07-08,2.23,Falling
2009-07-09,2.22,Falling
2009-07-10,2.22,Falling
2009-07-11,2.22,Falling
2009-07-12,2.22,Falling
2009-07-13,2.21,Falling
2009-07-14,2.21,Falling
2009-07-15,2.2,Falling
2009-07-16,2.2,Falling
2009-07-17,2.2,Falling
2009-07-18,2.2,Falling
2009-07-19,2.2,Falling
2009-07-20,2.19,Falling
2009-07-21,2.18,Falling
2009-07-22,2.16,Falling
2009-07-23,2.13,Falling
2009-07-24,2.13,Falling
2009-07-25,2.13,Falling
2009-07-26,2.14,Falling
2009-07-27,2.15,Low
2009-07-28,2.15,Low
2009-07-29,2.15,Low
2009-07-30,2.14,Low
2009-07-31,2.14,Low
2009-08-01,2.12,Low
2009-08-02,2.12,Low
2009-08-03,2.12,Low
2009-08-04,2.13,Low
2009-08-05,2.14,Low
2009-08-06,2.14,Low
2009-08-07,2.14,Low
2009-08-08,2.14,Low
2009-08-09,2.13,Low
2009-08-10,2.12,Low
2009-08-11,2.11,Low
2009-08-12,2.1,Low
2009-08-13,2.1,Low
2009-08-14,2.09,Low
2009-08-15,2.09,Low
2009-08-16,2.08,Low
2009-08-17,2.07,Low
2009-08-18,2.04,Low
2009-08-19,2.0,Low
2009-08-20,1.98,Low
2009-08-21,1.95,Low
2009-08-22,1.95,Low
2009-08-23,1.94,Low
2009-08-24,1.93,Low
2009-08-25,1.93,Low
2009-08-26,1.93,Low
2009-08-27,1.94,Low
2009-08-28,1.95,Low
2009-08-29,1.96,Low
2009-08-30,1.96,Low
2009-08-31,1.98,Low
2009-09-01,2.0,Low
2009-09-02,2.02,Low
2009-09-03,2.03,Low
2009-09-04,2.04,Low
2009-09-05,2.03,Low
2009-09-06,2.02,Low
2009-09-07,2.02,Low
2009-09-08,1.99,Low
2009-09-09,1.96,Low
2009-09-10,1.95,Low
2009-09-11,1.95,Low
2009-09-12,1.95,Low
2009-09-13,1.97,Low
2009-09-14,1.99,Low
2009-09-15,1.99,Low
2009-09-16,1.99,Low
2009-09-17,1.99,Low
2009-09-18,1.98,Low
2009-09-19,1.98,Low
2009-09-20,1.98,Low
2009-09-21,1.98,Low
2009-09-22,1.98,Low
2009-09-23,2.01,Low
2009-09-24,2.05,Low
2009-09-25,2.05,Low
2009-09-26,2.05,Low
2009-09-27,2.04,Low
2009-09-28,2.05,Low
2009-09-29,2.05,Low
2009-09-30,2.06,Low
2009-10-01,2.08,Low
2009-10-02,2.08,Low
2009-10-03,2.08,Low
2009-10-04,2.07,Low
2009-10-05,2.06,Low
2009-10-06,2.05,Low
2009-10-07,2.04,Low
2009-10-08,2.04,Low
2009-10-09,2.04,Low
2009-10-10,2.02,Low
2009-10-11,2.01,Low
2009-10-12,2.01,Low
2009-10-13,2.01,Low
2009-10-14,2.0,Low
2009-10-15,1.99,Low
2009-10-16,1.97,Low
2009-10-17,1.96,Low
2009-10-18,1.95,Low
2009-10-19,1.94,Low
2009-10-20,1.98,Low
2009-10-21,1.98,Low
2009-10-22,1.98,Low
2009-10-23,1.99,Rising
2009-10-24,1.98,Rising
2009-10-25,1.98,Rising
2009-10-26,2.01,Rising
2009-10-27,2.06,Rising
2009-10-28,2.09,Rising
2009-10-29,2.11,Rising
2009-10-30,2.12,Rising
2009-10-31,2.13,Rising
2009-11-01,2.14,Rising
2009-11-02,2.15,Rising
2009-11-03,2.15,Rising
2009-11-04,2.14,Rising
2009-11-05,2.17,Rising
2009-11-06,2.17,Rising
2009-11-07,2.14,Rising
2009-11-08,2.13,Rising
2009-11-09,2.13,Rising
2009-11-10,2.1,Rising
2009-11-11,2.08,Rising
2009-11-12,2.1,Rising
2009-11-13,2.12,Rising
2009-11-14,2.14,Rising
2009-11-15,2.15,Rising
2009-11-16,2.16,Rising
2009-11-17,2.18,Rising
2009-11-18,2.19,Rising
2009-11-19,2.2,Rising
2009-11-20,2.21,Rising
2009-11-21,2.22,Rising
2009-11-22,2.24,Rising
2009-11-23,2.25,Rising
2009-11-24,2.25,Rising
2009-11-25,2.27,Rising
2009-11-26,2.3,Rising
2009-11-27,2.31,Rising
2009-11-28,2.32,Rising
2009-11-29,2.32,Rising
2009-11-30,2.31,Rising
2009-12-01,2.31,Rising
2009-12-02,2.31,Rising
2009-12-03,2.32,Rising
2009-12-04,2.36,Rising
2009-12-05,2.37,Rising
2009-12-06,2.37,Rising
2009-12-07,2.4,Rising
2009-12-08,2.42,Rising
2009-12-09,2.43,Rising
2009-12-10,2.45,Rising
2009-12-11,2.49,Rising
2009-12-12,2.51,Rising
2009-12-13,2.52,Rising
2009-12-14,2.52,Rising
2009-12-15,2.53,Rising
2009-12-16,2.55,Rising
2009-12-17,2.56,Rising
2009-12-18,2.58,Rising
2009-12-19,2.59,Rising
2009-12-20,2.6,Rising
2009-12-21,2.62,Rising
2009-12-22,2.64,Rising
2009-12-23,2.67,Rising
2009-12-24,2.72,Rising
2009-12-25,2.78,Rising
2009-12-26,2.82,Rising
2009-12-27,2.86,Rising
2009-12-28,2.91,Rising
2009-12-29,2.96,Rising
2009-12-30,3.0,Rising
2009-12-31,3.05,Rising
2010-01-01,3.09,Rising
2010-01-02,3.11,Rising
2010-01-03,3.13,Rising
2010-01-04,3.16,Rising
2010-01-05,3.17,Rising
2010-01-06,3.18,Rising
2010-01-07,3.17,Rising
2010-01-08,3.18,Rising
2010-01-09,3.14,Rising
2010-01-10,3.1,Rising
2010-01-11,3.14,Rising
2010-01-12,3.1,Rising
2010-01-13,3.07,Rising
2010-01-14,3.05,Rising
2010-01-15,3.03,Rising
2010-01-16,3.03,Rising
2010-01-17,3.03,Rising
2010-01-18,3.03,Rising
2010-01-19,3.03,Rising
2010-01-20,3.05,Rising
2010-01-21,3.07,Rising
2010-01-22,3.06,Rising
2010-01-23,3.07,Rising
2010-01-24,3.09,High
2010-01-25,3.12,High
2010-01-26,3.14,High
2010-01-27,3.16,High
2010-01-28,3.21,High
2010-01-29,3.27,High
2010-01-30,3.33,High
2010-01-31,3.4,High
2010-02-01,3.43,High
2010-02-02,3.49,High
2010-02-03,3.53,High
2010-02-04,3.55,High
2010-02-05,3.58,High
2010-02-06,3.6,High
2010-02-07,3.6,High
2010-02-08,3.6,High
2010-02-09,3.62,High
2010-02-10,3.64,High
2010-02-11,3.66,High
2010-02-12,3.68,High
2010-02-13,3.7,High
2010-02-14,3.75,High
2010-02-15,3.78,High
2010-02-16,3.82,High
2010-02-17,3.84,High
2010-02-18,3.85,High
2010-02-19,3.85,High
2010-02-20,3.83,High
2010-02-21,3.81,High
2010-02-22,3.8,High
2010-02-23,3.77,High
2010-02-24,3.73,High
2010-02-25,3.71,High
2010-02-26,3.74,High
2010-02-27,3.75,High
2010-02-28,3.74,High
2010-03-01,3.74,High
2010-03-02,3.74,High
2010-03-03,3.74,High
2010-03-04,3.76,High
2010-03-05,3.78,High
2010-03-06,3.85,High
2010-03-07,3.93,High
2010-03-08,3.98,High
2010-03-09,4.03,High
2010-03-10,4.08,High
2010-03-11,4.11,High
2010-03-12,4.11,High
2010-03-13,4.11,High
2010-03-14,4.1,High
2010-03-15,4.09,High
2010-03-16,4.11,High
2010-03-17,4.1,High
2010-03-18,4.1,High
2010-03-19,4.1,High
2010-03-20,4.1,High
2010-03-21,4.09,High
2010-03-22,4.08,High
2010-03-23,4.05,High
2010-03-24,4.03,High
2010-03-25,3.99,High
2010-03-26,3.95,High
2010-03-27,3.89,High
2010-03-28,3.85,High
2010-03-29,3.82,High
2010-03-30,3.8,High
2010-03-31,3.77,High
2010-04-01,3.75,High
2010-04-02,3.72,High
2010-04-03,3.72,High
2010-04-04,3.72,High
2010-04-05,3.71,High
2010-04-06,3.69,High
2010-04-07,3.67,High
2010-04-08,3.65,High
2010-04-09,3.63,High
2010-04-10,3.59,High
2010-04-11,3.56,High
2010-04-12,3.53,High
2010-04-13,3.5,High
2010-04-14,3.48,High
2010-04-15,3.46,High
2010-04-16,3.44,High
2010-04-17,3.43,High
2010-04-18,3.43,High
2010-04-19,3.44,High
2010-04-20,3.45,High
2010-04-21,3.46,High
2010-04-22,3.47,High
2010-04-23,3.46,High
2010-04-24,3.44,High
2010-04-25,3.42,High
2010-04-26,3.38,High
2010-04-27,3.34,Falling
2010-04-28,3.27,Falling
2010-04-29,3.22,Falling
2010-04-30,3.16,Falling
2010-05-01,3.09,Falling
2010-05-02,3.02,Falling
2010-05-03,2.97,Falling
2010-05-04,2.95,Falling
2010-05-05,2.93,Falling
2010-05-06,2.87,Falling
2010-05-07,2.82,Falling
2010-05-08,2.77,Falling
2010-05-09,2.73,Falling
2010-05-10,2.69,Falling
2010-05-11,2.65,Falling
2010-05-12,2.6,Falling
2010-05-13,2.57,Falling
2010-05-14,2.55,Falling
2010-05-15,2.52,Falling
2010-05-16,2.49,Falling
2010-05-17,2.47,Falling
2010-05-18,2.46,Falling
2010-05-19,2.46,Falling
2010-05-20,2.45,Falling
2010-05-21,2.44,Falling
2010-05-22,2.43,Falling
2010-05-23,2.42,Falling
2010-05-24,2.4,Falling
2010-05-25,2.4,Falling
2010-05-26,2.39,Falling
2010-05-27,2.37,Falling
2010-05-28,2.37,Falling
2010-05-29,2.36,Falling
2010-05-30,2.35,Falling
2010-05-31,2.33,Falling
2010-06-01,2.32,Falling
2010-06-02,2.31,Falling
2010-06-03,2.31,Falling
2010-06-04,2.3,Falling
2010-06-05,2.3,Falling
2010-06-06,2.29,Falling
2010-06-07,2.29,Falling
2010-06-08,2.28,Falling
2010-06-09,2.28,Falling
2010-06-10,2.27,Falling
2010-06-11,2.26,Falling
2010-06-12,2.25,Falling
2010-06-13,2.24,Falling
2010-06-14,2.22,Falling
2010-06-15,2.21,Falling
2010-06-16,2.2,Falling
2010-06-17,2.19,Falling
2010-06-18,2.18,Falling
2010-06-19,2.18,Falling
2010-06-20,2.17,Falling
2010-06-21,2.16,Falling
2010-06-22,2.15,Falling
2010-06-23,2.14,Falling
2010-06-24,2.14,Falling
2010-06-25,2.13,Falling
2010-06-26,2.12,Falling
2010-06-27,2.11,Falling
2010-06-28,2.1,Falling
2010-06-29,2.1,Falling
2010-06-30,2.1,Falling
2010-07-01,2.1,Falling
2010-07-02,2.09,Falling
2010-07-03,2.09,Falling
2010-07-04,2.08,Falling
2010-07-05,2.08,Falling
2010-07-06,2.07,Falling
2010-07-07,2.07,Falling
2010-07-08,2.06,Falling
2010-07-09,2.05,Low
2010-07-10,2.04,Low
2010-07-11,2.04,Low
2010-07-12,2.03,Low
2010-07-13,2.02,Low
2010-07-14,2.01,Low
2010-07-15,1.98,Low
2010-07-16,1.96,Low
2010-07-17,1.95,Low
2010-07-18,1.94,Low
2010-07-19,1.93,Low
2010-07-20,1.93,Low
2010-07-21,1.93,Low
2010-07-22,1.93,Low
2010-07-23,1.93,Low
2010-07-24,1.93,Low
2010-07-25,1.94,Low
2010-07-26,1.95,Low
2010-07-27,1.98,Low
2010-07-28,1.99,Low
2010-07-29,1.99,Low
2010-07-30,1.99,Low
2010-07-31,1.99,Low
2010-08-01,1.98,Low
2010-08-02,1.97,Low
2010-08-03,1.96,Low
2010-08-04,1.96,Low
2010-08-05,1.95,Low
2010-08-06,1.95,Low
2010-08-07,1.96,Low
2010-08-08,1.96,Low
2010-08-09,1.96,Low
2010-08-10,1.96,Low
2010-08-11,1.95,Low
2010-08-12,1.95,Low
2010-08-13,1.94,Low
2010-08-14,1.93,Low
2010-08-15,1.93,Low
2010-08-16,1.93,Low
2010-08-17,1.93,Low
2010-08-18,1.93,Low
2010-08-19,1.92,Low
2010-08-20,1.91,Low
2010-08-21,1.88,Low
2010-08-22,1.85,Low
2010-08-23,1.84,Low
2010-08-24,1.83,Low
2010-08-25,1.81,Low
2010-08-26,1.8,Low
2010-08-27,1.79,Low
2010-08-28,1.79,Low
2010-08-29,1.79,Low
2010-08-30,1.79,Low
2010-08-31,1.81,Low
2010-09-01,1.83,Low
2010-09-02,1.85,Low
2010-09-03,1.85,Low
2010-09-04,1.85,Low
2010-09-05,1.85,Low
2010-09-06,1.85,Low
2010-09-07,1.85,Low
2010-09-08,1.85,Low
2010-09-09,1.85,Low
2010-09-10,1.84,Low
2010-09-11,1.84,Low
2010-09-12,1.84,Low
2010-09-13,1.84,Low
2010-09-14,1.83,Low
2010-09-15,1.82,Low
2010-09-16,1.8,Low
2010-09-17,1.78,Low
2010-09-18,1.76,Low
2010-09-19,1.74,Low
2010-09-20,1.73,Low
2010-09-21,1.73,Low
2010-09-22,1.72,Low
2010-09-23,1.72,Low
2010-09-24,1.72,Low
2010-09-25,1.72,Low
2010-09-26,1.71,Low
2010-09-27,1.71,Low
2010-09-28,1.71,Low
2010-09-29,1.7,Low
2010-09-30,1.69,Low
2010-10-01,1.69,Low
2010-10-02,1.73,Low
2010-10-03,1.74,Low
2010-10-04,1.75,Low
2010-10-05,1.76,Low
2010-10-06,1.77,Low
2010-10-07,1.77,Low
2010-10-08,1.79,Low
2010-10-09,1.81,Low
2010-10-10,1.85,Low
2010-10-11,1.88,Low
2010-10-12,1.92,Low
2010-10-13,1.93,Low
2010-10-14,1.94,Low
2010-10-15,1.94,Low
2010-10-16,1.94,Low
2010-10-17,1.96,Low
2010-10-18,1.96,Low
2010-10-19,1.95,Low
2010-10-20,1.94,Low
2010-10-21,1.94,Low
2010-10-22,1.93,Low
2010-10-23,1.95,Low
2010-10-24,1.96,Low
2010-10-25,1.99,Low
2010-10-26,2.01,Low
2010-10-27,2.01,Low
2010-10-28,1.98,Low
2010-10-29,1.95,Low
2010-10-30,1.94,Low
2010-10-31,1.94,Low
2010-11-01,1.95,Low
2010-11-02,1.96,Low
2010-11-03,1.96,Low
2010-11-04,1.95,Low
2010-11-05,1.94,Low
2010-11-06,1.94,Low
2010-11-07,1.95,Low
2010-11-08,1.96,Low
2010-11-09,2.01,Low
2010-11-10,2.05,Low
2010-11-11,2.05,Low
2010-11-12,2.06,Low
2010-11-13,2.07,Low
2010-11-14,2.08,Low
2010-11-15,2.09,Low
2010-11-16,2.08,Low
2010-11-17,2.07,Low
2010-11-18,2.07,Low
2010-11-19,2.07,Rising
2010-11-20,2.07,Rising
2010-11-21,2.06,Rising
2010-11-22,2.06,Rising
2010-11-23,2.09,Rising
2010-11-24,2.08,Rising
2010-11-25,2.04,Rising
2010-11-26,2.03,Rising
2010-11-27,2.01,Rising
2010-11-28,1.99,Rising
2010-11-29,1.99,Rising
2010-11-30,2.02,Rising
2010-12-01,2.03,Rising
2010-12-02,2.03,Rising
2010-12-03,2.04,Rising
2010-12-04,2.05,Rising
2010-12-05,2.05,Rising
2010-12-06,2.06,Rising
2010-12-07,2.07,Rising
2010-12-08,2.08,Rising
2010-12-09,2.1,Rising
2010-12-10,2.11,Rising
2010-12-11,2.12,Rising
2010-12-12,2.13,Rising
2010-12-13,2.14,Rising
2010-12-14,2.15,Rising
2010-12-15,2.16,Rising
2010-12-16,2.18,Rising
2010-12-17,2.18,Rising
2010-12-18,2.18,Falling
2010-12-19,2.2,Falling
2010-12-20,2.2,Falling
2010-12-21,2.21,Rising
2010-12-22,2.21,Rising
2010-12-23,2.2,Rising
2010-12-24,2.17,Rising
2010-12-25,2.12,Rising
2010-12-26,2.09,Rising
2010-12-27,2.08,Rising
2010-12-28,2.07,Rising
2010-12-29,2.05,Rising
2010-12-30,2.03,Rising
2010-12-31,2.03,Rising
2011-01-01,2.03,Rising
2011-01-02,2.04,Rising
2011-01-03,2.04,Rising
2011-01-04,2.06,Rising
2011-01-05,2.08,Rising
2011-01-06,2.1,Rising
2011-01-07,2.13,Rising
2011-01-08,2.14,Rising
2011-01-09,2.16,Rising
2011-01-10,2.17,Rising
2011-01-11,2.18,Rising
2011-01-12,2.22,Rising
2011-01-13,2.27,Rising
2011-01-14,2.36,Rising
2011-01-15,2.38,Rising
2011-01-16,2.4,Rising
2011-01-17,2.44,Rising
2011-01-18,2.46,Rising
2011-01-19,2.51,Rising
2011-01-20,2.58,Rising
2011-01-21,2.6,Rising
2011-01-22,2.63,Rising
2011-01-23,2.67,Rising
2011-01-24,2.74,Rising
2011-01-25,2.79,Rising
2011-01-26,2.88,Rising
2011-01-27,2.94,Rising
2011-01-28,3.02,Rising
2011-01-29,3.12,Rising
2011-01-30,3.2,Rising
2011-01-31,3.27,Rising
2011-02-01,3.34,Rising
2011-02-02,3.4,Rising
2011-02-03,3.43,Rising
2011-02-04,3.44,Rising
2011-02-05,3.45,Rising
2011-02-06,3.47,Rising
2011-02-07,3.51,Rising
2011-02-08,3.52,Rising
2011-02-09,3.52,Rising
2011-02-10,3.54,Rising
2011-02-11,3.49,High
2011-02-12,3.46,High
2011-02-13,3.42,High
2011-02-14,3.38,High
2011-02-15,3.36,High
2011-02-16,3.36,High
2011-02-17,3.42,High
2011-02-18,3.48,High
2011-02-19,3.55,High
2011-02-20,3.63,High
2011-02-21,3.64,High
2011-02-22,3.63,High
2011-02-23,3.61,High
2011-02-24,3.6,High
2011-02-25,3.61,High
2011-02-26,3.67,High
2011-02-27,3.75,High
2011-02-28,3.85,High
2011-03-01,3.97,High
2011-03-02,4.08,High
2011-03-03,4.18,High
2011-03-04,4.24,High
2011-03-05,4.28,High
2011-03-06,4.32,High
2011-03-07,4.36,High
2011-03-08,4.4,High
2011-03-09,4.44,High
2011-03-10,4.49,High
2011-03-11,4.56,High
2011-03-12,4.62,High
2011-03-13,4.7,High
2011-03-14,4.77,High
2011-03-15,4.83,High
2011-03-16,4.86,High
2011-03-17,4.9,High
2011-03-18,4.95,High
2011-03-19,5.0,High
2011-03-20,5.03,High
2011-03-21,5.06,High
2011-03-22,5.08,High
2011-03-23,5.11,High
2011-03-24,5.11,High
2011-03-25,5.11,High
2011-03-26,5.11,High
2011-03-27,5.1,High
2011-03-28,5.09,High
2011-03-29,5.09,High
2011-03-30,5.1,High
2011-03-31,5.1,High
2011-04-01,5.1,High
2011-04-02,5.11,High
2011-04-03,5.12,High
2011-04-04,5.11,High
2011-04-05,5.11,High
2011-04-06,5.11,High
2011-04-07,5.11,High
2011-04-08,5.11,High
2011-04-09,5.11,High
2011-04-10,5.1,High
2011-04-11,5.1,High
2011-04-12,5.09,High
2011-04-13,5.08,High
2011-04-14,5.06,High
2011-04-15,5.03,High
2011-04-16,4.99,High
2011-04-17,4.94,High
2011-04-18,4.91,High
2011-04-19,4.86,High
2011-04-20,4.82,High
2011-04-21,4.76,High
2011-04-22,4.73,High
2011-04-23,4.68,High
2011-04-24,4.64,High
2011-04-25,4.57,High
2011-04-26,4.52,High
2011-04-27,4.46,High
2011-04-28,4.36,High
2011-04-29,4.26,High
2011-04-30,4.17,High
2011-05-01,4.06,High
2011-05-02,3.95,High
2011-05-03,3.85,High
2011-05-04,3.76,High
2011-05-05,3.66,High
2011-05-06,3.59,High
2011-05-07,3.5,High
2011-05-08,3.43,High
2011-05-09,3.37,High
2011-05-10,3.29,High
2011-05-11,3.22,Falling
2011-05-12,3.15,Falling
2011-05-13,3.1,Falling
2011-05-14,3.04,Falling
2011-05-15,3.0,Falling
2011-05-16,2.97,Falling
2011-05-17,2.95,Falling
2011-05-18,2.93,Falling
2011-05-19,2.91,Falling
2011-05-20,2.89,Falling
2011-05-21,2.87,Falling
2011-05-22,2.85,Falling
2011-05-23,2.81,Falling
2011-05-24,2.78,Falling
2011-05-25,2.75,Falling
2011-05-26,2.71,Falling
2011-05-27,2.68,Falling
2011-05-28,2.65,Falling
2011-05-29,2.63,Falling
2011-05-30,2.62,Falling
2011-05-31,2.6,Falling
2011-06-01,2.57,Falling
2011-06-02,2.55,Falling
2011-06-03,2.51,Falling
2011-06-04,2.5,Falling
2011-06-05,2.48,Falling
2011-06-06,2.46,Falling
2011-06-07,2.45,Falling
2011-06-08,2.44,Falling
2011-06-09,2.42,Falling
2011-06-10,2.42,Falling
2011-06-11,2.42,Falling
2011-06-12,2.41,Falling
2011-06-13,2.41,Falling
2011-06-14,2.39,Falling
2011-06-15,2.38,Falling
2011-06-16,2.37,Falling
2011-06-17,2.36,Falling
2011-06-18,2.35,Falling
2011-06-19,2.34,Falling
2011-06-20,2.33,Falling
2011-06-21,2.32,Falling
2011-06-22,2.3,Falling
2011-06-23,2.28,Falling
2011-06-24,2.26,Falling
2011-06-25,2.25,Falling
2011-06-26,2.24,Falling
2011-06-27,2.23,Falling
2011-06-28,2.22,Falling
2011-06-29,2.21,Falling
2011-06-30,2.2,Falling
2011-07-01,2.19,Falling
2011-07-02,2.19,Falling
2011-07-03,2.19,Falling
2011-07-04,2.19,Falling
2011-07-05,2.2,Falling
2011-07-06,2.21,Falling
2011-07-07,2.22,Falling
2011-07-08,2.23,Falling
2011-07-09,2.23,Falling
2011-07-10,2.23,Falling
2011-07-11,2.23,Falling
2011-07-12,2.22,Falling
2011-07-13,2.22,Falling
2011-07-14,2.21,Falling
2011-07-15,2.21,Falling
2011-07-16,2.2,Falling
2011-07-17,2.19,Falling
2011-07-18,2.19,Falling
2011-07-19,2.18,Falling
2011-07-20,2.17,Falling
2011-07-21,2.16,Falling
2011-07-22,2.15,Falling
2011-07-23,2.15,Falling
2011-07-24,2.14,Falling
2011-07-25,2.13,Falling
2011-07-26,2.12,Falling
2011-07-27,2.11,Falling
2011-07-28,2.1,Falling
2011-07-29,2.1,Falling
2011-07-30,2.09,Falling
2011-07-31,2.09,Falling
2011-08-01,2.08,Falling
2011-08-02,2.08,Falling
2011-08-03,2.08,Falling
2011-08-04,2.07,Falling
2011-08-05,2.07,Falling
2011-08-06,2.08,Falling
2011-08-07,2.08,Falling
2011-08-08,2.08,Falling
2011-08-09,2.07,Falling
2011-08-10,2.07,Falling
2011-08-11,2.06,Falling
2011-08-12,2.06,Falling
2011-08-13,2.07,Falling
2011-08-14,2.07,Falling
2011-08-15,2.06,Falling
2011-08-16,2.05,Falling
2011-08-17,2.05,Falling
2011-08-18,2.04,Low
2011-08-19,2.03,Low
2011-08-20,2.01,Low
2011-08-21,2.0,Low
2011-08-22,1.99,Low
2011-08-23,1.99,Low
2011-08-24,1.99,Low
2011-08-25,1.99,Low
2011-08-26,1.99,Low
2011-08-27,1.98,Low
2011-08-28,1.97,Low
2011-08-29,1.96,Low
2011-08-30,1.95,Low
2011-08-31,1.94,Low
2011-09-01,1.93,Low
2011-09-02,1.92,Low
2011-09-03,1.9,Low
2011-09-04,1.9,Low
2011-09-05,1.9,Low
2011-09-06,1.89,Low
2011-09-07,1.89,Low
2011-09-08,1.89,Low
2011-09-09,1.88,Low
2011-09-10,1.88,Low
2011-09-11,1.88,Low
2011-09-12,1.88,Low
2011-09-13,1.87,Low
2011-09-14,1.87,Low
2011-09-15,1.87,Low
2011-09-16,1.86,Low
2011-09-17,1.86,Low
2011-09-18,1.85,Low
2011-09-19,1.85,Low
2011-09-20,1.85,Low
2011-09-21,1.85,Low
2011-09-22,1.85,Low
2011-09-23,1.85,Low
2011-09-24,1.86,Low
2011-09-25,1.87,Low
2011-09-26,1.88,Low
2011-09-27,1.89,Low
2011-09-28,1.89,Low
2011-09-29,1.88,Low
2011-09-30,1.88,Low
2011-10-01,1.9,Low
2011-10-02,1.9,Low
2011-10-03,1.9,Low
2011-10-04,1.91,Low
2011-10-05,1.92,Low
2011-10-06,1.94,Low
2011-10-07,1.94,Low
2011-10-08,1.94,Low
2011-10-09,1.96,Low
2011-10-10,1.98,Low
2011-10-11,1.99,Low
2011-10-12,2.01,Low
2011-10-13,2.03,Low
2011-10-14,2.05,Low
2011-10-15,2.05,Low
2011-10-16,2.05,Low
2011-10-17,2.06,Low
2011-10-18,2.06,Low
2011-10-19,2.08,Rising
2011-10-20,2.09,Rising
2011-10-21,2.1,Rising
2011-10-22,2.11,Rising
2011-10-23,2.11,Rising
2011-10-24,2.13,Rising
2011-10-25,2.16,Rising
2011-10-26,2.17,Rising
2011-10-27,2.14,Rising
2011-10-28,2.12,Rising
2011-10-29,2.1,Rising
2011-10-30,2.12,Rising
2011-10-31,2.13,Rising
2011-11-01,2.14,Rising
2011-11-02,2.15,Rising
2011-11-03,2.16,Rising
2011-11-04,2.17,Falling
2011-11-05,2.18,Falling
2011-11-06,2.19,Falling
2011-11-07,2.2,Falling
2011-11-08,2.22,Falling
2011-11-09,2.19,Falling
2011-11-10,2.18,Falling
2011-11-11,2.18,Falling
2011-11-12,2.16,Falling
2011-11-13,2.15,Falling
2011-11-14,2.14,Falling
2011-11-15,2.14,Falling
2011-11-16,2.12,Falling
2011-11-17,2.1,Falling
2011-11-18,2.08,Falling
2011-11-19,2.07,Falling
2011-11-20,2.05,Falling
2011-11-21,2.04,Falling
2011-11-22,2.08,Falling
2011-11-23,2.06,Falling
2011-11-24,2.05,Falling
2011-11-25,2.05,Falling
2011-11-26,2.04,Falling
2011-11-27,2.04,Falling
2011-11-28,2.04,Falling
2011-11-29,2.06,Falling
2011-11-30,2.06,Falling
2011-12-01,2.07,Falling
2011-12-02,2.08,Falling
2011-12-03,2.07,Falling
2011-12-04,2.05,Rising
2011-12-05,2.03,Rising
2011-12-06,2.03,Rising
2011-12-07,2.03,Rising
2011-12-08,2.03,Rising
2011-12-09,2.03,Rising
2011-12-10,2.03,Rising
2011-12-11,2.03,Rising
2011-12-12,2.05,Rising
2011-12-13,2.07,Rising
2011-12-14,2.07,Rising
2011-12-15,2.07,Rising
2011-12-16,2.08,Rising
2011-12-17,2.1,Rising
2011-12-18,2.12,Rising
2011-12-19,2.13,Rising
2011-12-20,2.14,Rising
2011-12-21,2.15,Rising
2011-12-22,2.17,Rising
2011-12-23,2.19,Rising
2011-12-24,2.23,Rising
2011-12-25,2.23,Rising
2011-12-26,2.24,Rising
2011-12-27,2.25,Rising
2011-12-28,2.25,Rising
2011-12-29,2.26,Rising
2011-12-30,2.27,Rising
2011-12-31,2.3,Rising
2012-01-01,2.32,Rising
2012-01-02,2.3,Rising
2012-01-03,2.3,Rising
2012-01-04,2.3,Rising
2012-01-05,2.3,Rising
2012-01-06,2.31,Rising
2012-01-07,2.31,Rising
2012-01-08,2.31,Rising
2012-01-09,2.31,Rising
2012-01-10,2.34,Rising
2012-01-11,2.37,Rising
2012-01-12,2.42,Rising
2012-01-13,2.45,Rising
2012-01-14,2.49,Rising
2012-01-15,2.5,Rising
2012-01-16,2.51,Rising
2012-01-17,2.53,Rising
2012-01-18,2.54,Rising
2012-01-19,2.54,Rising
2012-01-20,2.55,Rising
2012-01-21,2.56,Rising
2012-01-22,2.58,Rising
2012-01-23,2.6,Rising
2012-01-24,2.63,Rising
2012-01-25,2.66,Rising
2012-01-26,2.69,High
2012-01-27,2.73,High
2012-01-28,2.75,High
2012-01-29,2.76,High
2012-01-30,2.77,High
2012-01-31,2.79,High
2012-02-01,2.83,High
2012-02-02,2.84,High
2012-02-03,2.85,High
2012-02-04,2.85,High
2012-02-05,2.85,High
2012-02-06,2.85,High
2012-02-07,2.85,High
2012-02-08,2.84,High
2012-02-09,2.83,High
2012-02-10,2.83,High
2012-02-11,2.84,High
2012-02-12,2.84,High
2012-02-13,2.82,High
2012-02-14,2.82,High
2012-02-15,2.84,High
2012-02-16,2.84,High
2012-02-17,2.86,High
2012-02-18,2.87,High
2012-02-19,2.89,High
2012-02-20,2.88,High
2012-02-21,2.87,High
2012-02-22,2.86,High
2012-02-23,2.86,High
2012-02-24,2.86,High
2012-02-25,2.87,High
2012-02-26,2.87,High
2012-02-27,2.88,High
2012-02-28,2.87,High
2012-02-29,2.88,High
2012-03-01,2.9,High
2012-03-02,2.91,High
2012-03-03,2.89,High
2012-03-04,2.86,High
2012-03-05,2.84,High
2012-03-06,2.83,High
2012-03-07,2.83,High
2012-03-08,2.84,High
2012-03-09,2.85,High
2012-03-10,2.87,High
2012-03-11,2.86,High
2012-03-12,2.85,High
2012-03-13,2.85,High
2012-03-14,2.86,High
2012-03-15,2.86,High
2012-03-16,2.86,High
2012-03-17,2.87,High
2012-03-18,2.87,High
2012-03-19,2.88,High
2012-03-20,2.87,High
2012-03-21,2.87,High
2012-03-22,2.86,High
2012-03-23,2.85,High
2012-03-24,2.85,High
2012-03-25,2.83,High
2012-03-26,2.82,High
2012-03-27,2.81,High
2012-03-28,2.84,High
2012-03-29,2.81,High
2012-03-30,2.79,High
2012-03-31,2.76,High
2012-04-01,2.74,High
2012-04-02,2.73,High
2012-04-03,2.73,High
2012-04-04,2.74,High
2012-04-05,2.75,High
2012-04-06,2.77,High
2012-04-07,2.78,High
2012-04-08,2.8,High
2012-04-09,2.81,High
2012-04-10,2.83,High
2012-04-11,2.84,High
2012-04-12,2.86,High
2012-04-13,2.87,High
2012-04-14,2.88,High
2012-04-15,2.92,High
2012-04-16,2.92,High
2012-04-17,2.89,High
2012-04-18,2.87,High
2012-04-19,2.85,High
2012-04-20,2.81,High
2012-04-21,2.78,High
2012-04-22,2.77,High
2012-04-23,2.74,High
2012-04-24,2.7,High
2012-04-25,2.67,High
2012-04-26,2.65,High
2012-04-27,2.63,High
2012-04-28,2.61,High
2012-04-29,2.6,High
2012-04-30,2.6,High
2012-05-01,2.59,High
2012-05-02,2.58,Falling
2012-05-03,2.58,Falling
2012-05-04,2.58,Falling
2012-05-05,2.58,Falling
2012-05-06,2.58,Falling
2012-05-07,2.58,Falling
2012-05-08,2.59,Falling
2012-05-09,2.6,Falling
2012-05-10,2.6,Falling
2012-05-11,2.59,Falling
2012-05-12,2.58,Falling
2012-05-13,2.57,Falling
2012-05-14,2.56,Falling
2012-05-15,2.54,Falling
2012-05-16,2.5,Falling
2012-05-17,2.46,Falling
2012-05-18,2.4,Falling
2012-05-19,2.36,Falling
2012-05-20,2.33,Falling
2012-05-21,2.31,Falling
2012-05-22,2.31,Falling
2012-05-23,2.31,Falling
2012-05-24,2.42,Falling
2012-05-25,2.43,Falling
2012-05-26,2.44,Falling
2012-05-27,2.44,Falling
2012-05-28,2.44,Falling
2012-05-29,2.45,Falling
2012-05-30,2.45,Falling
2012-05-31,2.46,Falling
2012-06-01,2.47,Falling
2012-06-02,2.47,Rising
2012-06-03,2.48,Rising
2012-06-04,2.49,Rising
2012-06-05,2.52,Rising
2012-06-06,2.52,Rising
2012-06-07,2.54,Rising
2012-06-08,2.54,Rising
2012-06-09,2.54,Rising
2012-06-10,2.54,Falling
2012-06-11,2.53,Falling
2012-06-12,2.53,Falling
2012-06-13,2.51,Falling
2012-06-14,2.5,Falling
2012-06-15,2.49,Falling
2012-06-16,2.48,Falling
2012-06-17,2.48,Falling
2012-06-18,2.48,Falling
2012-06-19,2.48,Falling
2012-06-20,2.48,Falling
2012-06-21,2.47,Falling
2012-06-22,2.46,Falling
2012-06-23,2.46,Falling
2012-06-24,2.43,Falling
2012-06-25,2.4,Falling
2012-06-26,2.38,Falling
2012-06-27,2.36,Falling
2012-06-28,2.33,Falling
2012-06-29,2.31,Falling
2012-06-30,2.3,Falling
2012-07-01,2.3,Falling
2012-07-02,2.3,Falling
2012-07-03,2.29,Falling
2012-07-04,2.28,Falling
2012-07-05,2.28,Falling
2012-07-06,2.26,Falling
2012-07-07,2.23,Falling
2012-07-08,2.21,Falling
2012-07-09,2.2,Falling
2012-07-10,2.19,Falling
2012-07-11,2.18,Falling
2012-07-12,2.17,Falling
2012-07-13,2.16,Falling
2012-07-14,2.14,Falling
2012-07-15,2.13,Falling
2012-07-16,2.13,Falling
2012-07-17,2.12,Falling
2012-07-18,2.11,Falling
2012-07-19,2.1,Falling
2012-07-20,2.08,Falling
2012-07-21,2.08,Falling
2012-07-22,2.08,Falling
2012-07-23,2.08,Falling
2012-07-24,2.07,Falling
2012-07-25,2.06,Falling
2012-07-26,2.06,Falling
2012-07-27,2.06,Low
2012-07-28,2.05,Low
2012-07-29,2.04,Low
2012-07-30,2.03,Low
2012-07-31,2.02,Low
2012-08-01,2.01,Low
2012-08-02,2.01,Low
2012-08-03,2.01,Low
2012-08-04,1.99,Low
2012-08-05,1.97,Low
2012-08-06,1.95,Low
2012-08-07,1.94,Low
2012-08-08,1.92,Low
2012-08-09,1.91,Low
2012-08-10,1.9,Low
2012-08-11,1.9,Low
2012-08-12,1.89,Low
2012-08-13,1.89,Low
2012-08-14,1.88,Low
2012-08-15,1.88,Low
2012-08-16,1.87,Low
2012-08-17,1.87,Low
2012-08-18,1.86,Low
2012-08-19,1.85,Low
2012-08-20,1.85,Low
2012-08-21,1.85,Low
2012-08-22,1.85,Low
2012-08-23,1.85,Low
2012-08-24,1.85,Low
2012-08-25,1.84,Low
2012-08-26,1.83,Low
2012-08-27,1.82,Low
2012-08-28,1.82,Low
2012-08-29,1.81,Low
2012-08-30,1.81,Low
2012-08-31,1.81,Low
2012-09-01,1.81,Low
2012-09-02,1.81,Low
2012-09-03,1.81,Low
2012-09-04,1.81,Low
2012-09-05,1.8,Low
2012-09-06,1.79,Low
2012-09-07,1.79,Low
2012-09-08,1.78,Low
2012-09-09,1.77,Low
2012-09-10,1.77,Low
2012-09-11,1.77,Low
2012-09-12,1.77,Low
2012-09-13,1.76,Low
2012-09-14,1.76,Low
2012-09-15,1.75,Low
2012-09-16,1.74,Low
2012-09-17,1.74,Low
2012-09-18,1.74,Low
2012-09-19,1.74,Low
2012-09-20,1.74,Low
2012-09-21,1.75,Low
2012-09-22,1.76,Low
2012-09-23,1.77,Low
2012-09-24,1.79,Low
2012-09-25,1.81,Low
2012-09-26,1.84,Low
2012-09-27,1.84,Low
2012-09-28,1.85,Low
2012-09-29,1.85,Low
2012-09-30,1.86,Low
2012-10-01,1.86,Low
2012-10-02,1.87,Low
2012-10-03,1.87,Low
2012-10-04,1.88,Low
2012-10-05,1.88,Low
2012-10-06,1.86,Low
2012-10-07,1.84,Low
2012-10-08,1.84,Low
2012-10-09,1.85,Low
2012-10-10,1.85,Low
2012-10-11,1.9,Low
2012-10-12,1.9,Low
2012-10-13,1.89,Low
2012-10-14,1.89,Low
2012-10-15,1.89,Low
2012-10-16,1.92,Low
2012-10-17,1.95,Low
2012-10-18,1.97,Low
2012-10-19,1.99,Low
2012-10-20,1.99,Low
2012-10-21,1.99,Low
2012-10-22,1.99,Low
2012-10-23,2.0,Low
2012-10-24,2.02,Low
2012-10-25,2.03,Low
2012-10-26,2.05,Low
2012-10-27,2.07,Low
2012-10-28,2.07,Low
2012-10-29,2.06,Low
2012-10-30,2.06,Low
2012-10-31,2.04,Low
2012-11-01,2.01,Low
2012-11-02,2.0,Low
2012-11-03,1.99,Low
2012-11-04,1.99,Low
2012-11-05,1.99,Low
2012-11-06,2.05,Low
2012-11-07,2.02,Low
2012-11-08,1.99,Low
2012-11-09,1.99,Low
2012-11-10,2.0,Low
2012-11-11,2.0,Rising
2012-11-12,2.03,Rising
2012-11-13,2.03,Rising
2012-11-14,2.04,Rising
2012-11-15,2.04,Rising
2012-11-16,2.05,Rising
2012-11-17,2.05,Rising
2012-11-18,2.05,Rising
2012-11-19,2.06,Rising
2012-11-20,2.09,Rising
2012-11-21,2.11,Rising
2012-11-22,2.11,Rising
2012-11-23,2.14,Rising
2012-11-24,2.19,Rising
2012-11-25,2.19,Rising
2012-11-26,2.18,Rising
2012-11-27,2.25,Rising
2012-11-28,2.22,Rising
2012-11-29,2.23,Rising
2012-11-30,2.25,Rising
2012-12-01,2.25,Rising
2012-12-02,2.27,Rising
2012-12-03,2.28,Rising
2012-12-04,2.29,Rising
2012-12-05,2.29,Rising
2012-12-06,2.29,Rising
2012-12-07,2.3,Rising
2012-12-08,2.31,Rising
2012-12-09,2.3,Rising
2012-12-10,2.3,Rising
2012-12-11,2.29,Rising
2012-12-12,2.29,Rising
2012-12-13,2.35,Rising
2012-12-14,2.39,Rising
2012-12-15,2.38,Rising
2012-12-16,2.38,Rising
2012-12-17,2.38,Rising
2012-12-18,2.37,Rising
2012-12-19,2.37,Rising
2012-12-20,2.37,Rising
2012-12-21,2.37,Rising
2012-12-22,2.36,Falling
2012-12-23,2.35,Falling
2012-12-24,2.35,Falling
2012-12-25,2.36,Falling
2012-12-26,2.36,Falling
2012-12-27,2.36,Falling
2012-12-28,2.36,Falling
2012-12-29,2.36,Falling
2012-12-30,2.36,Falling
2012-12-31,2.35,Falling
2013-01-01,2.35,Falling
2013-01-02,2.35,Falling
2013-01-03,2.34,Falling
2013-01-04,2.3,Falling
2013-01-05,2.25,Falling
2013-01-06,2.21,Falling
2013-01-07,2.19,Falling
2013-01-08,2.17,Falling
2013-01-09,2.16,Falling
2013-01-10,2.16,Falling
2013-01-11,2.17,Falling
2013-01-12,2.18,Falling
2013-01-13,2.2,Rising
2013-01-14,2.23,Rising
2013-01-15,2.24,Rising
2013-01-16,2.26,Rising
2013-01-17,2.27,Rising
2013-01-18,2.28,Rising
2013-01-19,2.29,Rising
2013-01-20,2.29,Rising
2013-01-21,2.3,Rising
2013-01-22,2.31,Rising
2013-01-23,2.32,Rising
2013-01-24,2.33,Rising
2013-01-25,2.34,Rising
2013-01-26,2.36,Rising
2013-01-27,2.38,Rising
2013-01-28,2.41,Rising
2013-01-29,2.44,Rising
2013-01-30,2.54,Rising
2013-01-31,2.58,Rising
2013-02-01,2.61,Rising
2013-02-02,2.6,Rising
2013-02-03,2.61,Rising
2013-02-04,2.65,Rising
2013-02-05,2.72,Rising
2013-02-06,2.79,Rising
2013-02-07,2.83,Rising
2013-02-08,3.01,High
2013-02-09,3.14,High
2013-02-10,3.25,High
2013-02-11,3.39,High
2013-02-12,3.55,High
2013-02-13,3.72,High
2013-02-14,3.82,High
2013-02-15,3.93,High
2013-02-16,4.09,High
2013-02-17,4.27,High
2013-02-18,4.4,High
2013-02-19,4.48,High
2013-02-20,4.63,High
2013-02-21,4.78,High
2013-02-22,4.91,High
2013-02-23,4.97,High
2013-02-24,4.99,High
2013-02-25,5.0,High
2013-02-26,4.99,High
2013-02-27,4.96,High
2013-02-28,4.93,High
2013-03-01,4.89,High
2013-03-02,4.84,High
2013-03-03,4.79,High
2013-03-04,4.73,High
2013-03-05,4.69,High
2013-03-06,4.64,High
2013-03-07,4.59,High
2013-03-08,4.53,High
2013-03-09,4.49,High
2013-03-10,4.42,High
2013-03-11,4.34,High
2013-03-12,4.27,High
2013-03-13,4.21,High
2013-03-14,4.13,High
2013-03-15,4.04,High
2013-03-16,3.98,High
2013-03-17,3.93,High
2013-03-18,3.94,High
2013-03-19,3.94,High
2013-03-20,3.95,High
2013-03-21,3.97,High
2013-03-22,3.99,High
2013-03-23,4.0,High
2013-03-24,4.0,High
2013-03-25,4.02,High
2013-03-26,4.03,High
2013-03-27,4.04,High
2013-03-28,4.05,High
2013-03-29,4.06,High
2013-03-30,4.07,High
2013-03-31,4.08,High
2013-04-01,4.09,High
2013-04-02,4.1,High
2013-04-03,4.13,High
2013-04-04,4.15,High
2013-04-05,4.18,High
2013-04-06,4.22,High
2013-04-07,4.24,High
2013-04-08,4.36,High
2013-04-09,4.43,High
2013-04-10,4.45,High
2013-04-11,4.48,High
2013-04-12,4.49,High
2013-04-13,4.5,High
2013-04-14,4.5,High
2013-04-15,4.46,High
2013-04-16,4.43,High
2013-04-17,4.4,High
2013-04-18,4.36,High
2013-04-19,4.32,High
2013-04-20,4.27,High
2013-04-21,4.23,High
2013-04-22,4.19,High
2013-04-23,4.16,High
2013-04-24,4.13,High
2013-04-25,4.08,High
2013-04-26,4.03,High
2013-04-27,4.01,High
2013-04-28,3.98,High
2013-04-29,3.98,High
2013-04-30,3.97,High
2013-05-01,3.96,High
2013-05-02,3.95,High
2013-05-03,3.92,High
2013-05-04,3.87,High
2013-05-05,3.82,High
2013-05-06,3.79,High
2013-05-07,3.73,High
2013-05-08,3.64,High
2013-05-09,3.55,High
2013-05-10,3.48,High
2013-05-11,3.39,High
2013-05-12,3.32,High
2013-05-13,3.25,High
2013-05-14,3.18,High
2013-05-15,3.11,Falling
2013-05-16,3.04,Falling
2013-05-17,2.97,Falling
2013-05-18,2.92,Falling
2013-05-19,2.84,Falling
2013-05-20,2.82,Falling
2013-05-21,2.78,Falling
2013-05-22,2.74,Falling
2013-05-23,2.71,Falling
2013-05-24,2.7,Falling
2013-05-25,2.67,Falling
2013-05-26,2.65,Falling
2013-05-27,2.63,Falling
2013-05-28,2.61,Falling
2013-05-29,2.6,Falling
2013-05-30,2.58,Falling
2013-05-31,2.57,Falling
2013-06-01,2.55,Falling
2013-06-02,2.54,Falling
2013-06-03,2.55,Falling
2013-06-04,2.55,Falling
2013-06-05,2.54,Falling
2013-06-06,2.54,Falling
2013-06-07,2.54,Falling
2013-06-08,2.53,Falling
2013-06-09,2.53,Falling
2013-06-10,2.53,Falling
2013-06-11,2.58,Falling
2013-06-12,2.56,Falling
2013-06-13,2.56,Falling
2013-06-14,2.57,Falling
2013-06-15,2.58,Falling
2013-06-16,2.59,Falling
2013-06-17,2.6,Falling
2013-06-18,2.59,Falling
2013-06-19,2.59,Falling
2013-06-20,2.58,Falling
2013-06-21,2.55,Falling
2013-06-22,2.52,Falling
2013-06-23,2.5,Falling
2013-06-24,2.48,Falling
2013-06-25,2.45,Falling
2013-06-26,2.45,Falling
2013-06-27,2.43,Falling
2013-06-28,2.4,Falling
2013-06-29,2.39,Falling
2013-06-30,2.38,Falling
2013-07-01,2.36,Falling
2013-07-02,2.35,Falling
2013-07-03,2.35,Falling
2013-07-04,2.34,Falling
2013-07-05,2.34,Falling
2013-07-06,2.33,Falling
2013-07-07,2.33,Falling
2013-07-08,2.33,Falling
2013-07-09,2.32,Falling
2013-07-10,2.32,Falling
2013-07-11,2.31,Falling
2013-07-12,2.3,Falling
2013-07-13,2.29,Falling
2013-07-14,2.28,Falling
2013-07-15,2.26,Falling
2013-07-16,2.24,Falling
2013-07-17,2.22,Falling
2013-07-18,2.21,Falling
2013-07-19,2.2,Falling
2013-07-20,2.2,Falling
2013-07-21,2.19,Falling
2013-07-22,2.18,Falling
2013-07-23,2.17,Falling
2013-07-24,2.16,Falling
2013-07-25,2.16,Falling
2013-07-26,2.16,Falling
2013-07-27,2.15,Falling
2013-07-28,2.15,Falling
2013-07-29,2.15,Falling
2013-07-30,2.15,Falling
2013-07-31,2.15,Falling
2013-08-01,2.15,Falling
2013-08-02,2.14,Falling
2013-08-03,2.14,Falling
2013-08-04,2.13,Falling
2013-08-05,2.13,Falling
2013-08-06,2.12,Falling
2013-08-07,2.11,Falling
2013-08-08,2.11,Falling
2013-08-09,2.1,Falling
2013-08-10,2.09,Falling
2013-08-11,2.08,Falling
2013-08-12,2.06,Falling
2013-08-13,2.05,Falling
2013-08-14,2.03,Falling
2013-08-15,2.03,Falling
2013-08-16,2.03,Falling
2013-08-17,2.03,Low
2013-08-18,2.03,Low
2013-08-19,2.03,Low
2013-08-20,2.03,Low
2013-08-21,2.03,Low
2013-08-22,2.03,Low
2013-08-23,2.02,Low
2013-08-24,2.02,Low
2013-08-25,2.0,Low
2013-08-26,2.0,Low
2013-08-27,2.0,Low
2013-08-28,1.97,Low
2013-08-29,1.97,Low
2013-08-30,1.97,Low
2013-08-31,1.97,Low
2013-09-01,1.97,Low
2013-09-02,1.97,Low
2013-09-03,1.97,Low
2013-09-04,1.97,Low
2013-09-05,1.97,Low
2013-09-06,1.97,Low
2013-09-07,1.96,Low
2013-09-08,1.96,Low
2013-09-09,1.96,Low
2013-09-10,1.98,Low
2013-09-11,2.0,Low
2013-09-12,2.02,Low
2013-09-13,2.03,Low
2013-09-14,2.04,Low
2013-09-15,2.04,Low
2013-09-16,2.03,Low
2013-09-17,2.03,Low
2013-09-18,2.02,Low
2013-09-19,2.0,Low
2013-09-20,1.99,Low
2013-09-21,1.97,Low
2013-09-22,1.97,Low
2013-09-23,1.96,Low
2013-09-24,1.95,Low
2013-09-25,1.94,Low
2013-09-26,1.9,Low
2013-09-27,1.89,Low
2013-09-28,1.88,Low
2013-09-29,1.87,Low
2013-09-30,1.88,Low
2013-10-01,1.89,Low
2013-10-02,1.88,Low
2013-10-03,1.88,Low
2013-10-04,1.89,Low
2013-10-05,1.91,Low
2013-10-06,1.91,Low
2013-10-07,1.91,Low
2013-10-08,1.94,Low
2013-10-09,1.97,Low
2013-10-10,2.0,Low
2013-10-11,2.0,Low
2013-10-12,2.01,Low
2013-10-13,2.02,Low
2013-10-14,2.01,Low
2013-10-15,2.0,Low
2013-10-16,2.0,Low
2013-10-17,1.99,Low
2013-10-18,1.98,Low
2013-10-19,1.98,Low
2013-10-20,1.99,Low
2013-10-21,1.99,Low
2013-10-22,2.0,Low
2013-10-23,2.0,Low
2013-10-24,1.99,Low
2013-10-25,1.99,Low
2013-10-26,1.99,Low
2013-10-27,1.99,Low
2013-10-28,2.0,Low
2013-10-29,1.99,Low
2013-10-30,1.99,Low
2013-10-31,2.0,Low
2013-11-01,2.0,Low
2013-11-02,2.02,Low
2013-11-03,2.0,Low
2013-11-04,2.01,Low
2013-11-05,2.02,Low
2013-11-06,2.05,Low
2013-11-07,2.06,Low
2013-11-08,2.06,Low
2013-11-09,2.07,Low
2013-11-10,2.07,Low
2013-11-11,2.08,Low
2013-11-12,2.09,Low
2013-11-13,2.09,Low
2013-11-14,2.09,Low
2013-11-15,2.09,Low
2013-11-16,2.08,Low
2013-11-17,2.06,Low
2013-11-18,2.06,Low
2013-11-19,2.08,Low
2013-11-20,2.08,Low
2013-11-21,2.08,Low
2013-11-22,2.08,Low
2013-11-23,2.09,Low
2013-11-24,2.09,Low
2013-11-25,2.08,Low
2013-11-26,2.09,Low
2013-11-27,2.1,Low
2013-11-28,2.1,Low
2013-11-29,2.1,Rising
2013-11-30,2.1,Rising
2013-12-01,2.1,Rising
2013-12-02,2.09,Rising
2013-12-03,2.1,Rising
2013-12-04,2.1,Rising
2013-12-05,2.11,Rising
2013-12-06,2.13,Rising
2013-12-07,2.13,Rising
2013-12-08,2.12,Rising
2013-12-09,2.11,Rising
2013-12-10,2.14,Rising
2013-12-11,2.15,Rising
2013-12-12,2.14,Rising
2013-12-13,2.15,Rising
2013-12-14,2.19,Rising
2013-12-15,2.21,Rising
2013-12-16,2.24,Rising
2013-12-17,2.25,Rising
2013-12-18,2.28,Rising
2013-12-19,2.3,Rising
2013-12-20,2.33,Rising
2013-12-21,2.33,Rising
2013-12-22,2.34,Rising
2013-12-23,2.37,Rising
2013-12-24,2.41,Rising
2013-12-25,2.42,Rising
2013-12-26,2.44,Rising
2013-12-27,2.44,Rising
2013-12-28,2.45,Rising
2013-12-29,2.45,Rising
2013-12-30,2.48,Rising
2013-12-31,2.5,Rising
2014-01-01,2.54,Rising
2014-01-02,2.59,Rising
2014-01-03,2.61,Rising
2014-01-04,2.63,Rising
2014-01-05,2.65,Rising
2014-01-06,2.68,Rising
2014-01-07,2.71,Rising
2014-01-08,2.71,Rising
2014-01-09,2.71,Rising
2014-01-10,2.7,Rising
2014-01-11,2.71,Rising
2014-01-12,2.7,Rising
2014-01-13,2.62,Rising
2014-01-14,2.6,Rising
2014-01-15,2.56,Rising
2014-01-16,2.58,Rising
2014-01-17,2.56,Rising
2014-01-18,2.53,Rising
2014-01-19,2.51,Rising
2014-01-20,2.5,Rising
2014-01-21,2.51,Rising
2014-01-22,2.52,Rising
2014-01-23,2.54,Falling
2014-01-24,2.54,Falling
2014-01-25,2.54,Falling
2014-01-26,2.54,Falling
2014-01-27,2.62,Falling
2014-01-28,2.64,Falling
2014-01-29,2.64,Rising
2014-01-30,2.66,Rising
2014-01-31,2.68,Rising
2014-02-01,2.68,Rising
2014-02-02,2.68,Rising
2014-02-03,2.69,Rising
2014-02-04,2.7,Rising
2014-02-05,2.71,Rising
2014-02-06,2.71,Rising
2014-02-07,2.7,Rising
2014-02-08,2.7,Rising
2014-02-09,2.7,Rising
2014-02-10,2.7,Rising
2014-02-11,2.7,Rising
2014-02-12,2.71,Rising
2014-02-13,2.72,Rising
2014-02-14,2.72,Rising
2014-02-15,2.73,Rising
2014-02-16,2.74,Rising
2014-02-17,2.74,Rising
2014-02-18,2.74,Rising
2014-02-19,2.74,Rising
2014-02-20,2.78,Rising
2014-02-21,2.85,Rising
2014-02-22,2.89,Rising
2014-02-23,3.05,Rising
2014-02-24,3.23,Rising
2014-02-25,3.33,Rising
2014-02-26,3.45,Rising
2014-02-27,3.48,Rising
2014-02-28,3.48,High
2014-03-01,3.5,High
2014-03-02,3.5,High
2014-03-03,3.51,High
2014-03-04,3.53,High
2014-03-05,3.58,High
2014-03-06,3.63,High
2014-03-07,3.74,High
2014-03-08,3.8,High
2014-03-09,3.85,High
2014-03-10,3.92,High
2014-03-11,4.09,High
2014-03-12,4.17,High
2014-03-13,4.23,High
2014-03-14,4.26,High
2014-03-15,4.28,High
2014-03-16,4.28,High
2014-03-17,4.26,High
2014-03-18,4.24,High
2014-03-19,4.2,High
2014-03-20,4.12,High
2014-03-21,4.08,High
2014-03-22,4.04,High
2014-03-23,4.04,High
2014-03-24,4.04,High
2014-03-25,4.04,High
2014-03-26,4.04,High
2014-03-27,4.05,High
2014-03-28,4.09,High
2014-03-29,4.12,High
2014-03-30,4.14,High
2014-03-31,4.15,High
2014-04-01,4.16,High
2014-04-02,4.15,High
2014-04-03,4.15,High
2014-04-04,4.16,High
2014-04-05,4.16,High
2014-04-06,4.17,High
2014-04-07,4.17,High
2014-04-08,4.18,High
2014-04-09,4.18,High
2014-04-10,4.18,High
2014-04-11,4.18,High
2014-04-12,4.18,High
2014-04-13,4.17,High
2014-04-14,4.16,High
2014-04-15,4.16,High
2014-04-16,4.16,High
2014-04-17,4.18,High
2014-04-18,4.21,High
2014-04-19,4.22,High
2014-04-20,4.24,High
2014-04-21,4.24,High
2014-04-22,4.24,High
2014-04-23,4.23,High
2014-04-24,4.22,High
2014-04-25,4.21,High
2014-04-26,4.19,High
2014-04-27,4.18,High
2014-04-28,4.15,High
2014-04-29,4.13,High
2014-04-30,4.09,High
2014-05-01,4.06,High
2014-05-02,4.03,High
2014-05-03,4.01,High
2014-05-04,3.88,High
2014-05-05,3.95,High
2014-05-06,3.98,High
2014-05-07,4.04,High
2014-05-08,4.03,High
2014-05-09,4.0,High
2014-05-10,3.98,High
2014-05-11,3.96,High
2014-05-12,3.92,High
2014-05-13,3.87,High
2014-05-14,3.87,High
2014-05-15,3.8,High
2014-05-16,3.72,High
2014-05-17,3.61,High
2014-05-18,3.54,High
2014-05-19,3.46,High
2014-05-20,3.39,High
2014-05-21,3.33,High
2014-05-22,3.3,High
2014-05-23,3.48,High
2014-05-24,3.47,High
2014-05-25,3.51,High
2014-05-26,3.44,High
2014-05-27,3.42,High
2014-05-28,3.39,High
2014-05-29,3.34,Falling
2014-05-30,3.28,Falling
2014-05-31,3.19,Falling
2014-06-01,3.15,Falling
2014-06-02,3.13,Falling
2014-06-03,3.11,Falling
2014-06-04,3.09,Falling
2014-06-05,3.08,Falling
2014-06-06,3.07,Falling
2014-06-07,3.06,Falling
2014-06-08,3.04,Falling
2014-06-09,3.03,Falling
2014-06-10,3.01,Falling
2014-06-11,2.99,Falling
2014-06-12,2.98,Falling
2014-06-13,2.97,Falling
2014-06-14,2.95,Falling
2014-06-15,2.94,Falling
2014-06-16,2.93,Falling
2014-06-17,2.91,Falling
2014-06-18,2.88,Falling
2014-06-19,2.84,Falling
2014-06-20,2.8,Falling
2014-06-21,2.76,Falling
2014-06-22,2.71,Falling
2014-06-23,2.66,Falling
2014-06-24,2.61,Falling
2014-06-25,2.57,Falling
2014-06-26,2.53,Falling
2014-06-27,2.5,Falling
2014-06-28,2.47,Falling
2014-06-29,2.44,Falling
2014-06-30,2.41,Falling
2014-07-01,2.39,Falling
2014-07-02,2.37,Falling
2014-07-03,2.36,Falling
2014-07-04,2.34,Falling
2014-07-05,2.32,Falling
2014-07-06,2.3,Falling
2014-07-07,2.29,Falling
2014-07-08,2.27,Falling
2014-07-09,2.26,Falling
2014-07-10,2.26,Falling
2014-07-11,2.25,Falling
2014-07-12,2.24,Falling
2014-07-13,2.23,Falling
2014-07-14,2.22,Falling
2014-07-15,2.21,Rising
2014-07-16,2.2,Rising
2014-07-17,2.19,Rising
2014-07-18,2.18,Rising
2014-07-19,2.17,Rising
2014-07-20,2.16,Rising
2014-07-21,2.16,Rising
2014-07-22,2.15,Rising
2014-07-23,2.18,Rising
2014-07-24,2.23,Rising
2014-07-25,2.31,Rising
2014-07-26,2.36,Rising
2014-07-27,2.4,Rising
2014-07-28,2.42,Rising
2014-07-29,2.45,Rising
2014-07-30,2.47,Rising
2014-07-31,2.49,Rising
2014-08-01,2.5,Rising
2014-08-02,2.52,Rising
2014-08-03,2.55,Rising
2014-08-04,2.59,Rising
2014-08-05,2.62,Rising
2014-08-06,2.65,Rising
2014-08-07,2.69,Rising
2014-08-08,2.71,Rising
2014-08-09,2.75,Rising
2014-08-10,2.78,Falling
2014-08-11,2.81,Falling
2014-08-12,2.85,Falling
2014-08-13,2.88,Falling
2014-08-14,2.9,Falling
2014-08-15,2.91,Falling
2014-08-16,2.87,Falling
2014-08-17,2.8,Falling
2014-08-18,2.73,Falling
2014-08-19,2.63,Falling
2014-08-20,2.53,Falling
2014-08-21,2.45,Falling
2014-08-22,2.39,Falling
2014-08-23,2.34,Falling
2014-08-24,2.29,Falling
2014-08-25,2.25,Falling
2014-08-26,2.22,Falling
2014-08-27,2.2,Falling
2014-08-28,2.17,Falling
2014-08-29,2.15,Falling
2014-08-30,2.13,Falling
2014-08-31,2.11,Falling
2014-09-01,2.1,Falling
2014-09-02,2.09,Falling
2014-09-03,2.09,Falling
2014-09-04,2.08,Low
2014-09-05,2.07,Low
2014-09-06,2.07,Low
2014-09-07,2.07,Low
2014-09-08,2.07,Low
2014-09-09,2.06,Low
2014-09-10,2.06,Low
2014-09-11,2.07,Low
2014-09-12,2.09,Low
2014-09-13,2.09,Low
2014-09-14,2.08,Low
2014-09-15,2.07,Low
2014-09-16,2.06,Low
2014-09-17,2.05,Low
2014-09-18,2.03,Low
2014-09-19,2.01,Low
2014-09-20,2.0,Low
2014-09-21,2.0,Low
2014-09-22,2.0,Low
2014-09-23,2.0,Low
2014-09-24,2.0,Low
2014-09-25,2.01,Low
2014-09-26,2.02,Low
2014-09-27,2.04,Low
2014-09-28,2.06,Low
2014-09-29,2.09,Low
2014-09-30,2.11,Low
2014-10-01,2.12,Low
2014-10-02,2.12,Low
2014-10-03,2.12,Low
2014-10-04,2.13,Low
2014-10-05,2.12,Low
2014-10-06,2.1,Low
2014-10-07,2.09,Low
2014-10-08,2.1,Low
2014-10-09,2.1,Low
2014-10-10,2.09,Low
2014-10-11,2.05,Low
2014-10-12,2.02,Low
2014-10-13,2.0,Low
2014-10-14,1.98,Low
2014-10-15,1.96,Low
2014-10-16,1.94,Low
2014-10-17,1.93,Low
2014-10-18,1.92,Low
2014-10-19,1.92,Low
2014-10-20,1.92,Low
2014-10-21,1.91,Low
2014-10-22,1.9,Low
2014-10-23,1.9,Low
2014-10-24,1.91,Low
2014-10-25,1.93,Low
2014-10-26,1.95,Low
2014-10-27,1.97,Low
2014-10-28,2.0,Low
2014-10-29,2.0,Low
2014-10-30,2.0,Low
2014-10-31,2.0,Low
2014-11-01,2.02,Low
2014-11-02,2.04,Low
2014-11-03,2.05,Low
2014-11-04,2.04,Low
2014-11-05,2.04,Low
2014-11-06,2.04,Low
2014-11-07,2.05,Low
2014-11-08,2.05,Low
2014-11-09,2.07,Low
2014-11-10,2.08,Low
2014-11-11,2.1,Low
2014-11-12,2.11,Low
2014-11-13,2.15,Low
2014-11-14,2.16,Low
2014-11-15,2.17,Low
2014-11-16,2.18,Low
2014-11-17,2.19,Low
2014-11-18,2.2,Low
2014-11-19,2.23,Rising
2014-11-20,2.24,Rising
2014-11-21,2.25,Rising
2014-11-22,2.28,Rising
2014-11-23,2.29,Rising
2014-11-24,2.27,Rising
2014-11-25,2.25,Rising
2014-11-26,2.22,Rising
2014-11-27,2.2,Rising
2014-11-28,2.19,Rising
2014-11-29,2.19,Rising
2014-11-30,2.23,Rising
2014-12-01,2.27,Rising
2014-12-02,2.3,Rising
2014-12-03,2.33,Rising
2014-12-04,2.36,Rising
2014-12-05,2.39,Rising
2014-12-06,2.44,Rising
2014-12-07,2.49,Rising
2014-12-08,2.53,Rising
2014-12-09,2.57,Rising
2014-12-10,2.6,Rising
2014-12-11,2.65,Rising
2014-12-12,2.7,Rising
2014-12-13,2.78,Rising
2014-12-14,2.83,Rising
2014-12-15,2.89,Rising
2014-12-16,2.97,Rising
2014-12-17,3.12,Rising
2014-12-18,3.29,Rising
2014-12-19,3.41,Rising
2014-12-20,3.55,Rising
2014-12-21,3.69,Rising
2014-12-22,3.85,Rising
2014-12-23,4.13,Rising
2014-12-24,4.16,Rising
2014-12-25,4.23,Rising
2014-12-26,4.28,Rising
2014-12-27,4.32,Rising
2014-12-28,4.37,Rising
2014-12-29,4.42,High
2014-12-30,4.45,High
2014-12-31,4.51,High
2015-01-01,4.57,High
2015-01-02,4.62,High
2015-01-03,4.69,High
2015-01-04,4.74,High
2015-01-05,4.78,High
2015-01-06,4.79,High
2015-01-07,4.78,High
2015-01-08,4.76,High
2015-01-09,4.73,High
2015-01-10,4.69,High
2015-01-11,4.63,High
2015-01-12,4.58,High
2015-01-13,4.53,High
2015-01-14,4.46,High
2015-01-15,4.38,High
2015-01-16,4.32,High
2015-01-17,4.22,High
2015-01-18,4.12,Falling
2015-01-19,4.01,Falling
2015-01-20,3.91,Falling
2015-01-21,3.82,Falling
2015-01-22,3.75,Falling
2015-01-23,3.71,Falling
2015-01-24,3.66,Falling
2015-01-25,3.59,Falling
2015-01-26,3.55,Falling
2015-01-27,3.53,Falling
2015-01-28,3.51,Falling
2015-01-29,3.48,Falling
2015-01-30,3.45,Falling
2015-01-31,3.41,Falling
2015-02-01,3.38,Falling
2015-02-02,3.34,Falling
2015-02-03,3.31,Falling
2015-02-04,3.28,Falling
2015-02-05,3.24,Falling
2015-02-06,3.21,Falling
2015-02-07,3.18,Falling
2015-02-08,3.15,Falling
2015-02-09,3.13,Falling
2015-02-10,3.14,Falling
2015-02-11,3.15,Falling
2015-02-12,3.17,Falling
2015-02-13,3.19,Falling
2015-02-14,3.18,Falling
2015-02-15,3.19,Rising
2015-02-16,3.2,Rising
2015-02-17,3.22,Rising
2015-02-18,3.27,Rising
2015-02-19,3.32,Rising
2015-02-20,3.38,Rising
2015-02-21,3.43,Rising
2015-02-22,3.44,Rising
2015-02-23,3.45,Rising
2015-02-24,3.46,Rising
2015-02-25,3.46,Rising
2015-02-26,3.46,Rising
2015-02-27,3.48,Rising
2015-02-28,3.48,Rising
2015-03-01,3.49,Rising
2015-03-02,3.53,Rising
2015-03-03,3.58,Rising
2015-03-04,3.6,Rising
2015-03-05,3.63,Rising
2015-03-06,3.65,Rising
2015-03-07,3.68,Rising
2015-03-08,3.74,Rising
2015-03-09,3.81,Rising
2015-03-10,3.89,Rising
2015-03-11,4.0,Rising
2015-03-12,4.1,Rising
2015-03-13,4.19,Rising
2015-03-14,4.25,Rising
2015-03-15,4.29,Rising
2015-03-16,4.31,Rising
2015-03-17,4.33,Rising
2015-03-18,4.36,High
2015-03-19,4.38,High
2015-03-20,4.39,High
2015-03-21,4.41,High
2015-03-22,4.42,High
2015-03-23,4.44,High
2015-03-24,4.45,High
2015-03-25,4.45,High
2015-03-26,4.46,High
2015-03-27,4.5,High
2015-03-28,4.5,High
2015-03-29,4.48,High
2015-03-30,4.46,High
2015-03-31,4.45,High
2015-04-01,4.45,High
2015-04-02,4.44,High
2015-04-03,4.42,High
2015-04-04,4.41,High
2015-04-05,4.39,High
2015-04-06,4.36,High
2015-04-07,4.34,High
2015-04-08,4.3,High
2015-04-09,4.28,High
2015-04-10,4.26,High
2015-04-11,4.26,High
2015-04-12,4.27,High
2015-04-13,4.31,High
2015-04-14,4.36,High
2015-04-15,4.4,High
2015-04-16,4.43,High
2015-04-17,4.47,High
2015-04-18,4.51,High
2015-04-19,4.55,High
2015-04-20,4.56,High
2015-04-21,4.58,High
2015-04-22,4.58,High
2015-04-23,4.59,High
2015-04-24,4.59,High
2015-04-25,4.56,High
2015-04-26,4.54,High
2015-04-27,4.51,High
2015-04-28,4.5,High
2015-04-29,4.47,High
2015-04-30,4.45,High
2015-05-01,4.42,High
2015-05-02,4.4,High
2015-05-03,4.37,High
2015-05-04,4.38,High
2015-05-05,4.39,High
2015-05-06,4.36,High
2015-05-07,4.34,High
2015-05-08,4.34,High
2015-05-09,4.34,High
2015-05-10,4.34,High
2015-05-11,4.34,High
2015-05-12,4.32,High
2015-05-13,4.31,High
2015-05-14,4.29,High
2015-05-15,4.26,High
2015-05-16,4.23,High
2015-05-17,4.21,Falling
2015-05-18,4.16,Falling
2015-05-19,4.13,Falling
2015-05-20,4.1,Falling
2015-05-21,4.06,Falling
2015-05-22,4.03,Falling
2015-05-23,3.99,Falling
2015-05-24,3.96,Falling
2015-05-25,3.92,Falling
2015-05-26,3.89,Falling
2015-05-27,3.87,Falling
2015-05-28,3.84,Falling
2015-05-29,3.82,Falling
2015-05-30,3.8,Falling
2015-05-31,3.78,Falling
2015-06-01,3.81,Falling
2015-06-02,3.79,Falling
2015-06-03,3.74,Falling
2015-06-04,3.69,Falling
2015-06-05,3.64,Falling
2015-06-06,3.59,Falling
2015-06-07,3.53,Falling
2015-06-08,3.45,Falling
2015-06-09,3.43,Falling
2015-06-10,3.38,Falling
2015-06-11,3.33,Falling
2015-06-12,3.28,Falling
2015-06-13,3.24,Falling
2015-06-14,3.2,Falling
2015-06-15,3.17,Falling
2015-06-16,3.14,Falling
2015-06-17,3.11,Falling
2015-06-18,3.07,Falling
2015-06-19,3.04,Falling
2015-06-20,3.0,Falling
2015-06-21,2.97,Falling
2015-06-22,2.94,Falling
2015-06-23,2.9,Falling
2015-06-24,2.88,Falling
2015-06-25,2.85,Falling
2015-06-26,2.82,Falling
2015-06-27,2.79,Falling
2015-06-28,2.77,Falling
2015-06-29,2.73,Falling
2015-06-30,2.69,Falling
2015-07-01,2.65,Falling
2015-07-02,2.62,Falling
2015-07-03,2.59,Falling
2015-07-04,2.57,Falling
2015-07-05,2.53,Falling
2015-07-06,2.51,Falling
2015-07-07,2.5,Falling
2015-07-08,2.5,Falling
2015-07-09,2.49,Falling
2015-07-10,2.48,Falling
2015-07-11,2.48,Falling
2015-07-12,2.47,Falling
2015-07-13,2.46,Falling
2015-07-14,2.46,Falling
2015-07-15,2.46,Falling
2015-07-16,2.45,Falling
2015-07-17,2.46,Falling
2015-07-18,2.46,Falling
2015-07-19,2.47,Falling
2015-07-20,2.47,Falling
2015-07-21,2.47,Falling
2015-07-22,2.48,Falling
2015-07-23,2.48,Falling
2015-07-24,2.47,Falling
2015-07-25,2.45,Falling
2015-07-26,2.44,Falling
2015-07-27,2.42,Falling
2015-07-28,2.4,Falling
2015-07-29,2.38,Falling
2015-07-30,2.37,Falling
2015-07-31,2.36,Falling
2015-08-01,2.34,Falling
2015-08-02,2.33,Falling
2015-08-03,2.32,Falling
2015-08-04,2.31,Falling
2015-08-05,2.3,Falling
2015-08-06,2.28,Falling
2015-08-07,2.27,Falling
2015-08-08,2.26,Falling
2015-08-09,2.24,Falling
2015-08-10,2.23,Falling
2015-08-11,2.22,Falling
2015-08-12,2.22,Falling
2015-08-13,2.2,Falling
2015-08-14,2.19,Falling
2015-08-15,2.17,Falling
2015-08-16,2.17,Falling
2015-08-17,2.16,Falling
2015-08-18,2.15,Falling
2015-08-19,2.14,Falling
2015-08-20,2.14,Low
2015-08-21,2.13,Low
2015-08-22,2.13,Low
2015-08-23,2.12,Low
2015-08-24,2.12,Low
2015-08-25,2.11,Low
2015-08-26,2.11,Low
2015-08-27,2.11,Low
2015-08-28,2.11,Low
2015-08-29,2.1,Low
2015-08-30,2.1,Low
2015-08-31,2.1,Low
2015-09-01,2.11,Falling
2015-09-02,2.11,Rising
2015-09-03,2.1,Rising
2015-09-04,2.1,Rising
2015-09-05,2.11,Rising
2015-09-06,2.12,Rising
2015-09-07,2.12,Rising
2015-09-08,2.1,Rising
2015-09-09,2.11,Rising
2015-09-10,2.13,Rising
2015-09-11,2.12,Rising
2015-09-12,2.12,Rising
2015-09-13,2.11,Rising
2015-09-14,2.12,Rising
2015-09-15,2.15,Falling
2015-09-16,2.18,Falling
2015-09-17,2.2,Falling
2015-09-18,2.23,Falling
2015-09-19,2.24,Falling
2015-09-20,2.26,Falling
2015-09-21,2.27,Falling
2015-09-22,2.24,Falling
2015-09-23,2.22,Falling
2015-09-24,2.21,Falling
2015-09-25,2.19,Falling
2015-09-26,2.17,Falling
2015-09-27,2.15,Falling
2015-09-28,2.12,Falling
2015-09-29,2.1,Falling
2015-09-30,2.08,Falling
2015-10-01,2.08,Falling
2015-10-02,2.08,Falling
2015-10-03,2.08,Falling
2015-10-04,2.08,Falling
2015-10-05,2.08,Falling
2015-10-06,2.08,Falling
2015-10-07,2.07,Low
2015-10-08,2.07,Low
2015-10-09,2.06,Low
2015-10-10,2.06,Low
2015-10-11,2.06,Low
2015-10-12,2.05,Low
2015-10-13,2.05,Low
2015-10-14,2.05,Low
2015-10-15,2.05,Low
2015-10-16,2.05,Low
2015-10-17,2.06,Low
2015-10-18,2.07,Low
2015-10-19,2.08,Low
2015-10-20,2.08,Low
2015-10-21,2.07,Low
2015-10-22,2.06,Low
2015-10-23,2.04,Low
2015-10-24,2.04,Low
2015-10-25,2.02,Low
2015-10-26,2.01,Low
2015-10-27,2.0,Low
2015-10-28,1.99,Low
2015-10-29,1.99,Low
2015-10-30,1.99,Low
2015-10-31,2.02,Low
2015-11-01,2.02,Low
2015-11-02,2.06,Low
2015-11-03,2.06,Low
2015-11-04,2.08,Low
2015-11-05,2.1,Low
2015-11-06,2.11,Low
2015-11-07,2.12,Low
2015-11-08,2.12,Low
2015-11-09,2.14,Low
2015-11-10,2.14,Rising
2015-11-11,2.15,Rising
2015-11-12,2.15,Rising
2015-11-13,2.15,Rising
2015-11-14,2.16,Rising
2015-11-15,2.17,Rising
2015-11-16,2.17,Rising
2015-11-17,2.17,Rising
2015-11-18,2.16,Rising
2015-11-19,2.16,Rising
2015-11-20,2.17,Rising
2015-11-21,2.16,Rising
2015-11-22,2.16,Rising
2015-11-23,2.16,Rising
2015-11-24,2.16,Rising
2015-11-25,2.17,Rising
2015-11-26,2.19,Rising
2015-11-27,2.21,Rising
2015-11-28,2.22,Rising
2015-11-29,2.23,Rising
2015-11-30,2.24,Rising
2015-12-01,2.23,Rising
2015-12-02,2.23,Rising
2015-12-03,2.23,Rising
2015-12-04,2.23,Rising
2015-12-05,2.24,Rising
2015-12-06,2.25,Rising
2015-12-07,2.28,Rising
2015-12-08,2.31,Rising
2015-12-09,2.32,Rising
2015-12-10,2.33,Rising
2015-12-11,2.32,Rising
2015-12-12,2.32,Rising
2015-12-13,2.32,Rising
2015-12-14,2.32,Rising
2015-12-15,2.36,Rising
2015-12-16,2.36,Rising
2015-12-17,2.36,Rising
2015-12-18,2.37,Rising
2015-12-19,2.37,Rising
2015-12-20,2.37,Rising
2015-12-21,2.36,Rising
2015-12-22,2.36,Rising
2015-12-23,2.35,Rising
2015-12-24,2.34,Rising
2015-12-25,2.33,Rising
2015-12-26,2.33,Rising
2015-12-27,2.32,Rising
2015-12-28,2.3,Rising
2015-12-29,2.29,Rising
2015-12-30,2.29,Rising
2015-12-31,2.3,Rising
2016-01-01,2.31,Rising
2016-01-02,2.32,Rising
2016-01-03,2.31,Rising
2016-01-04,2.31,Rising
2016-01-05,2.32,Rising
2016-01-06,2.34,Rising
2016-01-07,2.35,Rising
2016-01-08,2.39,Rising
2016-01-09,2.41,Rising
2016-01-10,2.45,Rising
2016-01-11,2.46,Rising
2016-01-12,2.47,Rising
2016-01-13,2.47,Rising
2016-01-14,2.49,Rising
2016-01-15,2.51,Rising
2016-01-16,2.54,Rising
2016-01-17,2.55,Rising
2016-01-18,2.6,Rising
2016-01-19,2.62,Rising
2016-01-20,2.64,Rising
2016-01-21,2.67,Rising
2016-01-22,2.69,Rising
2016-01-23,2.72,Rising
2016-01-24,2.74,Rising
2016-01-25,2.77,Rising
2016-01-26,2.79,Rising
2016-01-27,2.86,High
2016-01-28,2.91,High
2016-01-29,2.96,High
2016-01-30,3.12,High
2016-01-31,3.22,High
2016-02-01,3.31,High
2016-02-02,3.38,High
2016-02-03,3.45,High
2016-02-04,3.52,High
2016-02-05,3.58,High
2016-02-06,3.63,High
2016-02-07,3.67,High
2016-02-08,3.69,High
2016-02-09,3.72,High
2016-02-10,3.76,High
2016-02-11,3.77,High
2016-02-12,3.77,High
2016-02-13,3.76,High
2016-02-14,3.74,High
2016-02-15,3.7,High
2016-02-16,3.67,High
2016-02-17,3.64,High
2016-02-18,3.61,High
2016-02-19,3.6,High
2016-02-20,3.62,High
2016-02-21,3.64,High
2016-02-22,3.64,High
2016-02-23,3.63,High
2016-02-24,3.64,High
2016-02-25,3.64,High
2016-02-26,3.65,High
2016-02-27,3.67,High
2016-02-28,3.68,High
2016-02-29,3.67,High
2016-03-01,3.62,High
2016-03-02,3.59,High
2016-03-03,3.55,High
2016-03-04,3.54,High
2016-03-05,3.52,High
2016-03-06,3.5,High
2016-03-07,3.48,High
2016-03-08,3.47,High
2016-03-09,3.48,High
2016-03-10,3.47,High
2016-03-11,3.46,High
2016-03-12,3.45,High
2016-03-13,3.41,High
2016-03-14,3.37,High
2016-03-15,3.32,High
2016-03-16,3.3,High
2016-03-17,3.27,High
2016-03-18,3.26,High
2016-03-19,3.24,High
2016-03-20,3.25,High
2016-03-21,3.24,High
2016-03-22,3.24,High
2016-03-23,3.24,High
2016-03-24,3.31,High
2016-03-25,3.45,High
2016-03-26,3.6,High
2016-03-27,3.7,High
2016-03-28,3.79,High
2016-03-29,3.85,High
2016-03-30,3.89,High
2016-03-31,3.89,High
2016-04-01,3.88,High
2016-04-02,3.88,High
2016-04-03,3.86,High
2016-04-04,3.82,High
2016-04-05,3.79,High
2016-04-06,3.78,High
2016-04-07,3.76,High
2016-04-08,3.77,High
2016-04-09,3.78,High
2016-04-10,3.79,High
2016-04-11,3.8,High
2016-04-12,3.81,High
2016-04-13,3.82,High
2016-04-14,3.82,High
2016-04-15,3.83,High
2016-04-16,3.82,High
2016-04-17,3.82,High
2016-04-18,3.78,High
2016-04-19,3.75,High
2016-04-20,3.69,High
2016-04-21,3.57,High
2016-04-22,3.45,High
2016-04-23,3.33,High
2016-04-24,3.21,High
2016-04-25,3.16,High
2016-04-26,3.13,High
2016-04-27,3.09,High
2016-04-28,3.05,High
2016-04-29,3.0,High
2016-04-30,2.97,High
2016-05-01,2.94,High
2016-05-02,2.9,High
2016-05-03,2.88,High
2016-05-04,2.86,High
2016-05-05,2.85,Falling
2016-05-06,2.84,Falling
2016-05-07,2.83,Falling
2016-05-08,2.82,Falling
2016-05-09,2.81,Falling
2016-05-10,2.8,Falling
2016-05-11,2.79,Falling
2016-05-12,2.78,Falling
2016-05-13,2.78,Falling
2016-05-14,2.76,Falling
2016-05-15,2.73,Falling
2016-05-16,2.71,Falling
2016-05-17,2.7,Falling
2016-05-18,2.69,Falling
2016-05-19,2.68,Falling
2016-05-20,2.67,Falling
2016-05-21,2.65,Falling
2016-05-22,2.64,Falling
2016-05-23,2.63,Falling
2016-05-24,2.62,Falling
2016-05-25,2.61,Falling
2016-05-26,2.6,Falling
2016-05-27,2.58,Falling
2016-05-28,2.58,Falling
2016-05-29,2.57,Falling
2016-05-30,2.56,Falling
2016-05-31,2.55,Falling
2016-06-01,2.55,Falling
2016-06-02,2.56,Falling
2016-06-03,2.59,Falling
2016-06-04,2.6,Falling
2016-06-05,2.6,Falling
2016-06-06,2.6,Falling
2016-06-07,2.59,Falling
2016-06-08,2.54,Falling
2016-06-09,2.49,Falling
2016-06-10,2.43,Falling
2016-06-11,2.38,Falling
2016-06-12,2.37,Falling
2016-06-13,2.37,Falling
2016-06-14,2.36,Falling
2016-06-15,2.35,Falling
2016-06-16,2.34,Falling
2016-06-17,2.32,Falling
2016-06-18,2.3,Falling
2016-06-19,2.27,Falling
2016-06-20,2.26,Falling
2016-06-21,2.25,Falling
2016-06-22,2.24,Falling
2016-06-23,2.22,Falling
2016-06-24,2.21,Falling
2016-06-25,2.2,Falling
2016-06-26,2.2,Falling
2016-06-27,2.19,Falling
2016-06-28,2.18,Falling
2016-06-29,2.17,Falling
2016-06-30,2.16,Falling
2016-07-01,2.16,Falling
2016-07-02,2.15,Falling
2016-07-03,2.14,Falling
2016-07-04,2.13,Falling
2016-07-05,2.13,Falling
2016-07-06,2.13,Falling
2016-07-07,2.12,Falling
2016-07-08,2.12,Falling
2016-07-09,2.11,Falling
2016-07-10,2.11,Falling
2016-07-11,2.11,Falling
2016-07-12,2.1,Falling
2016-07-13,2.1,Falling
2016-07-14,2.09,Falling
2016-07-15,2.09,Low
2016-07-16,2.09,Low
2016-07-17,2.09,Low
2016-07-18,2.09,Low
2016-07-19,2.09,Low
2016-07-20,2.09,Low
2016-07-21,2.09,Low
2016-07-22,2.09,Low
2016-07-23,2.08,Low
2016-07-24,2.08,Low
2016-07-25,2.08,Low
2016-07-26,2.07,Low
2016-07-27,2.07,Low
2016-07-28,2.05,Low
2016-07-29,2.01,Low
2016-07-30,2.01,Low
2016-07-31,2.01,Low
2016-08-01,1.99,Low
2016-08-02,1.99,Low
2016-08-03,1.98,Low
2016-08-04,1.98,Low
2016-08-05,1.97,Low
2016-08-06,1.97,Low
2016-08-07,1.96,Low
2016-08-08,1.95,Low
2016-08-09,1.95,Low
2016-08-10,1.94,Low
2016-08-11,1.94,Low
2016-08-12,1.94,Low
2016-08-13,1.93,Low
2016-08-14,1.93,Low
2016-08-15,1.94,Low
2016-08-16,1.94,Low
2016-08-17,1.96,Low
2016-08-18,1.97,Low
2016-08-19,1.98,Low
2016-08-20,1.98,Low
2016-08-21,1.93,Low
2016-08-22,1.94,Low
2016-08-23,1.95,Low
2016-08-24,1.96,Low
2016-08-25,1.96,Low
2016-08-26,1.97,Low
2016-08-27,1.99,Low
2016-08-28,2.02,Low
2016-08-29,2.08,Low
2016-08-30,2.08,Low
2016-08-31,2.06,Low
2016-09-01,2.05,Low
2016-09-02,2.05,Low
2016-09-03,2.05,Low
2016-09-04,2.06,Low
2016-09-05,2.06,Low
2016-09-06,2.06,Low
2016-09-07,2.07,Low
2016-09-08,2.07,Low
2016-09-09,2.07,Low
2016-09-10,2.06,Low
2016-09-11,2.06,Low
2016-09-12,2.05,Low
2016-09-13,2.04,Low
2016-09-14,2.04,Low
2016-09-15,2.03,Low
2016-09-16,2.03,Low
2016-09-17,2.03,Low
2016-09-18,2.01,Low
2016-09-19,1.99,Low
2016-09-20,1.99,Low
2016-09-21,1.98,Low
2016-09-22,1.97,Low
2016-09-23,1.97,Low
2016-09-24,1.96,Low
2016-09-25,1.96,Low
2016-09-26,1.95,Low
2016-09-27,1.95,Low
2016-09-28,1.94,Low
2016-09-29,1.94,Low
2016-09-30,1.93,Low
2016-10-01,1.92,Low
2016-10-02,1.92,Low
2016-10-03,1.91,Low
2016-10-04,1.91,Low
2016-10-05,1.93,Low
2016-10-06,1.93,Low
2016-10-07,1.94,Low
2016-10-08,1.94,Low
2016-10-09,1.95,Low
2016-10-10,1.95,Low
2016-10-11,1.95,Low
2016-10-12,1.96,Low
2016-10-13,1.97,Low
2016-10-14,1.99,Low
2016-10-15,2.0,Low
2016-10-16,2.0,Low
2016-10-17,1.99,Low
2016-10-18,1.98,Low
2016-10-19,1.98,Low
2016-10-20,1.98,Low
2016-10-21,1.97,Low
2016-10-22,1.97,Low
2016-10-23,1.97,Low
2016-10-24,1.97,Low
2016-10-25,1.97,Low
2016-10-26,1.98,Low
2016-10-27,2.0,Low
2016-10-28,2.02,Low
2016-10-29,2.03,Low
2016-10-30,2.04,Rising
2016-10-31,2.05,Rising
2016-11-01,2.06,Rising
2016-11-02,2.09,Rising
2016-11-03,2.11,Rising
2016-11-04,2.13,Rising
2016-11-05,2.14,Rising
2016-11-06,2.14,Rising
2016-11-07,2.13,Rising
2016-11-08,2.12,Rising
2016-11-09,2.13,Rising
2016-11-10,2.14,Rising
2016-11-11,2.16,Rising
2016-11-12,2.18,Rising
2016-11-13,2.21,Rising
2016-11-14,2.21,Rising
2016-11-15,2.23,Rising
2016-11-16,2.24,Rising
2016-11-17,2.24,Rising
2016-11-18,2.24,Rising
2016-11-19,2.24,Rising
2016-11-20,2.23,Rising
2016-11-21,2.25,Rising
2016-11-22,2.25,Rising
2016-11-23,2.25,Rising
2016-11-24,2.25,Rising
2016-11-25,2.26,Rising
2016-11-26,2.27,Rising
2016-11-27,2.29,Rising
2016-11-28,2.28,Falling
2016-11-29,2.28,Falling
2016-11-30,2.26,Falling
2016-12-01,2.26,Falling
2016-12-02,2.26,Falling
2016-12-03,2.24,Falling
2016-12-04,2.21,Falling
2016-12-05,2.19,Falling
2016-12-06,2.19,Falling
2016-12-07,2.2,Falling
2016-12-08,2.19,Rising
2016-12-09,2.19,Rising
2016-12-10,2.19,Rising
2016-12-11,2.19,Rising
2016-12-12,2.18,Rising
2016-12-13,2.18,Rising
2016-12-14,2.14,Rising
2016-12-15,2.14,Rising
2016-12-16,2.16,Rising
2016-12-17,2.18,Rising
2016-12-18,2.19,Rising
2016-12-19,2.2,Rising
2016-12-20,2.21,Rising
2016-12-21,2.25,Rising
2016-12-22,2.29,Rising
2016-12-23,2.3,Rising
2016-12-24,2.31,Rising
2016-12-25,2.33,Rising
2016-12-26,2.37,Rising
2016-12-27,2.38,Rising
2016-12-28,2.4,Rising
2016-12-29,2.42,Rising
2016-12-30,2.44,Rising
2016-12-31,2.45,Rising
2017-01-01,2.5,Rising
2017-01-02,2.52,Rising
2017-01-03,2.54,Rising
2017-01-04,2.56,Rising
2017-01-05,2.59,Rising
2017-01-06,2.6,Rising
2017-01-07,2.63,Rising
2017-01-08,2.65,Rising
2017-01-09,2.66,Rising
2017-01-10,2.67,Rising
2017-01-11,2.68,Rising
2017-01-12,2.7,Rising
2017-01-13,2.7,Rising
2017-01-14,2.71,Rising
2017-01-15,2.72,Rising
2017-01-16,2.73,Rising
2017-01-17,2.73,Rising
2017-01-18,2.75,Rising
2017-01-19,2.76,Rising
2017-01-20,2.77,Rising
2017-01-21,2.76,Rising
2017-01-22,2.75,Rising
2017-01-23,2.75,Rising
2017-01-24,2.74,Rising
2017-01-25,2.73,Rising
2017-01-26,2.73,Rising
2017-01-27,2.72,Rising
2017-01-28,2.74,Rising
2017-01-29,2.77,Rising
2017-01-30,2.78,Rising
2017-01-31,2.78,High
2017-02-01,2.79,High
2017-02-02,2.82,High
2017-02-03,2.88,High
2017-02-04,2.92,High
2017-02-05,2.96,High
2017-02-06,2.99,High
2017-02-07,3.02,High
2017-02-08,3.08,High
2017-02-09,3.16,High
2017-02-10,3.23,High
2017-02-11,3.31,High
2017-02-12,3.35,High
2017-02-13,3.39,High
2017-02-14,3.43,High
2017-02-15,3.47,High
2017-02-16,3.52,High
2017-02-17,3.55,High
2017-02-18,3.57,High
2017-02-19,3.59,High
2017-02-20,3.61,High
2017-02-21,3.63,High
2017-02-22,3.62,High
2017-02-23,3.6,High
2017-02-24,3.57,High
2017-02-25,3.53,High
2017-02-26,3.5,High
2017-02-27,3.47,High
2017-02-28,3.45,High
2017-03-01,3.45,High
2017-03-02,3.45,High
2017-03-03,3.47,High
2017-03-04,3.48,High
2017-03-05,3.51,High
2017-03-06,3.53,High
2017-03-07,3.57,High
2017-03-08,3.6,High
2017-03-09,3.62,High
2017-03-10,3.63,High
2017-03-11,3.64,High
2017-03-12,3.63,High
2017-03-13,3.64,High
2017-03-14,3.64,High
2017-03-15,3.62,High
2017-03-16,3.6,High
2017-03-17,3.61,High
2017-03-18,3.61,High
2017-03-19,3.63,High
2017-03-20,3.66,High
2017-03-21,3.67,High
2017-03-22,3.7,High
2017-03-23,3.72,High
2017-03-24,3.72,High
2017-03-25,3.71,High
2017-03-26,3.69,High
2017-03-27,3.67,High
2017-03-28,3.7,High
2017-03-29,3.68,High
2017-03-30,3.65,High
2017-03-31,3.67,High
2017-04-01,3.73,High
2017-04-02,3.74,High
2017-04-03,3.76,High
2017-04-04,3.78,High
2017-04-05,3.81,High
2017-04-06,3.85,High
2017-04-07,3.86,High
2017-04-08,3.86,High
2017-04-09,3.86,High
2017-04-10,3.85,High
2017-04-11,3.84,High
2017-04-12,3.83,High
2017-04-13,3.82,High
2017-04-14,3.81,High
2017-04-15,3.79,High
2017-04-16,3.78,High
2017-04-17,3.76,High
2017-04-18,3.72,High
2017-04-19,3.67,High
2017-04-20,3.64,High
2017-04-21,3.61,High
2017-04-22,3.56,High
2017-04-23,3.52,High
2017-04-24,3.48,High
2017-04-25,3.43,High
2017-04-26,3.36,High
2017-04-27,3.28,High
2017-04-28,3.22,High
2017-04-29,3.16,High
2017-04-30,3.1,High
2017-05-01,3.06,High
2017-05-02,3.02,High
2017-05-03,2.98,High
2017-05-04,2.95,High
2017-05-05,2.93,High
2017-05-06,2.9,High
2017-05-07,2.88,High
2017-05-08,2.85,High
2017-05-09,2.83,Falling
2017-05-10,2.8,Falling
2017-05-11,2.76,Falling
2017-05-12,2.73,Falling
2017-05-13,2.7,Falling
2017-05-14,2.67,Falling
2017-05-15,2.65,Falling
2017-05-16,2.65,Falling
2017-05-17,2.64,Falling
2017-05-18,2.62,Falling
2017-05-19,2.61,Falling
2017-05-20,2.6,Falling
2017-05-21,2.59,Falling
2017-05-22,2.59,Falling
2017-05-23,2.58,Falling
2017-05-24,2.57,Falling
2017-05-25,2.55,Falling
2017-05-26,2.53,Falling
2017-05-27,2.5,Falling
2017-05-28,2.49,Falling
2017-05-29,2.46,Falling
2017-05-30,2.45,Falling
2017-05-31,2.44,Falling
2017-06-01,2.43,Falling
2017-06-02,2.42,Falling
2017-06-03,2.41,Falling
2017-06-04,2.41,Falling
2017-06-05,2.4,Falling
2017-06-06,2.39,Falling
2017-06-07,2.39,Falling
2017-06-08,2.39,Falling
2017-06-09,2.39,Falling
2017-06-10,2.39,Falling
2017-06-11,2.39,Falling
2017-06-12,2.39,Falling
2017-06-13,2.39,Falling
2017-06-14,2.39,Falling
2017-06-15,2.39,Falling
2017-06-16,2.38,Falling
2017-06-17,2.39,Falling
2017-06-18,2.38,Falling
2017-06-19,2.36,Falling
2017-06-20,2.35,Falling
2017-06-21,2.34,Falling
2017-06-22,2.32,Falling
2017-06-23,2.3,Falling
2017-06-24,2.29,Falling
2017-06-25,2.27,Falling
2017-06-26,2.24,Falling
2017-06-27,2.22,Falling
2017-06-28,2.2,Falling
2017-06-29,2.18,Falling
2017-06-30,2.17,Falling
2017-07-01,2.14,Falling
2017-07-02,2.14,Falling
2017-07-03,2.12,Falling
2017-07-04,2.12,Falling
2017-07-05,2.11,Falling
2017-07-06,2.1,Falling
2017-07-07,2.1,Falling
2017-07-08,2.09,Falling
2017-07-09,2.08,Falling
2017-07-10,2.08,Falling
2017-07-11,2.07,Falling
2017-07-12,2.07,Falling
2017-07-13,2.06,Falling
2017-07-14,2.06,Falling
2017-07-15,2.05,Falling
2017-07-16,2.04,Falling
2017-07-17,2.04,Falling
2017-07-18,2.04,Falling
2017-07-19,2.03,Low
2017-07-20,2.03,Low
2017-07-21,2.02,Low
2017-07-22,2.02,Low
2017-07-23,2.02,Low
2017-07-24,2.02,Low
2017-07-25,2.02,Low
2017-07-26,2.02,Low
2017-07-27,2.03,Low
2017-07-28,2.03,Low
2017-07-29,2.03,Low
2017-07-30,2.02,Low
2017-07-31,2.02,Low
2017-08-01,2.02,Low
2017-08-02,2.01,Low
2017-08-03,2.01,Low
2017-08-04,2.01,Low
2017-08-05,2.01,Low
2017-08-06,2.01,Low
2017-08-07,2.01,Low
2017-08-08,2.0,Low
2017-08-09,2.0,Low
2017-08-10,2.0,Low
2017-08-11,1.99,Low
2017-08-12,1.99,Low
2017-08-13,1.99,Low
2017-08-14,1.99,Low
2017-08-15,1.99,Low
2017-08-16,1.98,Low
2017-08-17,1.99,Low
2017-08-18,1.99,Low
2017-08-19,1.99,Low
2017-08-20,1.99,Low
2017-08-21,1.99,Low
2017-08-22,2.0,Low
2017-08-23,2.01,Low
2017-08-24,2.01,Low
2017-08-25,2.02,Low
2017-08-26,2.04,Rising
2017-08-27,2.06,Rising
2017-08-28,2.09,Rising
2017-08-29,2.11,Rising
2017-08-30,2.13,Rising
2017-08-31,2.14,Falling
2017-09-01,2.15,Low
2017-09-02,2.14,Low
2017-09-03,2.13,Low
2017-09-04,2.12,Low
2017-09-05,2.11,Low
2017-09-06,2.11,Low
2017-09-07,2.1,Low
2017-09-08,2.09,Low
2017-09-09,2.09,Low
2017-09-10,2.08,Low
2017-09-11,2.06,Low
2017-09-12,2.03,Low
2017-09-13,2.0,Low
2017-09-14,1.98,Low
2017-09-15,1.98,Low
2017-09-16,1.96,Low
2017-09-17,1.95,Low
2017-09-18,1.94,Low
2017-09-19,1.94,Low
2017-09-20,1.95,Low
2017-09-21,1.94,Low
2017-09-22,1.94,Low
2017-09-23,1.94,Low
2017-09-24,1.94,Low
2017-09-25,1.94,Low
2017-09-26,1.94,Low
2017-09-27,1.94,Low
2017-09-28,1.94,Low
2017-09-29,1.95,Low
2017-09-30,1.97,Low
2017-10-01,1.98,Low
2017-10-02,2.02,Low
2017-10-03,2.05,Low
2017-10-04,2.05,Low
2017-10-05,2.06,Low
2017-10-06,2.07,Low
2017-10-07,2.08,Low
2017-10-08,2.09,Low
2017-10-09,2.1,Low
2017-10-10,2.1,Low
2017-10-11,2.11,Low
2017-10-12,2.11,Low
2017-10-13,2.11,Low
2017-10-14,2.1,Low
2017-10-15,2.04,Low
2017-10-16,1.97,Low
2017-10-17,1.96,Low
2017-10-18,1.96,Low
2017-10-19,1.95,Low
2017-10-20,1.95,Low
2017-10-21,1.95,Low
2017-10-22,1.96,Low
2017-10-23,1.97,Low
2017-10-24,1.98,Low
2017-10-25,1.98,Low
2017-10-26,1.97,Low
2017-10-27,1.98,Low
2017-10-28,1.99,Low
2017-10-29,1.97,Low
2017-10-30,1.95,Low
2017-10-31,1.93,Low
2017-11-01,1.93,Low
2017-11-02,1.91,Low
2017-11-03,1.89,Low
2017-11-04,1.91,Low
2017-11-05,1.95,Low
2017-11-06,1.95,Low
2017-11-07,1.98,Low
2017-11-08,2.0,Low
2017-11-09,2.04,Low
2017-11-10,2.05,Low
2017-11-11,2.06,Low
2017-11-12,2.06,Low
2017-11-13,2.07,Low
2017-11-14,2.09,Low
2017-11-15,2.1,Low
2017-11-16,2.12,Low
2017-11-17,2.15,Low
2017-11-18,2.15,Low
2017-11-19,2.15,Low
2017-11-20,2.16,Low
2017-11-21,2.15,Rising
2017-11-22,2.14,Rising
2017-11-23,2.13,Rising
2017-11-24,2.13,Rising
2017-11-25,2.15,Rising
2017-11-26,2.17,Rising
2017-11-27,2.18,Rising
2017-11-28,2.2,Rising
2017-11-29,2.21,Rising
2017-11-30,2.25,Rising
2017-12-01,2.35,Rising
2017-12-02,2.38,Rising
2017-12-03,2.38,Rising
2017-12-04,2.39,Rising
2017-12-05,2.44,Rising
2017-12-06,2.45,Rising
2017-12-07,2.44,Rising
2017-12-08,2.42,Rising
2017-12-09,2.47,Rising
2017-12-10,2.52,Rising
2017-12-11,2.52,Rising
2017-12-12,2.53,Rising
2017-12-13,2.53,Rising
2017-12-14,2.52,Rising
2017-12-15,2.52,Rising
2017-12-16,2.52,Rising
2017-12-17,2.54,Rising
2017-12-18,2.55,Rising
2017-12-19,2.56,Rising
2017-12-20,2.58,Rising
2017-12-21,2.6,Rising
2017-12-22,2.64,Rising
2017-12-23,2.66,Rising
2017-12-24,2.68,Rising
2017-12-25,2.72,Rising
2017-12-26,2.78,Rising
2017-12-27,2.79,Rising
2017-12-28,2.81,Rising
2017-12-29,2.82,Rising
2017-12-30,2.82,Rising
2017-12-31,2.83,Rising
2018-01-01,2.84,Rising
2018-01-02,2.84,Rising
2018-01-03,2.84,Rising
2018-01-04,2.85,Rising
2018-01-05,2.84,Rising
2018-01-06,2.83,Rising
2018-01-07,2.88,Rising
2018-01-08,2.88,Rising
2018-01-09,2.94,Rising
2018-01-10,3.02,Rising
2018-01-11,3.07,Rising
2018-01-12,3.19,Rising
2018-01-13,3.27,Rising
2018-01-14,3.29,Rising
2018-01-15,3.29,Rising
2018-01-16,3.28,Rising
2018-01-17,3.32,Rising
2018-01-18,3.38,Rising
2018-01-19,3.44,Rising
2018-01-20,3.66,Rising
2018-01-21,3.75,Rising
2018-01-22,3.8,Rising
2018-01-23,3.9,Rising
2018-01-24,3.98,Rising
2018-01-25,4.05,Rising
2018-01-26,4.09,Rising
2018-01-27,4.12,Rising
2018-01-28,4.14,Rising
2018-01-29,4.16,Rising
2018-01-30,4.18,Rising
2018-01-31,4.2,Rising
2018-02-01,4.21,Rising
2018-02-02,4.24,Rising
2018-02-03,4.3,Rising
2018-02-04,4.31,Rising
2018-02-05,4.28,Rising
2018-02-06,4.23,Rising
2018-02-07,4.17,Rising
2018-02-08,4.1,Rising
2018-02-09,4.05,High
2018-02-10,4.0,High
2018-02-11,3.97,High
2018-02-12,3.99,High
2018-02-13,3.98,High
2018-02-14,4.0,High
2018-02-15,4.04,High
2018-02-16,4.05,High
2018-02-17,4.06,High
2018-02-18,4.09,High
2018-02-19,4.12,High
2018-02-20,4.13,High
2018-02-21,4.15,High
2018-02-22,4.19,High
2018-02-23,4.24,High
2018-02-24,4.28,High
2018-02-25,4.32,High
2018-02-26,4.35,High
2018-02-27,4.37,High
2018-02-28,4.37,High
2018-03-01,4.36,High
2018-03-02,4.33,High
2018-03-03,4.3,High
2018-03-04,4.27,High
2018-03-05,4.26,High
2018-03-06,4.28,High
2018-03-07,4.3,High
2018-03-08,4.31,High
2018-03-09,4.36,High
2018-03-10,4.37,High
2018-03-11,4.39,High
2018-03-12,4.41,High
2018-03-13,4.4,High
2018-03-14,4.41,High
2018-03-15,4.41,High
2018-03-16,4.4,High
2018-03-17,4.39,High
2018-03-18,4.38,High
2018-03-19,4.37,High
2018-03-20,4.36,High
2018-03-21,4.37,High
2018-03-22,4.35,High
2018-03-23,4.32,High
2018-03-24,4.25,High
2018-03-25,4.23,High
2018-03-26,4.28,High
2018-03-27,4.27,High
2018-03-28,4.29,High
2018-03-29,4.29,High
2018-03-30,4.28,High
2018-03-31,4.29,High
2018-04-01,4.32,High
2018-04-02,4.36,High
2018-04-03,4.4,High
2018-04-04,4.42,High
2018-04-05,4.46,High
2018-04-06,4.48,High
2018-04-07,4.5,High
2018-04-08,4.53,High
2018-04-09,4.56,High
2018-04-10,4.59,High
2018-04-11,4.64,High
2018-04-12,4.71,High
2018-04-13,4.77,High
2018-04-14,4.81,High
2018-04-15,4.84,High
2018-04-16,4.86,High
2018-04-17,4.86,High
2018-04-18,4.87,High
2018-04-19,4.87,High
2018-04-20,4.89,High
2018-04-21,4.9,High
2018-04-22,4.89,High
2018-04-23,4.89,High
2018-04-24,4.88,High
2018-04-25,4.86,High
2018-04-26,4.83,High
2018-04-27,4.79,High
2018-04-28,4.76,High
2018-04-29,4.71,High
2018-04-30,4.68,High
2018-05-01,4.65,High
2018-05-02,4.62,High
2018-05-03,4.58,High
2018-05-04,4.54,High
2018-05-05,4.5,High
2018-05-06,4.46,High
2018-05-07,4.41,High
2018-05-08,4.31,High
2018-05-09,4.24,High
2018-05-10,4.15,Falling
2018-05-11,4.06,Falling
2018-05-12,3.94,Falling
2018-05-13,3.84,Falling
2018-05-14,3.73,Falling
2018-05-15,3.63,Falling
2018-05-16,3.53,Falling
2018-05-17,3.45,Falling
2018-05-18,3.39,Falling
2018-05-19,3.33,Falling
2018-05-20,3.27,Falling
2018-05-21,3.21,Falling
2018-05-22,3.17,Falling
2018-05-23,3.13,Falling
2018-05-24,3.09,Falling
2018-05-25,3.04,Falling
2018-05-26,3.01,Falling
2018-05-27,2.99,Falling
2018-05-28,2.98,Falling
2018-05-29,2.97,Falling
2018-05-30,2.95,Falling
2018-05-31,2.93,Falling
2018-06-01,2.92,Falling
2018-06-02,2.9,Falling
2018-06-03,2.89,Falling
2018-06-04,2.87,Falling
2018-06-05,2.85,Falling
2018-06-06,2.84,Falling
2018-06-07,2.81,Falling
2018-06-08,2.79,Falling
2018-06-09,2.77,Falling
2018-06-10,2.74,Falling
2018-06-11,2.71,Falling
2018-06-12,2.68,Falling
2018-06-13,2.64,Falling
2018-06-14,2.6,Falling
2018-06-15,2.57,Falling
2018-06-16,2.56,Falling
2018-06-17,2.55,Falling
2018-06-18,2.54,Falling
2018-06-19,2.54,Falling
2018-06-20,2.54,Falling
2018-06-21,2.53,Falling
2018-06-22,2.52,Falling
2018-06-23,2.52,Falling
2018-06-24,2.51,Falling
2018-06-25,2.5,Falling
2018-06-26,2.49,Falling
2018-06-27,2.48,Falling
2018-06-28,2.46,Falling
2018-06-29,2.46,Falling
2018-06-30,2.44,Falling
2018-07-01,2.44,Falling
2018-07-02,2.43,Falling
2018-07-03,2.43,Falling
2018-07-04,2.4,Falling
2018-07-05,2.39,Falling
2018-07-06,2.37,Falling
2018-07-07,2.36,Falling
2018-07-08,2.35,Falling
2018-07-09,2.34,Falling
2018-07-10,2.32,Falling
2018-07-11,2.32,Falling
2018-07-12,2.32,Falling
2018-07-13,2.32,Falling
2018-07-14,2.31,Falling
2018-07-15,2.31,Falling
2018-07-16,2.31,Falling
2018-07-17,2.3,Falling
2018-07-18,2.29,Falling
2018-07-19,2.28,Falling
2018-07-20,2.26,Falling
2018-07-21,2.25,Falling
2018-07-22,2.24,Falling
2018-07-23,2.23,Falling
2018-07-24,2.23,Falling
2018-07-25,2.22,Falling
2018-07-26,2.22,Falling
2018-07-27,2.21,Falling
2018-07-28,2.21,Falling
2018-07-29,2.21,Falling
2018-07-30,2.21,Falling
2018-07-31,2.21,Falling
2018-08-01,2.21,Falling
2018-08-02,2.2,Falling
2018-08-03,2.2,Falling
2018-08-04,2.2,Falling
2018-08-05,2.2,Falling
2018-08-06,2.2,Falling
2018-08-07,2.2,Falling
2018-08-08,2.2,Falling
2018-08-09,2.2,Falling
2018-08-10,2.2,Falling
2018-08-11,2.19,Falling
2018-08-12,2.19,Falling
2018-08-13,2.19,Falling
2018-08-14,2.18,Falling
2018-08-15,2.18,Falling
2018-08-16,2.17,Falling
2018-08-17,2.17,Falling
2018-08-18,2.17,Falling
2018-08-19,2.16,Falling
2018-08-20,2.16,Falling
2018-08-21,2.15,Falling
2018-08-22,2.15,Falling
2018-08-23,2.14,Low
2018-08-24,2.14,Low
2018-08-25,2.14,Low
2018-08-26,2.13,Low
2018-08-27,2.13,Low
2018-08-28,2.13,Low
2018-08-29,2.13,Low
2018-08-30,2.12,Low
2018-08-31,2.12,Low
2018-09-01,2.12,Low
2018-09-02,2.1,Low
2018-09-03,2.09,Low
2018-09-04,2.08,Low
2018-09-05,2.08,Low
2018-09-06,2.07,Low
2018-09-07,2.06,Low
2018-09-08,2.06,Low
2018-09-09,2.05,Low
2018-09-10,2.05,Low
2018-09-11,2.04,Low
2018-09-12,2.04,Low
2018-09-13,2.04,Low
2018-09-14,2.04,Low
2018-09-15,2.03,Low
2018-09-16,2.03,Low
2018-09-17,2.03,Low
2018-09-18,2.02,Low
2018-09-19,2.02,Low
2018-09-20,2.02,Low
2018-09-21,1.99,Low
2018-09-22,1.99,Low
2018-09-23,1.99,Low
2018-09-24,1.98,Low
2018-09-25,1.99,Low
2018-09-26,2.02,Low
2018-09-27,2.03,Low
2018-09-28,2.05,Low
2018-09-29,2.06,Low
2018-09-30,2.08,Low
2018-10-01,2.05,Low
2018-10-02,2.05,Low
2018-10-03,2.05,Low
2018-10-04,2.09,Low
2018-10-05,2.1,Low
2018-10-06,2.07,Low
2018-10-07,2.09,Low
2018-10-08,2.12,Low
2018-10-09,2.14,Low
2018-10-10,2.14,Low
2018-10-11,2.16,Low
2018-10-12,2.17,Low
2018-10-13,2.18,Low
2018-10-14,2.19,Low
2018-10-15,2.21,Low
2018-10-16,2.23,Low
2018-10-17,2.24,Low
2018-10-18,2.25,Low
2018-10-19,2.25,Low
2018-10-20,2.28,Rising
2018-10-21,2.29,Rising
2018-10-22,2.3,Rising
2018-10-23,2.3,Rising
2018-10-24,2.31,Rising
2018-10-25,2.33,Rising
2018-10-26,2.34,Rising
2018-10-27,2.35,Rising
2018-10-28,2.35,Rising
2018-10-29,2.36,Rising
2018-10-30,2.38,Rising
2018-10-31,2.38,Rising
2018-11-01,2.4,Rising
2018-11-02,2.41,Rising
2018-11-03,2.42,Rising
2018-11-04,2.43,Rising
2018-11-05,2.43,Rising
2018-11-06,2.42,Rising
2018-11-07,2.41,Rising
2018-11-08,2.42,Rising
2018-11-09,2.43,Rising
2018-11-10,2.43,Rising
2018-11-11,2.43,Rising
2018-11-12,2.45,Rising
2018-11-13,2.46,Rising
2018-11-14,2.48,Rising
2018-11-15,2.51,Rising
2018-11-16,2.54,Rising
2018-11-17,2.56,Rising
2018-11-18,2.58,Rising
2018-11-19,2.64,Rising
2018-11-20,2.64,Rising
2018-11-21,2.69,Rising
2018-11-22,2.72,Rising
2018-11-23,2.74,Rising
2018-11-24,2.75,Rising
2018-11-25,2.81,Rising
2018-11-26,2.83,Rising
2018-11-27,2.85,Rising
2018-11-28,2.86,Rising
2018-11-29,2.89,Rising
2018-11-30,2.91,Rising
2018-12-01,2.94,Rising
2018-12-02,3.0,Rising
2018-12-03,3.02,Rising
2018-12-04,3.03,Rising
2018-12-05,3.03,Rising
2018-12-06,3.03,Rising
2018-12-07,3.02,Rising
2018-12-08,3.02,Rising
2018-12-09,3.01,Rising
2018-12-10,3.01,Rising
2018-12-11,3.01,Rising
2018-12-12,3.02,Rising
2018-12-13,3.04,Rising
2018-12-14,3.07,Rising
2018-12-15,3.08,Falling
2018-12-16,3.12,Falling
2018-12-17,3.13,Falling
2018-12-18,3.14,Falling
2018-12-19,3.14,Falling
2018-12-20,3.17,Falling
2018-12-21,3.18,Falling
2018-12-22,3.16,Falling
2018-12-23,3.15,Falling
2018-12-24,3.12,Falling
2018-12-25,3.12,Falling
2018-12-26,3.04,Falling
2018-12-27,3.01,Falling
2018-12-28,2.92,Falling
2018-12-29,2.87,Falling
2018-12-30,2.8,Falling
2018-12-31,2.77,Falling
2019-01-01,2.76,Falling
2019-01-02,2.77,Falling
2019-01-03,2.76,Falling
2019-01-04,2.76,Falling
2019-01-05,2.77,Falling
2019-01-06,2.76,Falling
2019-01-07,2.74,Falling
2019-01-08,2.74,Falling
2019-01-09,2.74,Falling
2019-01-10,2.77,Falling
2019-01-11,2.8,Falling
2019-01-12,2.81,Falling
2019-01-13,2.83,Rising
2019-01-14,2.86,Rising
2019-01-15,2.88,Rising
2019-01-16,2.91,Rising
2019-01-17,2.94,Rising
2019-01-18,2.96,Rising
2019-01-19,2.98,Rising
2019-01-20,3.0,Rising
2019-01-21,3.02,Rising
2019-01-22,3.03,Rising
2019-01-23,3.03,Rising
2019-01-24,3.04,Rising
2019-01-25,3.01,Rising
2019-01-26,2.98,Rising
2019-01-27,3.0,Rising
2019-01-28,2.99,Rising
2019-01-29,3.0,Rising
2019-01-30,3.02,Rising
2019-01-31,3.04,Rising
2019-02-01,3.06,Rising
2019-02-02,3.08,Rising
2019-02-03,3.07,Rising
2019-02-04,3.05,Rising
2019-02-05,3.03,Rising
2019-02-06,3.02,Rising
2019-02-07,3.01,Rising
2019-02-08,3.0,Rising
2019-02-09,2.98,Rising
2019-02-10,3.0,Rising
2019-02-11,3.02,Rising
2019-02-12,3.04,Rising
2019-02-13,3.05,Rising
2019-02-14,3.07,Rising
2019-02-15,3.09,Rising
2019-02-16,3.1,Rising
2019-02-17,3.1,Rising
2019-02-18,3.09,High
2019-02-19,3.09,High
2019-02-20,3.13,High
2019-02-21,3.15,High
2019-02-22,3.17,High
2019-02-23,3.2,High
2019-02-24,3.29,High
2019-02-25,3.31,High
2019-02-26,3.4,High
2019-02-27,3.49,High
2019-02-28,3.56,High
2019-03-01,3.63,High
2019-03-02,3.66,High
2019-03-03,3.72,High
2019-03-04,3.76,High
2019-03-05,3.78,High
2019-03-06,3.82,High
2019-03-07,3.85,High
2019-03-08,3.86,High
2019-03-09,3.88,High
2019-03-10,3.88,High
2019-03-11,3.9,High
2019-03-12,3.91,High
2019-03-13,3.94,High
2019-03-14,3.97,High
2019-03-15,4.01,High
2019-03-16,4.04,High
2019-03-17,4.06,High
2019-03-18,4.09,High
2019-03-19,4.12,High
2019-03-20,4.13,High
2019-03-21,4.16,High
2019-03-22,4.19,High
2019-03-23,4.2,High
2019-03-24,4.25,High
2019-03-25,4.28,High
2019-03-26,4.31,High
2019-03-27,4.33,High
2019-03-28,4.38,High
2019-03-29,4.36,High
2019-03-30,4.38,High
2019-03-31,4.37,High
2019-04-01,4.37,High
2019-04-02,4.35,High
2019-04-03,4.33,High
2019-04-04,4.28,High
2019-04-05,4.23,High
2019-04-06,4.19,High
2019-04-07,4.14,High
2019-04-08,4.09,High
2019-04-09,4.04,High
2019-04-10,4.01,High
2019-04-11,4.06,High
2019-04-12,4.06,High
2019-04-13,4.06,High
2019-04-14,4.08,High
2019-04-15,4.06,High
2019-04-16,4.06,High
2019-04-17,4.06,High
2019-04-18,4.06,High
2019-04-19,4.1,High
2019-04-20,4.08,High
2019-04-21,4.06,High
2019-04-22,4.06,High
2019-04-23,3.94,High
2019-04-24,3.92,High
2019-04-25,3.86,High
2019-04-26,3.82,High
2019-04-27,3.7,High
2019-04-28,3.74,High
2019-04-29,3.7,High
2019-04-30,3.69,High
2019-05-01,3.69,High
2019-05-02,3.71,High
2019-05-03,3.71,High
2019-05-04,3.71,High
2019-05-05,3.73,High
2019-05-06,3.73,High
2019-05-07,3.71,High
2019-05-08,3.75,High
2019-05-09,3.73,High
2019-05-10,3.71,High
2019-05-11,3.69,High
2019-05-12,3.7,High
2019-05-13,3.67,High
2019-05-14,3.63,High
2019-05-15,3.6,High
2019-05-16,3.55,High
2019-05-17,3.52,High
2019-05-18,3.49,High
2019-05-19,3.46,High
2019-05-20,3.44,High
2019-05-21,3.4,High
2019-05-22,3.35,High
2019-05-23,3.32,High
2019-05-24,3.28,High
2019-05-25,3.24,High
2019-05-26,3.2,High
2019-05-27,3.16,Falling
2019-05-28,3.1,Falling
2019-05-29,3.06,Falling
2019-05-30,3.03,Falling
2019-05-31,2.98,Falling
2019-06-01,2.94,Falling
2019-06-02,2.9,Falling
2019-06-03,2.88,Falling
2019-06-04,2.85,Falling
2019-06-05,2.83,Falling
2019-06-06,2.8,Falling
2019-06-07,2.76,Falling
2019-06-08,2.74,Falling
2019-06-09,2.7,Falling
2019-06-10,2.68,Falling
2019-06-11,2.64,Falling
2019-06-12,2.62,Falling
2019-06-13,2.59,Falling
2019-06-14,2.58,Falling
2019-06-15,2.57,Falling
2019-06-16,2.53,Falling
2019-06-17,2.54,Falling
2019-06-18,2.54,Falling
2019-06-19,2.51,Falling
2019-06-20,2.49,Falling
2019-06-21,2.48,Falling
2019-06-22,2.46,Falling
2019-06-23,2.45,Falling
2019-06-24,2.43,Falling
2019-06-25,2.4,Falling
2019-06-26,2.4,Falling
2019-06-27,2.39,Falling
2019-06-28,2.39,Falling
2019-06-29,2.37,Falling
2019-06-30,2.37,Falling
2019-07-01,2.35,Falling
2019-07-02,2.35,Falling
2019-07-03,2.35,Falling
2019-07-04,2.33,Falling
2019-07-05,2.33,Falling
2019-07-06,2.32,Falling
2019-07-07,2.32,Falling
2019-07-08,2.31,Falling
2019-07-09,2.3,Falling
2019-07-10,2.29,Falling
2019-07-11,2.29,Falling
2019-07-12,2.29,Falling
2019-07-13,2.28,Falling
2019-07-14,2.28,Falling
2019-07-15,2.26,Falling
2019-07-16,2.26,Falling
2019-07-17,2.25,Falling
2019-07-18,2.25,Falling
2019-07-19,2.24,Low
2019-07-20,2.23,Low
2019-07-21,2.23,Low
2019-07-22,2.23,Low
2019-07-23,2.23,Low
2019-07-24,2.22,Low
2019-07-25,2.2,Low
2019-07-26,2.2,Low
2019-07-27,2.19,Low
2019-07-28,2.19,Low
2019-07-29,2.18,Low
2019-07-30,2.18,Low
2019-07-31,2.17,Low
2019-08-01,2.17,Low
2019-08-02,2.17,Low
2019-08-03,2.17,Low
2019-08-04,2.16,Low
2019-08-05,2.16,Low
2019-08-06,2.16,Low
2019-08-07,2.15,Low
2019-08-08,2.14,Low
2019-08-09,2.14,Low
2019-08-10,2.14,Low
2019-08-11,2.14,Low
2019-08-12,2.14,Low
2019-08-13,2.14,Low
2019-08-14,2.13,Low
2019-08-15,2.12,Low
2019-08-16,2.12,Low
2019-08-17,2.12,Low
2019-08-18,2.12,Low
2019-08-19,2.12,Low
2019-08-20,2.11,Low
2019-08-21,2.11,Low
2019-08-22,2.11,Low
2019-08-23,2.1,Low
2019-08-24,2.1,Low
2019-08-25,2.1,Low
2019-08-26,2.09,Low
2019-08-27,2.1,Low
2019-08-28,2.1,Low
2019-08-29,2.09,Low
2019-08-30,2.09,Low
2019-08-31,2.09,Low
2019-09-01,2.09,Falling
2019-09-02,2.08,Falling
2019-09-03,2.08,Falling
2019-09-04,2.08,Falling
2019-09-05,2.08,Falling
2019-09-06,2.08,Falling
2019-09-07,2.07,Falling
2019-09-08,2.06,Falling
2019-09-09,2.06,Falling
2019-09-10,2.05,Falling
2019-09-11,2.04,Falling
2019-09-12,2.04,Falling
2019-09-13,2.03,Falling
2019-09-14,2.03,Falling
2019-09-15,2.02,Falling
2019-09-16,2.02,Falling
2019-09-17,2.02,Falling
2019-09-18,2.02,Falling
2019-09-19,2.02,Falling
2019-09-20,2.01,Falling
2019-09-21,2.01,Low
2019-09-22,2.01,Low
2019-09-23,2.01,Low
2019-09-24,2.01,Low
2019-09-25,1.98,Low
2019-09-26,1.98,Low
2019-09-27,1.97,Low
2019-09-28,1.97,Low
2019-09-29,1.96,Low
2019-09-30,1.96,Low
2019-10-01,1.95,Low
2019-10-02,1.95,Low
2019-10-03,1.98,Low
2019-10-04,1.97,Low
2019-10-05,1.97,Low
2019-10-06,1.96,Low
2019-10-07,1.98,Low
2019-10-08,1.98,Low
2019-10-09,1.98,Low
2019-10-10,1.98,Low
2019-10-11,1.99,Low
2019-10-12,2.0,Low
2019-10-13,2.0,Low
2019-10-14,2.02,Low
2019-10-15,2.04,Low
2019-10-16,2.05,Low
2019-10-17,2.06,Low
2019-10-18,2.06,Rising
2019-10-19,2.05,Rising
2019-10-20,2.04,Rising
2019-10-21,2.04,Rising
2019-10-22,2.03,Rising
2019-10-23,2.04,Rising
2019-10-24,2.03,Rising
2019-10-25,2.02,Rising
2019-10-26,2.02,Rising
2019-10-27,2.01,Rising
2019-10-28,2.01,Rising
2019-10-29,2.0,Rising
2019-10-30,2.01,Rising
2019-10-31,2.01,Rising
2019-11-01,2.02,Rising
2019-11-02,2.02,Rising
2019-11-03,2.0,Rising
2019-11-04,2.02,Rising
2019-11-05,2.02,Rising
2019-11-06,2.03,Rising
2019-11-07,2.04,Rising
2019-11-08,2.07,Rising
2019-11-09,2.09,Rising
2019-11-10,2.09,Rising
2019-11-11,2.12,Rising
2019-11-12,2.13,Rising
2019-11-13,2.13,Rising
2019-11-14,2.15,Rising
2019-11-15,2.18,Rising
2019-11-16,2.18,Rising
2019-11-17,2.2,Rising
2019-11-18,2.2,Rising
2019-11-19,2.2,Rising
2019-11-20,2.22,Rising
2019-11-21,2.23,Rising
2019-11-22,2.24,Rising
2019-11-23,2.24,Rising
2019-11-24,2.22,Rising
2019-11-25,2.21,Rising
2019-11-26,2.21,Rising
2019-11-27,2.22,Rising
2019-11-28,2.22,Rising
2019-11-29,2.23,Rising
2019-11-30,2.23,Rising
2019-12-01,2.23,Rising
2019-12-02,2.24,Rising
2019-12-03,2.24,Rising
2019-12-04,2.27,Rising
2019-12-05,2.26,Rising
2019-12-06,2.26,Rising
2019-12-07,2.26,Rising
2019-12-08,2.26,Rising
2019-12-09,2.28,Rising
2019-12-10,2.28,Rising
2019-12-11,2.29,Rising
2019-12-12,2.29,Rising
2019-12-13,2.3,Rising
2019-12-14,2.28,Rising
2019-12-15,2.26,Rising
2019-12-16,2.25,Rising
2019-12-17,2.25,Rising
2019-12-18,2.24,Rising
2019-12-19,2.24,Rising
2019-12-20,2.24,Rising
2019-12-21,2.24,Rising
2019-12-22,2.25,Rising
2019-12-23,2.25,Rising
2019-12-24,2.26,Rising
2019-12-25,2.26,Rising
2019-12-26,2.27,Rising
2019-12-27,2.31,Rising
2019-12-28,2.32,Rising
2019-12-29,2.32,Rising
2019-12-30,2.33,Rising
2019-12-31,2.33,Rising
2020-01-01,2.34,Rising
2020-01-02,2.35,Rising
2020-01-03,2.35,Rising
2020-01-04,2.34,Rising
2020-01-05,2.33,Rising
2020-01-06,2.33,Rising
2020-01-07,2.33,Rising
2020-01-08,2.36,Falling
2020-01-09,2.36,Falling
2020-01-10,2.36,Falling
2020-01-11,2.35,Falling
2020-01-12,2.35,Falling
2020-01-13,2.33,Falling
2020-01-14,2.33,Falling
2020-01-15,2.29,Falling
2020-01-16,2.29,Falling
2020-01-17,2.27,Falling
2020-01-18,2.28,Rising
2020-01-19,2.28,Rising
2020-01-20,2.28,Rising
2020-01-21,2.29,Rising
2020-01-22,2.25,Rising
2020-01-23,2.25,Rising
2020-01-24,2.25,Rising
2020-01-25,2.24,Rising
2020-01-26,2.25,Rising
2020-01-27,2.25,Rising
2020-01-28,2.28,Rising
2020-01-29,2.3,Rising
2020-01-30,2.3,High
2020-01-31,2.32,High
2020-02-01,2.35,High
2020-02-02,2.39,High
2020-02-03,2.42,High
2020-02-04,2.46,High
2020-02-05,2.44,High
2020-02-06,2.44,High
2020-02-07,2.46,High
2020-02-08,2.49,High
2020-02-09,2.49,High
2020-02-10,2.49,High
2020-02-11,2.51,High
2020-02-12,2.51,High
2020-02-13,2.54,High
2020-02-14,2.55,High
2020-02-15,2.56,High
2020-02-16,2.58,High
2020-02-17,2.59,High
2020-02-18,2.6,High
2020-02-19,2.63,High
2020-02-20,2.64,High
2020-02-21,2.71,High
2020-02-22,2.79,High
2020-02-23,2.78,High
2020-02-24,2.77,High
2020-02-25,2.78,High
2020-02-26,2.78,High
2020-02-27,2.79,High
2020-02-28,2.8,High
2020-02-29,2.8,High
2020-03-01,2.8,High
2020-03-02,2.82,High
2020-03-03,2.82,High
2020-03-04,2.82,High
2020-03-05,2.84,High
2020-03-06,2.86,High
2020-03-07,2.88,High
2020-03-08,2.92,High
2020-03-09,2.94,High
2020-03-10,2.97,High
2020-03-11,2.98,High
2020-03-12,3.03,High
2020-03-13,3.06,High
2020-03-14,3.09,High
2020-03-15,3.12,High
2020-03-16,3.14,High
2020-03-17,3.16,High
2020-03-18,3.18,High
2020-03-19,3.19,High
2020-03-20,3.23,High
2020-03-21,3.2,High
2020-03-22,3.19,High
2020-03-23,3.16,High
2020-03-24,3.13,High
2020-03-25,3.06,High
2020-03-26,3.01,High
2020-03-27,2.95,High
2020-03-28,2.9,High
2020-03-29,2.84,High
2020-03-30,2.77,High
2020-03-31,2.73,High
2020-04-01,2.7,High
2020-04-02,2.67,High
2020-04-03,2.64,High
2020-04-04,2.62,High
2020-04-05,2.6,High
2020-04-06,2.6,High
2020-04-07,2.59,High
2020-04-08,2.59,High
2020-04-09,2.59,High
2020-04-10,2.57,High
2020-04-11,2.57,High
2020-04-12,2.56,High
2020-04-13,2.54,High
2020-04-14,2.53,High
2020-04-15,2.5,High
2020-04-16,2.49,High
2020-04-17,2.47,High
2020-04-18,2.46,High
2020-04-19,2.46,High
2020-04-20,2.46,High
2020-04-21,2.44,High
2020-04-22,2.42,High
2020-04-23,2.41,High
2020-04-24,2.4,High
2020-04-25,2.39,High
2020-04-26,2.38,High
2020-04-27,2.37,High
2020-04-28,2.36,High
2020-04-29,2.35,High
2020-04-30,2.34,High
2020-05-01,2.33,High
2020-05-02,2.31,High
2020-05-03,2.29,High
2020-05-04,2.29,Falling
2020-05-05,2.31,Falling
2020-05-06,2.34,Falling
2020-05-07,2.36,Falling
2020-05-08,2.34,Falling
2020-05-09,2.32,Falling
2020-05-10,2.31,Falling
2020-05-11,2.3,Falling
2020-05-12,2.32,Falling
2020-05-13,2.32,Falling
2020-05-14,2.32,Falling
2020-05-15,2.32,Falling
2020-05-16,2.31,Falling
2020-05-17,2.3,Falling
2020-05-18,2.3,Falling
2020-05-19,2.3,Rising
2020-05-20,2.3,Rising
2020-05-21,2.28,Falling
2020-05-22,2.26,Falling
2020-05-23,2.24,Falling
2020-05-24,2.26,Falling
2020-05-25,2.26,Falling
2020-05-26,2.27,Falling
2020-05-27,2.27,Falling
2020-05-28,2.29,Falling
2020-05-29,2.29,Falling
2020-05-30,2.3,Falling
2020-05-31,2.3,Falling
2020-06-01,2.31,Falling
2020-06-02,2.3,Falling
2020-06-03,2.3,Falling
2020-06-04,2.29,Falling
2020-06-05,2.28,Falling
2020-06-06,2.25,Falling
2020-06-07,2.23,Falling
2020-06-08,2.22,Falling
2020-06-09,2.2,Falling
2020-06-10,2.19,Falling
2020-06-11,2.17,Falling
2020-06-12,2.16,Falling
2020-06-13,2.15,Falling
2020-06-14,2.14,Falling
2020-06-15,2.13,Falling
2020-06-16,2.1,Falling
2020-06-17,2.11,Falling
2020-06-18,2.1,Falling
2020-06-19,2.09,Falling
2020-06-20,2.09,Falling
2020-06-21,2.08,Falling
2020-06-22,2.06,Falling
2020-06-23,2.06,Falling
2020-06-24,2.05,Falling
2020-06-25,2.05,Falling
2020-06-26,2.05,Falling
2020-06-27,2.03,Falling
2020-06-28,2.03,Falling
2020-06-29,2.02,Falling
2020-06-30,2.01,Falling
2020-07-01,2.0,Falling
2020-07-02,2.0,Falling
2020-07-03,1.99,Low
2020-07-04,2.0,Low
2020-07-05,1.98,Low
2020-07-06,1.98,Low
2020-07-07,1.97,Low
2020-07-08,1.98,Low
2020-07-09,1.97,Low
2020-07-10,1.97,Low
2020-07-11,1.96,Low
2020-07-12,1.96,Low
2020-07-13,1.95,Low
2020-07-14,1.95,Low
2020-07-15,1.96,Low
2020-07-16,1.95,Low
2020-07-17,1.95,Low
2020-07-18,1.95,Low
2020-07-19,1.95,Low
2020-07-20,1.94,Low
2020-07-21,1.94,Low
2020-07-22,1.94,Low
2020-07-23,1.92,Low
2020-07-24,1.92,Low
2020-07-25,1.91,Low
2020-07-26,1.9,Low
2020-07-27,1.9,Low
2020-07-28,1.9,Low
2020-07-29,1.89,Low
2020-07-30,1.9,Low
2020-07-31,1.9,Low
2020-08-01,1.9,Low
2020-08-02,1.9,Low
2020-08-03,1.9,Low
2020-08-04,1.9,Low
2020-08-05,1.89,Low
2020-08-06,1.89,Low
2020-08-07,1.89,Low
2020-08-08,1.88,Low
2020-08-09,1.88,Low
2020-08-10,1.88,Low
2020-08-11,1.88,Low
2020-08-12,1.88,Low
2020-08-13,1.87,Low
2020-08-14,1.87,Low
2020-08-15,1.86,Low
2020-08-16,1.86,Low
2020-08-17,1.85,Low
2020-08-18,1.85,Low
2020-08-19,1.85,Low
2020-08-20,1.84,Low
2020-08-21,1.84,Low
2020-08-22,1.84,Low
2020-08-23,1.84,Low
2020-08-24,1.84,Low
2020-08-25,1.83,Low
2020-08-26,1.83,Low
2020-08-27,1.83,Low
2020-08-28,1.86,Low
2020-08-29,1.86,Low
2020-08-30,1.83,Low
2020-08-31,1.82,Low
2020-09-01,1.82,Low
2020-09-02,1.81,Low
2020-09-03,1.81,Low
2020-09-04,1.81,Low
2020-09-05,1.81,Low
2020-09-06,1.8,Low
2020-09-07,1.79,Low
2020-09-08,1.77,Low
2020-09-09,1.75,Low
2020-09-10,1.74,Low
2020-09-11,1.72,Low
2020-09-12,1.72,Low
2020-09-13,1.72,Low
2020-09-14,1.72,Low
2020-09-15,1.72,Low
2020-09-16,1.72,Low
2020-09-17,1.72,Low
2020-09-18,1.72,Low
2020-09-19,1.72,Low
2020-09-20,1.72,Low
2020-09-21,1.72,Low
2020-09-22,1.72,Low
2020-09-23,1.72,Low
2020-09-24,1.72,Low
2020-09-25,1.72,Low
2020-09-26,1.71,Low
2020-09-27,1.71,Low
2020-09-28,1.71,Low
2020-09-29,1.72,Low
2020-09-30,1.73,Low
2020-10-01,1.73,Low
2020-10-02,1.73,Low
2020-10-03,1.72,Low
2020-10-04,1.71,Low
2020-10-05,1.7,Low
2020-10-06,1.7,Low
2020-10-07,1.7,Low
2020-10-08,1.7,Low
2020-10-09,1.69,Low
2020-10-10,1.68,Low
2020-10-11,1.68,Low
2020-10-12,1.68,Low
2020-10-13,1.68,Low
2020-10-14,1.68,Low
2020-10-15,1.68,Low
2020-10-16,1.66,Low
2020-10-17,1.68,Low
2020-10-18,1.68,Low
2020-10-19,1.69,Low
2020-10-20,1.72,Low
2020-10-21,1.76,Low
2020-10-22,1.76,Low
2020-10-23,1.76,Low
2020-10-24,1.77,Low
2020-10-25,1.8,Low
2020-10-26,1.81,Low
2020-10-27,1.82,Rising
2020-10-28,1.84,Rising
2020-10-29,1.88,Rising
2020-10-30,1.92,Rising
2020-10-31,1.93,Rising
2020-11-01,1.94,Rising
2020-11-02,1.94,Rising
2020-11-03,1.94,Rising
2020-11-04,1.96,Rising
2020-11-05,1.96,Rising
2020-11-06,1.96,Rising
2020-11-07,1.96,Rising
2020-11-08,1.96,Rising
2020-11-09,1.97,Rising
2020-11-10,1.96,Rising
2020-11-11,1.96,Rising
2020-11-12,1.97,Rising
2020-11-13,1.94,Falling
2020-11-14,1.94,Falling
2020-11-15,1.94,Falling
2020-11-16,1.94,Falling
2020-11-17,1.94,Falling
2020-11-18,1.94,Falling
2020-11-19,1.92,Falling
2020-11-20,1.92,Falling
2020-11-21,1.92,Falling
2020-11-22,1.88,Falling
2020-11-23,1.88,Falling
2020-11-24,1.88,Falling
2020-11-25,1.86,Falling
2020-11-26,1.85,Falling
2020-11-27,1.84,Falling
2020-11-28,1.87,Falling
2020-11-29,1.85,Falling
2020-11-30,1.84,Falling
2020-12-01,1.84,Falling
2020-12-02,1.86,Rising
2020-12-03,1.84,Rising
2020-12-04,1.86,Rising
2020-12-05,1.88,Rising
2020-12-06,1.86,Rising
2020-12-07,1.87,Rising
2020-12-08,1.88,Rising
2020-12-09,1.86,Rising
2020-12-10,1.87,Rising
2020-12-11,1.87,Rising
2020-12-12,1.88,Rising
2020-12-13,1.9,Rising
2020-12-14,1.91,Rising
2020-12-15,1.92,Rising
2020-12-16,1.96,Rising
2020-12-17,1.98,Rising
2020-12-18,1.98,Rising
2020-12-19,1.98,Rising
2020-12-20,1.98,Rising
2020-12-21,1.98,Rising
2020-12-22,1.98,Rising
2020-12-23,1.98,Rising
2020-12-24,1.98,Rising
2020-12-25,1.98,Rising
2020-12-26,1.97,Rising
2020-12-27,1.96,Rising
2020-12-28,1.97,Rising
2020-12-29,1.98,Rising
2020-12-30,1.98,Rising
2020-12-31,1.98,Rising
2021-01-01,2.0,Rising
2021-01-02,2.0,Rising
2021-01-03,2.0,Rising
2021-01-04,2.1,Rising
2021-01-05,2.11,Rising
2021-01-06,2.12,Rising
2021-01-07,2.16,Rising
2021-01-08,2.16,Rising
2021-01-09,2.18,Rising
2021-01-10,2.19,Rising
2021-01-11,2.19,Rising
2021-01-12,2.19,Rising
2021-01-13,2.19,Rising
2021-01-14,2.19,Rising
2021-01-15,2.22,Rising
2021-01-16,2.24,Rising
2021-01-17,2.25,Rising
2021-01-18,2.26,Rising
2021-01-19,2.28,Rising
2021-01-20,2.3,Rising
2021-01-21,2.32,Rising
2021-01-22,2.36,Rising
2021-01-23,2.37,Rising
2021-01-24,2.38,High
2021-01-25,2.41,High
2021-01-26,2.42,High
2021-01-27,2.46,High
2021-01-28,2.46,High
2021-01-29,2.5,High
2021-01-30,2.52,High
2021-01-31,2.52,High
2021-02-01,2.54,High
2021-02-02,2.56,High
2021-02-03,2.58,High
2021-02-04,2.58,High
2021-02-05,2.58,High
2021-02-06,2.6,High
2021-02-07,2.62,High
2021-02-08,2.6,High
2021-02-09,2.7,High
2021-02-10,2.71,High
2021-02-11,2.72,High
2021-02-12,2.73,High
2021-02-13,2.73,High
2021-02-14,2.72,High
2021-02-15,2.7,High
2021-02-16,2.69,High
2021-02-17,2.66,High
2021-02-18,2.65,High
2021-02-19,2.62,High
2021-02-20,2.58,High
2021-02-21,2.58,High
2021-02-22,2.58,High
2021-02-23,2.58,High
2021-02-24,2.59,High
2021-02-25,2.59,High
2021-02-26,2.59,High
2021-02-27,2.59,High
2021-02-28,2.6,High
2021-03-01,2.6,High
2021-03-02,2.6,High
2021-03-03,2.59,High
2021-03-04,2.56,High
2021-03-05,2.59,High
2021-03-06,2.61,High
2021-03-07,2.62,High
2021-03-08,2.63,High
2021-03-09,2.63,High
2021-03-10,2.64,High
2021-03-11,2.64,High
2021-03-12,2.65,High
2021-03-13,2.65,High
2021-03-14,2.66,High
2021-03-15,2.66,High
2021-03-16,2.66,High
2021-03-17,2.67,High
2021-03-18,2.68,High
2021-03-19,2.7,High
2021-03-20,2.71,High
2021-03-21,2.71,High
2021-03-22,2.7,High
2021-03-23,2.7,High
2021-03-24,2.69,High
2021-03-25,2.69,High
2021-03-26,2.69,High
2021-03-27,2.68,High
2021-03-28,2.68,High
2021-03-29,2.69,High
2021-03-30,2.7,High
2021-03-31,2.7,High
2021-04-01,2.7,High
2021-04-02,2.7,High
2021-04-03,2.71,High
2021-04-04,2.72,High
2021-04-05,2.73,High
2021-04-06,2.75,High
2021-04-07,2.75,High
2021-04-08,2.75,High
2021-04-09,2.75,High
2021-04-10,2.75,High
2021-04-11,2.71,High
2021-04-12,2.62,High
2021-04-13,2.59,High
2021-04-14,2.51,High
2021-04-15,2.49,High
2021-04-16,2.48,High
2021-04-17,2.47,High
2021-04-18,2.46,High
2021-04-19,2.46,High
2021-04-20,2.45,High
2021-04-21,2.43,High
2021-04-22,2.41,High
2021-04-23,2.39,High
2021-04-24,2.38,High
2021-04-25,2.37,High
2021-04-26,2.37,High
2021-04-27,2.37,High
2021-04-28,2.37,High
2021-04-29,2.36,Falling
2021-04-30,2.35,Falling
2021-05-01,2.35,Falling
2021-05-02,2.36,Falling
2021-05-03,2.36,Falling
2021-05-04,2.34,Falling
2021-05-05,2.32,Falling
2021-05-06,2.3,Falling
2021-05-07,2.28,Falling
2021-05-08,2.27,Falling
2021-05-09,2.25,Falling
2021-05-10,2.24,Falling
2021-05-11,2.24,Falling
2021-05-12,2.22,Falling
2021-05-13,2.21,Falling
2021-05-14,2.2,Falling
2021-05-15,2.18,Falling
2021-05-16,2.17,Falling
2021-05-17,2.16,Falling
2021-05-18,2.14,Falling
2021-05-19,2.12,Falling
2021-05-20,2.09,Falling
2021-05-21,2.09,Falling
2021-05-22,2.08,Falling
2021-05-23,2.08,Falling
2021-05-24,2.08,Falling
2021-05-25,2.07,Falling
2021-05-26,2.06,Falling
2021-05-27,2.04,Falling
2021-05-28,2.04,Falling
2021-05-29,2.05,Falling
2021-05-30,2.06,Falling
2021-05-31,2.1,Falling
2021-06-01,2.13,Falling
2021-06-02,2.15,Falling
2021-06-03,2.16,Falling
2021-06-04,2.17,Falling
2021-06-05,2.18,Falling
2021-06-06,2.18,Falling
2021-06-07,2.17,Falling
2021-06-08,2.17,Falling
2021-06-09,2.16,Falling
2021-06-10,2.14,Falling
2021-06-11,2.12,Falling
2021-06-12,2.1,Falling
2021-06-13,2.07,Falling
2021-06-14,2.05,Falling
2021-06-15,2.03,Falling
2021-06-16,2.01,Falling
2021-06-17,2.0,Falling
2021-06-18,1.99,Falling
2021-06-19,1.98,Falling
2021-06-20,1.98,Falling
2021-06-21,1.97,Falling
2021-06-22,1.96,Falling
2021-06-23,1.96,Falling
2021-06-24,1.95,Falling
2021-06-25,1.94,Falling
2021-06-26,1.94,Falling
2021-06-27,1.94,Falling
2021-06-28,1.93,Falling
2021-06-29,1.92,Falling
2021-06-30,1.92,Falling
2021-07-01,1.91,Falling
2021-07-02,1.9,Falling
2021-07-03,1.9,Falling
2021-07-04,1.89,Falling
2021-07-05,1.89,Falling
2021-07-06,1.89,Falling
2021-07-07,1.88,Falling
2021-07-08,1.88,Falling
2021-07-09,1.88,Falling
2021-07-10,1.88,Falling
2021-07-11,1.88,Falling
2021-07-12,1.87,Falling
2021-07-13,1.87,Falling
2021-07-14,1.87,Falling
2021-07-15,1.86,Falling
2021-07-16,1.86,Falling
2021-07-17,1.86,Falling
2021-07-18,1.86,Falling
2021-07-19,1.85,Falling
2021-07-20,1.84,Falling
2021-07-21,1.84,Falling
2021-07-22,1.83,Falling
2021-07-23,1.82,Falling
2021-07-24,1.82,Falling
2021-07-25,1.82,Falling
2021-07-26,1.82,Low
2021-07-27,1.81,Low
2021-07-28,1.8,Low
2021-07-29,1.79,Low
2021-07-30,1.79,Low
2021-07-31,1.79,Low
2021-08-01,1.78,Low
2021-08-02,1.78,Low
2021-08-03,1.78,Low
2021-08-04,1.78,Low
2021-08-05,1.77,Low
2021-08-06,1.77,Low
2021-08-07,1.77,Low
2021-08-08,1.77,Low
2021-08-09,1.77,Low
2021-08-10,1.77,Low
2021-08-11,1.76,Low
2021-08-12,1.76,Low
2021-08-13,1.76,Low
2021-08-14,1.76,Low
2021-08-15,1.75,Low
2021-08-16,1.75,Low
2021-08-17,1.75,Low
2021-08-18,1.74,Low
2021-08-19,1.74,Low
2021-08-20,1.73,Low
2021-08-21,1.72,Low
2021-08-22,1.71,Low
2021-08-23,1.71,Low
2021-08-24,1.7,Low
2021-08-25,1.71,Low
2021-08-26,1.71,Low
2021-08-27,1.71,Low
2021-08-28,1.7,Low
2021-08-29,1.71,Low
2021-08-30,1.72,Low
2021-08-31,1.73,Low
2021-09-01,1.74,Low
2021-09-02,1.74,Low
2021-09-03,1.72,Low
2021-09-04,1.72,Low
2021-09-05,1.72,Low
2021-09-06,1.77,Low
2021-09-07,1.78,Low
2021-09-08,1.78,Low
2021-09-09,1.78,Low
2021-09-10,1.78,Low
2021-09-11,1.78,Low
2021-09-12,1.77,Low
2021-09-13,1.77,Low
2021-09-14,1.76,Low
2021-09-15,1.78,Low
2021-09-16,1.78,Low
2021-09-17,1.78,Low
2021-09-18,1.77,Low
2021-09-19,1.76,Low
2021-09-20,1.76,Low
2021-09-21,1.76,Low
2021-09-22,1.74,Low
2021-09-23,1.74,Low
2021-09-24,1.75,Low
2021-09-25,1.7,Low
2021-09-26,1.72,Low
2021-09-27,1.73,Low
2021-09-28,1.73,Low
2021-09-29,1.73,Low
2021-09-30,1.73,Low
2021-10-01,1.72,Low
2021-10-02,1.71,Low
2021-10-03,1.71,Low
2021-10-04,1.73,Low
2021-10-05,1.74,Low
2021-10-06,1.74,Low
2021-10-07,1.74,Low
2021-10-08,1.75,Low
2021-10-09,1.76,Low
2021-10-10,1.76,Low
2021-10-11,1.76,Low
2021-10-12,1.77,Low
2021-10-13,1.76,Low
2021-10-14,1.74,Low
2021-10-15,1.74,Low
2021-10-16,1.77,Low
2021-10-17,1.77,Low
2021-10-18,1.78,Low
2021-10-19,1.8,Low
2021-10-20,1.82,Low
2021-10-21,1.84,Low
2021-10-22,1.86,Low
2021-10-23,1.89,Low
2021-10-24,1.92,Low
2021-10-25,1.95,Low
2021-10-26,1.97,Low
2021-10-27,1.99,Low
2021-10-28,2.0,Low
2021-10-29,2.01,Low
2021-10-30,2.01,Low
2021-10-31,2.04,Low
2021-11-01,2.03,Low
2021-11-02,2.04,Low
2021-11-03,2.04,Low
2021-11-04,2.03,Rising
2021-11-05,2.03,Rising
2021-11-06,2.02,Rising
2021-11-07,2.01,Rising
2021-11-08,2.0,Rising
2021-11-09,2.0,Rising
2021-11-10,1.99,Rising
2021-11-11,1.98,Rising
2021-11-12,1.97,Rising
2021-11-13,1.98,Rising
2021-11-14,1.98,Rising
2021-11-15,2.01,Rising
2021-11-16,2.0,Rising
2021-11-17,2.04,Rising
2021-11-18,2.05,Rising
2021-11-19,2.06,Rising
2021-11-20,2.07,Rising
2021-11-21,2.07,Rising
2021-11-22,2.08,Rising
2021-11-23,2.08,Rising
2021-11-24,2.09,Rising
2021-11-25,2.12,Rising
2021-11-26,2.13,Rising
2021-11-27,2.13,Rising
2021-11-28,2.14,Rising
2021-11-29,2.15,Rising
2021-11-30,2.16,Rising
2021-12-01,2.18,Rising
2021-12-02,2.19,Rising
2021-12-03,2.21,Rising
2021-12-04,2.22,Rising
2021-12-05,2.23,Rising
2021-12-06,2.24,Rising
2021-12-07,2.24,Rising
2021-12-08,2.23,Rising
2021-12-09,2.22,Rising
2021-12-10,2.21,Rising
2021-12-11,2.19,Rising
2021-12-12,2.18,Rising
2021-12-13,2.2,Rising
2021-12-14,2.2,Rising
2021-12-15,2.17,Rising
2021-12-16,2.16,Rising
2021-12-17,2.22,Rising
2021-12-18,2.24,Rising
2021-12-19,2.21,Rising
2021-12-20,2.21,Rising
2021-12-21,2.21,Rising
2021-12-22,2.24,Rising
2021-12-23,2.25,Rising
2021-12-24,2.26,Rising
2021-12-25,2.29,Rising
2021-12-26,2.31,Rising
2021-12-27,2.33,Rising
2021-12-28,2.34,Rising
2021-12-29,2.35,Rising
2021-12-30,2.37,Rising
2021-12-31,2.41,Rising
2022-01-01,2.42,Rising
2022-01-02,2.43,Rising
2022-01-03,2.44,Rising
2022-01-04,2.49,Rising
2022-01-05,2.56,Rising
2022-01-06,2.58,Rising
2022-01-07,2.58,Rising
2022-01-08,2.58,Rising
2022-01-09,2.61,Rising
2022-01-10,2.64,Rising
2022-01-11,2.66,Rising
2022-01-12,2.68,Rising
2022-01-13,2.69,Rising
2022-01-14,2.69,Rising
2022-01-15,2.69,Rising
2022-01-16,2.7,High
2022-01-17,2.71,High
2022-01-18,2.72,High
2022-01-19,2.73,High
2022-01-20,2.74,High
2022-01-21,2.78,High
2022-01-22,2.81,High
2022-01-23,2.83,High
2022-01-24,2.86,High
2022-01-25,2.87,High
2022-01-26,2.92,High
2022-01-27,2.96,High
2022-01-28,2.97,High
2022-01-29,2.96,High
2022-01-30,2.96,High
2022-01-31,2.85,High
2022-02-01,2.85,High
2022-02-02,2.85,High
2022-02-03,2.77,High
2022-02-04,2.73,High
2022-02-05,2.71,High
2022-02-06,2.7,High
2022-02-07,2.69,High
2022-02-08,2.68,High
2022-02-09,2.7,High
2022-02-10,2.72,High
2022-02-11,2.74,High
2022-02-12,2.77,High
2022-02-13,2.8,High
2022-02-14,2.83,High
2022-02-15,2.87,High
2022-02-16,2.9,High
2022-02-17,2.94,High
2022-02-18,2.97,High
2022-02-19,3.0,High
2022-02-20,3.05,High
2022-02-21,3.03,High
2022-02-22,3.12,High
2022-02-23,3.2,High
2022-02-24,3.23,High
2022-02-25,3.26,High
2022-02-26,3.28,High
2022-02-27,3.28,High
2022-02-28,3.31,High
2022-03-01,3.31,High
2022-03-02,3.33,High
2022-03-03,3.33,High
2022-03-04,3.36,High
2022-03-05,3.38,High
2022-03-06,3.41,High
2022-03-07,3.44,High
2022-03-08,3.45,High
2022-03-09,3.48,High
2022-03-10,3.48,High
2022-03-11,3.48,High
2022-03-12,3.45,High
2022-03-13,3.43,High
2022-03-14,3.4,High
2022-03-15,3.36,High
2022-03-16,3.36,High
2022-03-17,3.32,High
2022-03-18,3.3,High
2022-03-19,3.27,High
2022-03-20,3.24,High
2022-03-21,3.22,High
2022-03-22,3.2,High
2022-03-23,3.18,High
2022-03-24,3.15,High
2022-03-25,3.14,High
2022-03-26,3.11,High
2022-03-27,3.1,High
2022-03-28,3.09,High
2022-03-29,3.06,High
2022-03-30,3.05,High
2022-03-31,3.03,High
2022-04-01,3.0,High
2022-04-02,2.98,High
2022-04-03,2.95,High
2022-04-04,2.89,High
2022-04-05,2.87,High
2022-04-06,2.86,High
2022-04-07,2.85,High
2022-04-08,2.85,High
2022-04-09,2.83,High
2022-04-10,2.8,High
2022-04-11,2.8,High
2022-04-12,2.8,High
2022-04-13,2.8,High
2022-04-14,2.79,High
2022-04-15,2.77,High
2022-04-16,2.76,High
2022-04-17,2.75,High
2022-04-18,2.72,High
2022-04-19,2.7,High
2022-04-20,2.68,Falling
2022-04-21,2.65,Falling
2022-04-22,2.63,Falling
2022-04-23,2.61,Falling
2022-04-24,2.6,Falling
2022-04-25,2.59,Falling
2022-04-26,2.58,Falling
2022-04-27,2.57,Falling
2022-04-28,2.57,Falling
2022-04-29,2.56,Falling
2022-04-30,2.56,Falling
2022-05-01,2.54,Falling
2022-05-02,2.53,Falling
2022-05-03,2.51,Falling
2022-05-04,2.48,Falling
2022-05-05,2.47,Falling
2022-05-06,2.45,Falling
2022-05-07,2.44,Falling
2022-05-08,2.43,Falling
2022-05-09,2.41,Falling
2022-05-10,2.39,Falling
2022-05-11,2.36,Falling
2022-05-12,2.32,Falling
2022-05-13,2.28,Falling
2022-05-14,2.25,Falling
2022-05-15,2.25,Falling
2022-05-16,2.19,Falling
2022-05-17,2.16,Falling
2022-05-18,2.13,Falling
2022-05-19,2.12,Falling
2022-05-20,2.1,Falling
2022-05-21,2.1,Falling
2022-05-22,2.09,Falling
2022-05-23,2.08,Falling
2022-05-24,2.07,Falling
2022-05-25,2.07,Falling
2022-05-26,2.06,Falling
2022-05-27,2.06,Falling
2022-05-28,2.06,Falling
2022-05-29,2.06,Falling
2022-05-30,2.06,Falling
2022-05-31,2.06,Falling
2022-06-01,2.05,Falling
2022-06-02,2.05,Falling
2022-06-03,2.04,Rising
2022-06-04,2.04,Rising
2022-06-05,2.04,Rising
2022-06-06,2.05,Rising
2022-06-07,2.06,Rising
2022-06-08,2.06,Rising
2022-06-09,2.07,Rising
2022-06-10,2.07,Rising
2022-06-11,2.07,Rising
2022-06-12,2.09,Rising
2022-06-13,2.09,Rising
2022-06-14,2.1,Rising
2022-06-15,2.11,Rising
2022-06-16,2.13,Rising
2022-06-17,2.15,Rising
2022-06-18,2.18,Rising
2022-06-19,2.19,Rising
2022-06-20,2.2,Rising
2022-06-21,2.22,Rising
2022-06-22,2.24,Rising
2022-06-23,2.24,Falling
2022-06-24,2.24,Falling
2022-06-25,2.25,Falling
2022-06-26,2.24,Falling
2022-06-27,2.24,Falling
2022-06-28,2.23,Falling
2022-06-29,2.22,Falling
2022-06-30,2.2,Falling
2022-07-01,2.17,Falling
2022-07-02,2.15,Falling
2022-07-03,2.11,Falling
2022-07-04,2.09,Falling
2022-07-05,2.08,Falling
2022-07-06,2.06,Falling
2022-07-07,2.05,Falling
2022-07-08,2.04,Falling
2022-07-09,2.02,Falling
2022-07-10,2.01,Falling
2022-07-11,2.0,Falling
2022-07-12,2.0,Falling
2022-07-13,1.99,Falling
2022-07-14,1.99,Falling
2022-07-15,1.98,Falling
2022-07-16,1.96,Falling
2022-07-17,1.96,Low
2022-07-18,1.95,Low
2022-07-19,1.95,Low
2022-07-20,1.94,Low
2022-07-21,1.93,Low
2022-07-22,1.93,Low
2022-07-23,1.92,Low
2022-07-24,1.92,Low
2022-07-25,1.91,Low
2022-07-26,1.9,Low
2022-07-27,1.9,Low
2022-07-28,1.89,Low
2022-07-29,1.89,Low
2022-07-30,1.89,Low
2022-07-31,1.88,Low
2022-08-01,1.88,Low
2022-08-02,1.87,Low
2022-08-03,1.87,Low
2022-08-04,1.87,Low
2022-08-05,1.87,Low
2022-08-06,1.86,Low
2022-08-07,1.86,Low
2022-08-08,1.87,Low
2022-08-09,1.88,Low
2022-08-10,1.88,Low
2022-08-11,1.87,Low
2022-08-12,1.87,Low
2022-08-13,1.89,Low
2022-08-14,1.92,Low
2022-08-15,1.94,Low
2022-08-16,1.96,Low
2022-08-17,1.98,Low
2022-08-18,1.99,Low
2022-08-19,2.0,Low
2022-08-20,2.02,Low
2022-08-21,2.01,Low
2022-08-22,2.01,Low
2022-08-23,2.01,Low
2022-08-24,2.01,Low
2022-08-25,2.01,Low
2022-08-26,2.01,Low
2022-08-27,2.02,Low
2022-08-28,2.02,Low
2022-08-29,2.02,Low
2022-08-30,2.02,Low
2022-08-31,2.02,Low
2022-09-01,2.01,Low
2022-09-02,2.01,Low
2022-09-03,1.99,Low
2022-09-04,1.97,Low
2022-09-05,1.94,Low
2022-09-06,1.92,Low
2022-09-07,1.89,Low
2022-09-08,1.87,Low
2022-09-09,1.86,Low
2022-09-10,1.84,Low
2022-09-11,1.84,Low
2022-09-12,1.83,Low
2022-09-13,1.82,Low
2022-09-14,1.81,Low
2022-09-15,1.79,Low
2022-09-16,1.78,Low
2022-09-17,1.78,Low
2022-09-18,1.77,Low
2022-09-19,1.76,Low
2022-09-20,1.76,Low
2022-09-21,1.76,Low
2022-09-22,1.76,Low
2022-09-23,1.76,Low
2022-09-24,1.75,Low
2022-09-25,1.75,Low
2022-09-26,1.75,Low
2022-09-27,1.76,Low
2022-09-28,1.76,Low
2022-09-29,1.75,Low
2022-09-30,1.78,Low
2022-10-01,1.78,Low
2022-10-02,1.78,Low
2022-10-03,1.79,Low
2022-10-04,1.8,Low
2022-10-05,1.82,Low
2022-10-06,1.84,Low
2022-10-07,1.88,Low
2022-10-08,1.89,Low
2022-10-09,1.9,Low
2022-10-10,1.91,Low
2022-10-11,1.92,Low
2022-10-12,1.93,Low
2022-10-13,1.94,Low
2022-10-14,1.94,Low
2022-10-15,1.94,Low
2022-10-16,1.94,Low
2022-10-17,1.94,Low
2022-10-18,1.95,Low
2022-10-19,1.96,Low
2022-10-20,1.98,Low
2022-10-21,1.97,Low
2022-10-22,1.99,Low
2022-10-23,1.99,Low
2022-10-24,1.99,Low
2022-10-25,1.97,Low
2022-10-26,1.97,Low
2022-10-27,1.95,Low
2022-10-28,1.96,Rising
2022-10-29,1.98,Rising
2022-10-30,1.98,Rising
2022-10-31,1.98,Rising
2022-11-01,1.99,Falling
2022-11-02,2.0,Falling
2022-11-03,1.99,Falling
2022-11-04,1.98,Low
2022-11-05,1.98,Low
2022-11-06,1.97,Low
2022-11-07,1.98,Low
2022-11-08,1.98,Low
2022-11-09,1.98,Low
2022-11-10,2.0,Low
2022-11-11,2.0,Low
2022-11-12,2.0,Low
2022-11-13,1.98,Low
2022-11-14,1.96,Low
2022-11-15,1.93,Low
2022-11-16,1.91,Low
2022-11-17,1.88,Low
2022-11-18,1.86,Low
2022-11-19,1.86,Low
2022-11-20,1.86,Low
2022-11-21,1.86,Low
2022-11-22,1.86,Low
2022-11-23,1.85,Low
2022-11-24,1.84,Low
2022-11-25,1.83,Low
2022-11-26,1.82,Low
2022-11-27,1.81,Low
2022-11-28,1.8,Low
2022-11-29,1.81,Low
2022-11-30,1.82,Low
2022-12-01,1.84,Low
2022-12-02,1.87,Low
2022-12-03,1.9,Low
2022-12-04,1.9,Low
2022-12-05,1.88,Low
2022-12-06,1.88,Low
2022-12-07,1.9,Low
2022-12-08,1.88,Low
2022-12-09,1.88,Low
2022-12-10,1.87,Low
2022-12-11,1.89,Low
2022-12-12,1.92,Low
2022-12-13,1.93,Low
2022-12-14,1.94,Low
2022-12-15,1.94,Low
2022-12-16,1.96,Low
2022-12-17,1.98,Low
2022-12-18,1.95,Low
2022-12-19,1.97,Low
2022-12-20,1.97,Rising
2022-12-21,1.95,Rising
2022-12-22,1.96,Rising
2022-12-23,1.98,Rising
2022-12-24,1.98,Rising
2022-12-25,2.0,Rising
2022-12-26,2.0,Rising
2022-12-27,2.02,Rising
2022-12-28,2.03,Rising
2022-12-29,2.04,Rising
2022-12-30,2.07,Rising
2022-12-31,2.09,Rising
2023-01-01,2.09,Rising
2023-01-02,2.09,Rising
2023-01-03,2.09,Rising
2023-01-04,2.1,Rising
2023-01-05,2.14,Rising
2023-01-06,2.15,Rising
2023-01-07,2.16,Rising
2023-01-08,2.16,Rising
2023-01-09,2.17,Rising
2023-01-10,2.17,Rising
2023-01-11,2.19,Rising
2023-01-12,2.2,Rising
2023-01-13,2.22,Rising
2023-01-14,2.32,Rising
2023-01-15,2.36,Rising
2023-01-16,2.38,Rising
2023-01-17,2.39,Rising
2023-01-18,2.41,Rising
2023-01-19,2.42,Rising
2023-01-20,2.44,Rising
2023-01-21,2.45,Rising
2023-01-22,2.46,Rising
2023-01-23,2.47,Rising
2023-01-24,2.48,Rising
2023-01-25,2.49,Rising
2023-01-26,2.55,Rising
2023-01-27,2.57,Rising
2023-01-28,2.59,Rising
2023-01-29,2.6,Rising
2023-01-30,2.61,Rising
2023-01-31,2.63,Rising
2023-02-01,2.63,Rising
2023-02-02,2.65,Rising
2023-02-03,2.66,Rising
2023-02-04,2.68,Rising
2023-02-05,2.69,Rising
2023-02-06,2.7,Rising
2023-02-07,2.71,Rising
2023-02-08,2.72,Rising
2023-02-09,2.73,Rising
2023-02-10,2.76,Rising
2023-02-11,2.78,Rising
2023-02-12,2.78,Rising
2023-02-13,2.79,Rising
2023-02-14,2.81,Rising
2023-02-15,2.83,Rising
2023-02-16,2.84,Rising
2023-02-17,2.86,Rising
2023-02-18,2.88,Rising
2023-02-19,2.89,Rising
2023-02-20,2.89,High
2023-02-21,2.91,High
2023-02-22,2.92,High
2023-02-23,2.94,High
2023-02-24,2.97,High
2023-02-25,2.99,High
2023-02-26,3.01,High
2023-02-27,3.06,High
2023-02-28,3.11,High
2023-03-01,3.12,High
2023-03-02,3.13,High
2023-03-03,3.15,High
2023-03-04,3.16,High
2023-03-05,3.18,High
2023-03-06,3.2,High
2023-03-07,3.22,High
2023-03-08,3.25,High
2023-03-09,3.27,High
2023-03-10,3.32,High
2023-03-11,3.41,High
2023-03-12,3.48,High
2023-03-13,3.54,High
2023-03-14,3.56,High
2023-03-15,3.61,High
2023-03-16,3.67,High
2023-03-17,3.72,High
2023-03-18,3.78,High
2023-03-19,3.85,High
2023-03-20,3.92,High
2023-03-21,3.95,High
2023-03-22,3.97,High
2023-03-23,3.99,High
2023-03-24,4.01,High
2023-03-25,4.03,High
2023-03-26,4.05,High
2023-03-27,4.07,High
2023-03-28,4.1,High
2023-03-29,4.12,High
2023-03-30,4.14,High
2023-03-31,4.16,High
2023-04-01,4.2,High
2023-04-02,4.22,High
2023-04-03,4.24,High
2023-04-04,4.29,High
2023-04-05,4.31,High
2023-04-06,4.31,High
2023-04-07,4.33,High
2023-04-08,4.34,High
2023-04-09,4.34,High
2023-04-10,4.34,High
2023-04-11,4.33,High
2023-04-12,4.3,High
2023-04-13,4.28,High
2023-04-14,4.23,High
2023-04-15,4.18,High
2023-04-16,4.12,High
2023-04-17,4.06,High
2023-04-18,4.01,High
2023-04-19,3.97,High
2023-04-20,3.91,High
2023-04-21,3.86,High
2023-04-22,3.76,High
2023-04-23,3.7,High
2023-04-24,3.64,High
2023-04-25,3.61,High
2023-04-26,3.6,High
2023-04-27,3.61,High
2023-04-28,3.63,High
2023-04-29,3.68,High
2023-04-30,3.71,High
2023-05-01,3.77,High
2023-05-02,3.78,High
2023-05-03,3.81,High
2023-05-04,3.9,High
2023-05-05,3.92,High
2023-05-06,3.92,High
2023-05-07,3.93,High
2023-05-08,3.94,High
2023-05-09,3.94,High
2023-05-10,3.92,High
2023-05-11,3.88,High
2023-05-12,3.83,High
2023-05-13,3.76,High
2023-05-14,3.66,High
2023-05-15,3.58,High
2023-05-16,3.48,High
2023-05-17,3.38,High
2023-05-18,3.28,High
2023-05-19,3.19,High
2023-05-20,3.11,High
2023-05-21,3.05,High
2023-05-22,2.99,High
2023-05-23,2.93,High
2023-05-24,2.86,High
2023-05-25,2.81,High
2023-05-26,2.8,High
2023-05-27,2.75,High
2023-05-28,2.72,Falling
2023-05-29,2.7,Falling
2023-05-30,2.68,Falling
2023-05-31,2.66,Falling
2023-06-01,2.65,Falling
2023-06-02,2.64,Falling
2023-06-03,2.62,Falling
2023-06-04,2.61,Falling
2023-06-05,2.61,Falling
2023-06-06,2.6,Falling
2023-06-07,2.6,Falling
2023-06-08,2.59,Falling
2023-06-09,2.59,Falling
2023-06-10,2.58,Falling
2023-06-11,2.58,Falling
2023-06-12,2.57,Falling
2023-06-13,2.57,Falling
2023-06-14,2.55,Falling
2023-06-15,2.55,Falling
2023-06-16,2.54,Falling
2023-06-17,2.54,Falling
2023-06-18,2.53,Falling
2023-06-19,2.52,Falling
2023-06-20,2.5,Falling
2023-06-21,2.49,Falling
2023-06-22,2.47,Falling
2023-06-23,2.46,Falling
2023-06-24,2.46,Falling
2023-06-25,2.45,Falling
2023-06-26,2.45,Falling
2023-06-27,2.44,Falling
2023-06-28,2.42,Falling
2023-06-29,2.41,Falling
2023-06-30,2.4,Falling
2023-07-01,2.4,Falling
2023-07-02,2.38,Falling
2023-07-03,2.34,Falling
2023-07-04,2.31,Falling
2023-07-05,2.28,Falling
2023-07-06,2.27,Falling
2023-07-07,2.26,Falling
2023-07-08,2.24,Falling
2023-07-09,2.24,Falling
2023-07-10,2.23,Falling
2023-07-11,2.22,Falling
2023-07-12,2.22,Falling
2023-07-13,2.21,Falling
2023-07-14,2.2,Falling
2023-07-15,2.2,Falling
2023-07-16,2.17,Falling
2023-07-17,2.16,Falling
2023-07-18,2.14,Falling
2023-07-19,2.13,Falling
2023-07-20,2.12,Falling
2023-07-21,2.11,Falling
2023-07-22,2.11,Falling
2023-07-23,2.11,Falling
2023-07-24,2.11,Falling
2023-07-25,2.1,Falling
2023-07-26,2.1,Falling
2023-07-27,2.1,Falling
2023-07-28,2.09,Falling
2023-07-29,2.08,Falling
2023-07-30,2.08,Falling
2023-07-31,2.08,Falling
2023-08-01,2.07,Falling
2023-08-02,2.07,Falling
2023-08-03,2.06,Falling
2023-08-04,2.06,Falling
2023-08-05,2.05,Falling
2023-08-06,2.04,Falling
2023-08-07,2.03,Falling
2023-08-08,2.02,Falling
2023-08-09,2.02,Falling
2023-08-10,2.01,Falling
2023-08-11,2.01,Falling
2023-08-12,2.01,Falling
2023-08-13,1.98,Falling
2023-08-14,1.96,Falling
2023-08-15,1.96,Falling
2023-08-16,1.96,Falling
2023-08-17,1.96,Falling
2023-08-18,1.96,Falling
2023-08-19,1.96,Falling
2023-08-20,1.97,Falling
2023-08-21,1.98,Falling
2023-08-22,1.98,Falling
2023-08-23,2.0,Falling
2023-08-24,2.0,Falling
2023-08-25,2.0,Falling
2023-08-26,2.0,Falling
2023-08-27,1.98,Low
2023-08-28,1.98,Low
2023-08-29,1.98,Low
2023-08-30,1.98,Low
2023-08-31,1.97,Low
2023-09-01,1.96,Falling
2023-09-02,1.97,Falling
2023-09-03,1.96,Falling
2023-09-04,1.96,Falling
2023-09-05,1.96,Falling
2023-09-06,1.96,Falling
2023-09-07,1.96,Falling
2023-09-08,1.95,Falling
2023-09-09,1.93,Falling
2023-09-10,1.92,Falling
2023-09-11,1.92,Falling
2023-09-12,1.91,Falling
2023-09-13,1.9,Falling
2023-09-14,1.93,Falling
2023-09-15,1.92,Falling
2023-09-16,1.91,Falling
2023-09-17,1.91,Falling
2023-09-18,1.92,Falling
2023-09-19,1.92,Falling
2023-09-20,1.92,Falling
2023-09-21,1.92,Falling
2023-09-22,1.93,Falling
2023-09-23,1.94,Falling
2023-09-24,1.95,Falling
2023-09-25,1.96,Falling
2023-09-26,1.96,Rising
2023-09-27,1.96,Falling
2023-09-28,1.96,Rising
2023-09-29,1.95,Falling
2023-09-30,1.94,Falling
2023-10-01,1.92,Falling
2023-10-02,1.92,Rising
2023-10-03,1.91,Rising
2023-10-04,1.9,Rising
2023-10-05,1.89,Rising
2023-10-06,1.9,Rising
2023-10-07,1.9,Falling
2023-10-08,1.91,Falling
2023-10-09,1.92,Falling
2023-10-10,1.93,Falling
2023-10-11,1.92,Falling
2023-10-12,1.92,Falling
2023-10-13,1.9,Falling
2023-10-14,1.9,Falling
2023-10-15,1.91,Low
2023-10-16,1.92,Low
2023-10-17,1.93,Low
2023-10-18,1.93,Low
2023-10-19,1.94,Rising
2023-10-20,1.93,Rising
2023-10-21,1.91,Rising
2023-10-22,1.9,Rising
2023-10-23,1.9,Rising
2023-10-24,1.9,Rising
2023-10-25,1.89,Rising
2023-10-26,1.88,Falling
2023-10-27,1.88,Falling
2023-10-28,1.88,Falling
2023-10-29,1.9,Falling
2023-10-30,1.91,Falling
2023-10-31,1.93,Falling
2023-11-01,1.94,Falling
2023-11-02,1.96,Low
2023-11-03,1.97,Low
2023-11-04,1.98,Low
2023-11-05,1.97,Low
2023-11-06,1.97,Low
2023-11-07,1.96,Low
2023-11-08,1.94,Low
2023-11-09,1.91,Low
2023-11-10,1.88,Low
2023-11-11,1.87,Low
2023-11-12,1.86,Low
2023-11-13,1.85,Low
2023-11-14,1.84,Low
2023-11-15,1.81,Low
2023-11-16,1.79,Low
2023-11-17,1.79,Low
2023-11-18,1.79,Low
2023-11-19,1.79,Low
2023-11-20,1.83,Low
2023-11-21,1.84,Low
2023-11-22,1.83,Low
2023-11-23,1.83,Low
2023-11-24,1.83,Low
2023-11-25,1.83,Low
2023-11-26,1.81,Low
2023-11-27,1.83,Low
2023-11-28,1.87,Low
2023-11-29,1.88,Low
2023-11-30,1.89,Low
2023-12-01,1.9,Rising
2023-12-02,1.91,Rising
2023-12-03,1.92,Rising
2023-12-04,1.96,Rising
2023-12-05,1.99,Rising
2023-12-06,1.99,Rising
2023-12-07,1.99,Rising
2023-12-08,2.0,Rising
2023-12-09,2.0,Rising
2023-12-10,2.01,Rising
2023-12-11,2.06,Rising
2023-12-12,2.07,Rising
2023-12-13,2.06,Rising
2023-12-14,2.06,Rising
2023-12-15,2.04,Rising
2023-12-16,2.02,Rising
2023-12-17,2.02,Rising
2023-12-18,2.01,Rising
2023-12-19,2.0,Rising
2023-12-20,2.0,Rising
2023-12-21,2.02,Rising
2023-12-22,2.0,Rising
2023-12-23,2.0,Rising
2023-12-24,2.0,Rising
2023-12-25,1.96,Rising
2023-12-26,1.96,Rising
2023-12-27,2.0,Rising
2023-12-28,2.0,Rising
2023-12-29,2.0,Rising
2023-12-30,2.02,Rising
2023-12-31,2.02,Rising
2024-01-01,2.02,Rising
2024-01-02,2.02,Rising
2024-01-03,2.06,Rising
2024-01-04,2.06,Rising
2024-01-05,2.06,Rising
2024-01-06,2.06,Rising
2024-01-07,2.06,Rising
2024-01-08,2.06,Rising
2024-01-09,2.06,Rising
2024-01-10,2.07,Rising
2024-01-11,2.09,Rising
2024-01-12,2.13,Rising
2024-01-13,2.13,Rising
2024-01-14,2.15,Rising
2024-01-15,2.15,Rising
2024-01-16,2.15,Rising
2024-01-17,2.15,Rising
2024-01-18,2.14,Falling
2024-01-19,2.13,Falling
2024-01-20,2.12,Falling
2024-01-21,2.11,Falling
2024-01-22,2.11,Falling
2024-01-23,2.11,Falling
2024-01-24,2.12,Falling
2024-01-25,2.11,Falling
2024-01-26,2.1,Falling
2024-01-27,2.09,Falling
2024-01-28,2.06,Falling
2024-01-29,2.05,Falling
2024-01-30,2.04,Falling
2024-01-31,2.04,Falling
2024-02-01,2.02,Falling
2024-02-02,2.0,Falling
2024-02-03,2.0,Falling
2024-02-04,1.98,Falling
2024-02-05,1.98,Falling
2024-02-06,1.97,Falling
2024-02-07,2.0,Falling
2024-02-08,2.0,Falling
2024-02-09,2.01,Falling
2024-02-10,2.02,Falling
2024-02-11,2.06,Falling
2024-02-12,2.08,Rising
2024-02-13,2.08,Rising
2024-02-14,2.06,Rising
2024-02-15,2.04,Rising
2024-02-16,2.04,Rising
2024-02-17,2.04,Rising
2024-02-18,2.04,Rising
2024-02-19,2.04,Rising
2024-02-20,2.05,Rising
2024-02-21,2.06,Rising
2024-02-22,2.08,Rising
2024-02-23,2.1,Rising
2024-02-24,2.08,Rising
2024-02-25,2.09,Rising
2024-02-26,2.1,Rising
2024-02-27,2.11,Rising
2024-02-28,2.12,Rising
2024-02-29,2.12,Rising
2024-03-01,2.12,Rising
2024-03-02,2.11,Rising
2024-03-03,2.1,Rising
2024-03-04,2.11,Rising
2024-03-05,2.12,Rising
2024-03-06,2.14,Rising
2024-03-07,2.12,Rising
2024-03-08,2.13,High
2024-03-09,2.14,High
2024-03-10,2.15,High
2024-03-11,2.15,High
2024-03-12,2.16,High
2024-03-13,2.17,High
2024-03-14,2.17,High
2024-03-15,2.18,High
2024-03-16,2.18,High
2024-03-17,2.18,High
2024-03-18,2.19,High
2024-03-19,2.2,High
2024-03-20,2.2,High
2024-03-21,2.21,High
2024-03-22,2.22,High
2024-03-23,2.25,High
2024-03-24,2.9,High
2024-03-25,2.34,High
2024-03-26,2.34,High
2024-03-27,2.35,High
2024-03-28,3.9,High
2024-03-29,2.4,High
2024-03-30,2.42,High
2024-03-31,2.43,High
2024-04-01,2.44,High
2024-04-02,2.46,High
2024-04-03,2.46,High
2024-04-04,2.45,High
2024-04-05,2.47,High
2024-04-06,2.49,High
2024-04-07,2.5,High
2024-04-08,2.51,High
2024-04-09,2.54,High
2024-04-10,2.58,High
2024-04-11,2.64,High
2024-04-12,2.7,High
2024-04-13,2.73,High
2024-04-14,2.76,High
2024-04-15,2.8,High
2024-04-16,2.84,High
2024-04-17,2.9,High
2024-04-18,2.92,High
2024-04-19,2.96,High
2024-04-20,2.97,High
2024-04-21,3.0,High
2024-04-22,3.01,High
2024-04-23,3.02,High
2024-04-24,3.05,High
2024-04-25,3.06,High
2024-04-26,3.07,High
2024-04-27,3.08,High
2024-04-28,3.08,High
2024-04-29,3.09,High
2024-04-30,3.1,High
2024-05-01,3.12,High
2024-05-02,3.12,High
2024-05-03,3.12,High
2024-05-04,3.12,High
2024-05-05,3.11,High
2024-05-06,3.1,High
2024-05-07,3.08,High
2024-05-08,3.06,High
2024-05-09,3.02,High
2024-05-10,3.0,High
2024-05-11,2.96,High
2024-05-12,2.87,High
2024-05-13,2.81,High
2024-05-14,2.71,High
2024-05-15,2.66,High
2024-05-16,2.59,High
2024-05-17,2.54,High
2024-05-18,2.49,High
2024-05-19,2.46,High
2024-05-20,2.43,High
2024-05-21,2.38,High
2024-05-22,2.34,High
2024-05-23,2.32,High
2024-05-24,2.29,High
2024-05-25,2.26,High
2024-05-26,2.25,High
2024-05-27,2.23,High
2024-05-28,2.22,High
2024-05-29,2.2,High
2024-05-30,2.19,High
2024-05-31,2.18,High
2024-06-01,2.17,High
2024-06-02,2.16,High
2024-06-03,2.16,High
2024-06-04,2.14,High
2024-06-05,2.13,High
2024-06-06,2.12,Falling
2024-06-07,2.12,Falling
2024-06-08,2.11,Falling
2024-06-09,2.11,Falling
2024-06-10,2.08,Falling
2024-06-11,2.06,Falling
2024-06-12,2.06,Falling
2024-06-13,2.06,Falling
2024-06-14,2.05,Falling
2024-06-15,2.05,Falling
2024-06-16,2.04,Falling
2024-06-17,2.03,Falling
2024-06-18,2.02,Falling
2024-06-19,2.01,Falling
2024-06-20,2.0,Falling
2024-06-21,1.99,Falling
2024-06-22,1.98,Falling
2024-06-23,1.97,Falling
2024-06-24,1.97,Falling
2024-06-25,1.97,Falling
2024-06-26,1.97,Falling
2024-06-27,1.97,Falling
2024-06-28,1.96,Falling
2024-06-29,1.96,Falling
2024-06-30,1.96,Falling
2024-07-01,1.96,Falling
2024-07-02,1.96,Falling
2024-07-03,1.96,Falling
2024-07-04,1.95,Falling
2024-07-05,1.95,Falling
2024-07-06,1.95,Falling
2024-07-07,1.95,Falling
2024-07-08,1.94,Falling
2024-07-09,1.94,Falling
2024-07-10,1.94,Falling
2024-07-11,1.94,Falling
2024-07-12,1.94,Falling
2024-07-13,1.93,Falling
2024-07-14,1.93,Falling
2024-07-15,1.92,Falling
2024-07-16,1.92,Falling
2024-07-17,1.91,Falling
2024-07-18,1.91,Falling
2024-07-19,1.9,Low
2024-07-20,1.9,Low
2024-07-21,1.89,Low
2024-07-22,1.89,Low
2024-07-23,1.89,Low
2024-07-24,1.89,Low
2024-07-25,1.88,Low
2024-07-26,1.88,Low
2024-07-27,1.88,Low
2024-07-28,1.88,Low
2024-07-29,1.87,Low
2024-07-30,1.87,Low
2024-07-31,1.87,Low
2024-08-01,1.87,Low
2024-08-02,1.87,Low
2024-08-03,1.86,Low
2024-08-04,1.86,Low
2024-08-05,1.85,Low
2024-08-06,1.85,Low
2024-08-07,1.84,Low
2024-08-08,1.83,Low
2024-08-09,1.83,Low
2024-08-10,1.83,Low
2024-08-11,1.83,Low
2024-08-12,1.82,Low
2024-08-13,1.82,Low
2024-08-14,1.82,Low
2024-08-15,1.82,Low
2024-08-16,1.82,Low
2024-08-17,1.82,Low
2024-08-18,1.82,Low
2024-08-19,1.82,Low
2024-08-20,1.82,Low
2024-08-21,1.81,Low
2024-08-22,1.81,Low
2024-08-23,1.81,Low
2024-08-24,1.81,Low
2024-08-25,1.8,Low
2024-08-26,1.8,Low
2024-08-27,1.79,Low
2024-08-28,1.78,Low
2024-08-29,1.78,Low
2024-08-30,1.78,Low
2024-08-31,1.77,Low
2024-09-01,1.77,Low
2024-09-02,1.76,Low
2024-09-03,1.76,Low
2024-09-04,1.75,Low
2024-09-05,1.75,Low
2024-09-06,1.75,Low
2024-09-07,1.74,Low
2024-09-08,1.74,Low
2024-09-09,1.74,Low
2024-09-10,1.73,Low
2024-09-11,1.72,Low
2024-09-12,1.72,Low
2024-09-13,1.73,Low
2024-09-14,1.73,Low
2024-09-15,1.74,Low
2024-09-16,1.75,Low
2024-09-17,1.76,Low
2024-09-18,1.76,Low
2024-09-19,1.77,Low
2024-09-20,1.77,Low
2024-09-21,1.76,Low
2024-09-22,1.7,Low
2024-09-23,1.74,Low
2024-09-24,1.71,Low
2024-09-25,1.69,Low
2024-09-26,1.69,Low
2024-09-27,1.7,Low
2024-09-28,1.71,Low
2024-09-29,1.72,Low
2024-09-30,1.73,Low
2024-10-01,1.74,Low
2024-10-02,1.74,Low
2024-10-03,1.67,Low
2024-10-04,1.67,Low
2024-10-05,1.67,Low
2024-10-06,1.67,Low
2024-10-07,1.65,Low
2024-10-08,1.65,Low
2024-10-09,1.64,Low
2024-10-10,1.65,Low
2024-10-11,1.67,Low
2024-10-12,1.68,Low
2024-10-13,1.68,Low
2024-10-14,1.68,Low
2024-10-15,1.68,Low
2024-10-16,1.68,Low
2024-10-17,1.68,Low
2024-10-18,1.69,Low
2024-10-19,1.74,Low
2024-10-20,1.77,Low
2024-10-21,1.77,Low
2024-10-22,1.75,Low
2024-10-23,1.74,Low
2024-10-24,1.73,Low
2024-10-25,1.73,Low
2024-10-26,1.72,Low
2024-10-27,1.77,Low
2024-10-28,1.82,Low
2024-10-29,1.82,Low
2024-10-30,1.83,Low
2024-10-31,1.81,Low
2024-11-01,1.8,Low
2024-11-02,1.82,Low
2024-11-03,1.82,Low
2024-11-04,1.88,Low
2024-11-05,1.9,Low
2024-11-06,1.91,Low
2024-11-07,1.93,Low
2024-11-08,1.98,Low
2024-11-09,1.98,Low
2024-11-10,1.94,Low
2024-11-11,1.93,Low
2024-11-12,1.93,Low
2024-11-13,1.96,Low
2024-11-14,1.95,Low
2024-11-15,1.95,Low
2024-11-16,1.96,Low
2024-11-17,1.97,Low
2024-11-18,1.98,Low
2024-11-19,2.0,Low
2024-11-20,2.01,Low
2024-11-21,2.01,Low
2024-11-22,2.09,Low
2024-11-23,2.09,Low
2024-11-24,2.09,Low
2024-11-25,2.08,Rising
2024-11-26,2.08,Rising
2024-11-27,2.08,Rising
2024-11-28,2.1,Rising
2024-11-29,2.11,Rising
2024-11-30,2.15,Rising
2024-12-01,2.19,Rising
2024-12-02,2.19,Rising
2024-12-03,2.21,Rising
2024-12-04,2.28,Rising
2024-12-05,2.26,Rising
2024-12-06,2.24,Rising
2024-12-07,2.23,Rising
2024-12-08,2.22,Rising
2024-12-09,2.21,Rising
2024-12-10,2.27,Rising
2024-12-11,2.27,Rising
2024-12-12,2.27,Rising
2024-12-13,2.27,Rising
2024-12-14,2.28,Rising
2024-12-15,2.3,Rising
2024-12-16,2.31,Rising
2024-12-17,2.33,Rising
2024-12-18,2.33,Rising
2024-12-19,2.33,Rising
2024-12-20,2.33,Rising
2024-12-21,2.35,Rising
2024-12-22,2.36,Rising
2024-12-23,2.38,Rising
2024-12-24,2.4,Rising
2024-12-25,2.43,Rising
2024-12-26,2.48,Rising
2024-12-27,2.5,Rising
2024-12-28,2.52,Rising
2024-12-29,2.55,Rising
2024-12-30,2.55,Rising
2024-12-31,2.54,Rising
2025-01-01,2.54,Rising
2025-01-02,2.54,Rising
2025-01-03,2.55,Rising
2025-01-04,2.57,Rising
2025-01-05,2.6,Rising
2025-01-06,2.64,Rising
2025-01-07,2.65,Rising
2025-01-08,2.67,Rising
2025-01-09,2.68,Rising
2025-01-10,2.7,Rising
2025-01-11,2.72,Rising
2025-01-12,2.74,Rising
2025-01-13,2.75,Rising
2025-01-14,2.75,Rising
2025-01-15,2.76,Rising
2025-01-16,2.78,Rising
2025-01-17,2.8,Rising
2025-01-18,2.84,Rising
2025-01-19,2.84,Rising
2025-01-20,2.85,Rising
2025-01-21,2.86,Rising
2025-01-22,2.87,Rising
2025-01-23,2.88,Rising
2025-01-24,2.89,Rising
2025-01-25,2.9,Rising
2025-01-26,2.91,Rising
2025-01-27,2.92,Rising
2025-01-28,2.93,Rising
2025-01-29,2.98,Rising
2025-01-30,3.0,Rising
2025-01-31,2.98,Rising
2025-02-01,3.02,Rising
2025-02-02,3.1,High
2025-02-03,3.11,High
2025-02-04,3.13,High
2025-02-05,3.17,High
2025-02-06,3.19,High
2025-02-07,3.22,High
2025-02-08,3.24,High
2025-02-09,3.3,High
2025-02-10,3.35,High
2025-02-11,3.36,High
2025-02-12,3.38,High
2025-02-13,3.39,High
2025-02-14,3.39,High
2025-02-15,3.39,High
2025-02-16,3.38,High
2025-02-17,3.37,High
2025-02-18,3.34,High
2025-02-19,3.33,High
2025-02-20,3.32,High
2025-02-21,3.31,High
2025-02-22,3.28,High
2025-02-23,3.22,High
2025-02-24,3.21,High
2025-02-25,3.19,High
2025-02-26,3.17,High
2025-02-27,3.19,High
2025-02-28,3.18,High
2025-03-01,3.17,High
2025-03-02,3.15,High
2025-03-03,3.15,High
2025-03-04,3.12,High
2025-03-05,3.1,High
2025-03-06,3.09,High
2025-03-07,3.08,High
2025-03-08,3.07,Falling
2025-03-09,3.06,Falling
2025-03-10,3.05,Falling
2025-03-11,3.02,Falling
2025-03-12,2.98,Falling
2025-03-13,2.97,Falling
2025-03-14,2.97,Falling
2025-03-15,2.96,Falling
2025-03-16,2.95,Falling
2025-03-17,2.94,Falling
2025-03-18,2.93,Falling
2025-03-19,2.92,Falling
2025-03-20,2.93,Falling
2025-03-21,2.94,Falling
2025-03-22,2.95,Falling
2025-03-23,2.98,Falling
2025-03-24,3.01,Falling
2025-03-25,3.04,Falling
2025-03-26,3.07,Falling
2025-03-27,3.08,Falling
2025-03-28,3.1,Rising
2025-03-29,3.1,Rising
2025-03-30,3.12,Rising
2025-03-31,3.12,Rising
2025-04-01,3.11,Rising
2025-04-02,3.11,Rising
2025-04-03,3.1,Rising
2025-04-04,3.09,Rising
2025-04-05,3.08,Rising
2025-04-06,3.07,High
2025-04-07,3.06,High
2025-04-08,3.05,High
2025-04-09,3.04,High
2025-04-10,3.02,High
2025-04-11,3.0,High
2025-04-12,3.0,High
2025-04-13,3.03,High
2025-04-14,3.05,High
2025-04-15,3.07,High
2025-04-16,3.1,High
2025-04-17,3.13,High
2025-04-18,3.18,High
2025-04-19,3.25,High
2025-04-20,3.3,High
2025-04-21,3.33,High
2025-04-22,3.36,High
2025-04-23,3.39,High
2025-04-24,3.42,High
2025-04-25,3.46,High
2025-04-26,3.47,High
2025-04-27,3.49,High
2025-04-28,3.49,High
2025-04-29,3.51,High
2025-04-30,3.52,High
2025-05-01,3.54,High
2025-05-02,3.55,High
2025-05-03,3.57,High
2025-05-04,3.58,High
2025-05-05,3.61,High
2025-05-06,3.62,High
2025-05-07,3.61,High
2025-05-08,3.6,High
2025-05-09,3.59,High
2025-05-10,3.58,High
2025-05-11,3.56,High
2025-05-12,3.57,High
2025-05-13,3.58,High
2025-05-14,3.59,High
2025-05-15,3.6,High
2025-05-16,3.61,High
2025-05-17,3.62,High
2025-05-18,3.6,High
2025-05-19,3.58,High
2025-05-20,3.5,High
2025-05-21,3.45,High
2025-05-22,3.38,High
2025-05-23,3.28,High
2025-05-24,3.2,High
2025-05-25,3.14,High
2025-05-26,3.06,High
2025-05-27,2.98,High
2025-05-28,2.97,Falling
2025-05-29,2.91,Falling
2025-05-30,2.9,Falling
2025-05-31,2.8,Falling
2025-06-01,2.8,Falling
2025-06-02,2.7,Falling
2025-06-03,2.74,Falling
2025-06-04,2.71,Falling
2025-06-05,2.68,Falling
2025-06-06,2.61,Falling
2025-06-07,2.61,Falling
2025-06-08,2.59,Falling
2025-06-09,2.58,Falling
2025-06-10,2.55,Falling
2025-06-11,2.55,Falling
2025-06-12,2.56,Falling
2025-06-13,2.55,Falling
2025-06-14,2.54,Falling
2025-06-15,2.49,Falling
2025-06-16,2.48,Falling
2025-06-17,2.47,Falling
2025-06-18,2.45,Falling
2025-06-19,2.46,Falling
2025-06-20,2.44,Falling
2025-06-21,2.42,Falling
2025-06-22,2.41,Falling
2025-06-23,2.43,Falling
2025-06-24,2.37,Falling
2025-06-25,2.36,Falling
2025-06-26,2.34,Falling
2025-06-27,2.37,Falling
2025-06-28,2.32,Falling
2025-06-29,2.3,Falling
2025-06-30,2.29,Falling
2025-07-01,2.34,Falling
2025-07-02,2.34,Falling
2025-07-03,2.34,Falling
2025-07-04,2.34,Falling
2025-07-05,2.33,Falling
2025-07-06,2.33,Falling
2025-07-07,2.33,Falling
2025-07-08,2.32,Falling
2025-07-09,2.31,Falling
2025-07-10,2.31,Falling
2025-07-11,2.31,Falling
2025-07-12,2.31,Falling
2025-07-13,2.3,Falling
2025-07-14,2.29,Falling
2025-07-15,2.28,Falling
2025-07-16,2.27,Falling
2025-07-17,2.26,Falling
2025-07-18,2.24,Falling
2025-07-19,2.22,Falling
2025-07-20,2.21,Falling
2025-07-21,2.2,Falling
2025-07-22,2.19,Falling
2025-07-23,2.17,Falling
2025-07-24,2.17,Falling
2025-07-25,2.17,Falling
2025-07-26,2.16,Falling
2025-07-27,2.16,Falling
2025-07-28,2.15,Falling
2025-07-29,2.13,Falling
2025-07-30,2.11,Falling
2025-07-31,2.1,Falling
